Verkiezing;;Gemeenteraad Leeuwarden 2022;;;;;;;;;;;;;;;;;;;;;;;;;;;;;;;;;;;;;;;;;;;;;;;;;;;;;;;;;;;;;;;;;;;;;;;;;;;;;;;;;;;;;;;;;;;;;;;;;;;;;;;;;;;
Datum;;2022-03-16;;;;;;;;;;;;;;;;;;;;;;;;;;;;;;;;;;;;;;;;;;;;;;;;;;;;;;;;;;;;;;;;;;;;;;;;;;;;;;;;;;;;;;;;;;;;;;;;;;;;;;;;;;;
Gebied;;Gemeente Leeuwarden;;;;;;;;;;;;;;;;;;;;;;;;;;;;;;;;;;;;;;;;;;;;;;;;;;;;;;;;;;;;;;;;;;;;;;;;;;;;;;;;;;;;;;;;;;;;;;;;;;;;;;;;;;;
Nummer;;0080;;;;;;;;;;;;;;;;;;;;;;;;;;;;;;;;;;;;;;;;;;;;;;;;;;;;;;;;;;;;;;;;;;;;;;;;;;;;;;;;;;;;;;;;;;;;;;;;;;;;;;;;;;;
;;;;;;;;;;;;;;;;;;;;;;;;;;;;;;;;;;;;;;;;;;;;;;;;;;;;;;;;;;;;;;;;;;;;;;;;;;;;;;;;;;;;;;;;;;;;;;;;;;;;;;;;;;;;;
Lijstnummer;Aanduiding;Volgnummer;Naam kandidaat;Totaal;Obe;Zalen Schaaf;Stadsschouwburg De Harmonie;Wijkgebouw De Toekomst;Pelikaankerk;M.f.c. Westenkwartier;NHL Stenden Hogeschool;Stembureau Tylkedam;Wijkcentrum Bilgaard;Adventkerk;M.f.c. Westeinde;Piter Jelles !mpulse;Cultureel Centrum Mahatma Gandhi;De Fontein;Autobedrijf Haaima Hylkema;Autobedrijf Haaima Hylkema;MG Rehoboth;Wijkgebouw Cambuursterhoek;Emmastate;Wijkgebouw Insulinde;Wijkcentrum Schieringen;M.f.c. Camminghastins;Gymlokaal IKC Trianova;De Schakel;Gymlokaal Algraschool;Gymlokaal De Wielen;Gymlokaal Menno van Coehoorn;Buurthuis It Skiphûs;Wijkcentrum 't Knooppunt;Gymlokaal Drachtsterweg;Husmaherne;Hollanderhuuske;Wijkgebouw Gerard Dou;Cultuurcentrum Leeuwarden;Wijkcentrum Nijlân;Piter Jelles YnSicht;Leeuwarder Lyceum;Leeuwarder Lyceum;Wijkcentrum Froskenburch;Wijkcentrum Froskenburch;Lekkum Dorpshuis De Weeme;Hempens Dorpshuis de Bining;Goutum Dorpshuis Ien en Mien;Wirdum Dorpshuis de Golle;Wytgaard Parochiezaal RK Kerk;M.f.c. Màrkant;Oranje Hotel;Provinciehuis;MG Rehoboth;M.f.c. Camminghastins;Het Buiten-land Pitch & Putt;Goutum Dorpshuis Ien en Mien;Parkkerk;Gymlokaal Wollegaastdam;NHL Stenden Hogeschool;Gymlokaal Telemannstraat;Hotel Van der Valk;Bethelkerk;Grou Sporthal de Twine;Grou Sint Piterkerk;Grou Het Theehuis;Warten Gereformeerde kerk;Wergea Us Doarpshûs;Reduzum Gymlokaal Trije Doarpen Skoalle;Jirnsum M.f.c. It Kattehûs;Stiens It Span;Stiens M.f.c. de Skalm;Koarnjum De Bining;Hijum Dorpshuis de Kampioen;Britsum Gereformeerde kerk;Stiens De Hege Stins;Stiens Sportcentrum It Gryn;Stiens Sportcentrum It Gryn;Alde Leie Us Gebou;Mantgum M.f.c. De Wjukken;Baard De Greidefûgel;Weidum Dorpshuis;Stadsschouwburg De Harmonie;NHL Stenden Hogeschool;M.f.c. Westeinde;Emmastate;M.f.c. Camminghastins;Hollanderhuuske;Wijkcentrum Froskenburch;Hempens Dorpshuis de Bining;Goutum Dorpshuis Ien en Mien;Provinciehuis;Grou Het Theehuis;Wergea Us Doarpshûs;Stiens It Span;Mantgum M.f.c. De Wjukken;Stadsschouwburg De Harmonie;NHL Stenden Hogeschool;M.f.c. Westeinde;Emmastate;M.f.c. Camminghastins;Hollanderhuuske;Wijkcentrum Froskenburch;Hempens Dorpshuis de Bining;Goutum Dorpshuis Ien en Mien;Provinciehuis;Grou Het Theehuis;Wergea Us Doarpshûs;Stiens It Span;Mantgum M.f.c. De Wjukken
Gebiednummer;;;;;1;2;3;4;5;6;7;8;9;10;11;12;13;14;15;16;17;18;19;20;21;22;23;24;25;26;27;28;29;30;31;32;33;34;35;36;37;38;39;40;41;42;43;44;45;46;47;48;49;50;51;52;53;54;55;57;58;60;61;62;63;64;65;66;67;68;69;70;71;72;73;74;76;77;78;79;80;1001;1002;1003;1004;1005;1006;1007;1008;1009;1010;1011;1012;1013;1014;2001;2002;2003;2004;2005;2006;2007;2008;2009;2010;2011;2012;2013;2014
Postcode;;;;;8911 DP;8911 GJ;8911 BP;8913 GL;8916 AE;8915 CD;8917 DD;8918 LW;8918 HV;8918 AA;8915 DZ;8915 HA;8922 AC;8922 CP;8923 EL;8923 EL;8921 HA;8921 TL;8921 AG;8924 AS;8924 EJ;8925 CK;8926 NA;8925 AZ;8925 AG;8925 GZ;8921 BJ;8937 AP;8933 GS;8934 BV;8934 BL;8932 ET;8932 JG;8932 CT;8931 CX;8931 EG;8935 AB;8935 AB;8935 SC;8935 SC;9081 AS;9086 CH;9084 BB;9088 AP;9089 BG;8939 CC;8911 AG;8911 KZ;8921 HA;8925 CK;8939 DA;9084 BB;8932 DD;8918 GE;8917 DD;8915 CC;8941 BR;8934 BK;9001 LB;9001 AA;9001 BG;9003 MG;9005 PL;9008 TB;9011 VJ;9051 BC;9051 BR;9056 PW;9054 KK;9055 MG;9051 ER;9051 LP;9051 LP;9071 XG;9022 BD;8834 XM;9024 EL;8911 BP;8917 DD;8915 DZ;8921 AG;8925 CK;8932 ET;8935 SC;9086 CH;9084 BB;8911 KZ;9001 BG;9005 PL;9051 BC;9022 BD;8911 BP;8917 DD;8915 DZ;8921 AG;8925 CK;8932 ET;8935 SC;9086 CH;9084 BB;8911 KZ;9001 BG;9005 PL;9051 BC;9022 BD
;opgeroepenen;;;101870;1484;1643;1625;1774;1738;1495;1358;1418;1270;1519;1507;1530;1530;1495;1571;1844;1290;1243;1526;1289;1536;1362;1487;1408;1429;1409;1386;1393;1641;1593;1026;1544;1380;1502;1603;1608;1335;1629;1313;1416;540;1545;1439;912;497;1246;1227;1717;1334;1417;1485;1448;1232;1149;1608;1041;1780;1127;1484;1738;1450;755;1497;1023;1082;1249;1249;705;455;781;1243;942;1461;210;1128;631;894;0;0;0;0;0;0;0;0;0;0;0;0;0;0;0;0;0;0;0;0;0;0;0;0;0;0;0;0
;geldige stempas;;;47226;511;526;840;1093;1019;451;687;340;678;510;850;268;380;548;311;620;404;476;479;349;422;493;596;629;529;909;359;192;618;267;462;543;720;420;662;579;564;525;515;506;327;581;681;526;305;653;416;820;373;471;716;667;567;221;455;303;755;447;906;540;570;372;676;535;503;432;677;360;200;458;693;534;488;84;516;375;469;305;265;213;140;263;211;226;149;231;187;210;80;185;88;453;389;334;215;447;222;266;175;308;290;304;110;299;139
;geldig volmachtbewijs;;;4766;47;33;73;124;98;38;84;26;73;63;87;42;27;32;25;80;33;44;27;29;35;60;63;57;53;99;36;16;59;21;52;38;58;28;40;41;62;56;54;49;32;67;91;67;37;78;27;68;31;35;76;101;54;25;45;28;116;41;110;41;67;49;77;75;49;47;73;48;19;47;66;58;55;11;61;36;61;29;21;21;8;26;18;27;16;16;11;14;8;18;15;30;50;28;15;36;25;24;20;32;33;24;17;30;23
;geldige kiezerspas;;;1;0;0;0;0;0;0;0;0;0;0;0;0;0;0;0;0;0;0;0;0;0;0;0;0;0;0;0;0;0;0;0;0;0;0;0;0;0;0;0;0;0;0;0;0;0;0;0;0;0;0;1;0;0;0;0;0;0;0;0;0;0;0;0;0;0;0;0;0;0;0;0;0;0;0;0;0;0;0;0;0;0;0;0;0;0;0;0;0;0;0;0;0;0;0;0;0;0;0;0;0;0;0;0;0;0
;toegelaten kiezers;;;51993;558;559;913;1217;1117;489;771;366;751;573;937;310;407;580;336;700;437;520;506;378;457;553;659;686;582;1008;395;208;677;288;514;581;778;448;702;620;626;581;569;555;359;648;772;593;342;731;443;888;404;506;793;768;621;246;500;331;871;488;1016;581;637;421;753;610;552;479;750;408;219;505;759;592;543;95;577;411;530;334;286;234;148;289;229;253;165;247;198;224;88;203;103;483;439;362;230;483;247;290;195;340;323;328;127;329;162
;geldige stembiljetten;;;51723;551;556;910;1217;1111;487;766;365;744;570;934;310;402;579;333;700;432;518;500;372;451;547;654;683;581;1005;391;205;672;287;513;577;774;439;700;613;625;579;569;556;356;645;770;591;341;728;439;880;403;503;788;768;617;245;497;329;864;484;1012;578;635;417;747;607;552;476;747;406;219;502;752;592;542;94;572;408;529;332;285;234;148;286;228;252;165;246;196;224;88;201;103;477;439;362;228;481;247;289;195;340;322;326;125;329;162
;blanco stembiljetten;;;165;5;2;4;0;4;1;2;0;3;0;1;0;2;1;0;0;4;2;4;4;5;4;5;3;1;1;4;2;3;1;1;2;1;7;0;5;0;0;0;0;3;1;1;0;1;1;4;4;2;3;4;0;2;0;2;1;5;4;4;3;2;0;1;0;0;3;2;2;0;2;5;0;0;0;2;2;1;0;0;0;0;1;0;1;0;0;2;0;0;2;0;1;0;0;1;1;0;1;0;0;1;1;2;0;0
;ongeldige stembiljetten;;;91;2;1;0;0;2;1;2;1;4;3;2;0;3;0;3;0;1;0;2;2;1;2;0;0;0;2;0;1;2;0;0;2;3;2;2;1;1;2;0;0;0;1;1;2;0;2;0;2;0;0;1;0;2;0;2;1;0;0;0;0;0;2;4;2;0;0;1;0;0;1;1;0;1;1;3;1;0;2;1;0;0;2;0;0;0;1;0;0;0;0;0;1;0;0;1;1;0;0;0;0;0;1;0;0;0
;aangetroffen stembiljetten;;;51979;558;559;914;1217;1117;489;770;366;751;573;937;310;407;580;336;700;437;520;506;378;457;553;659;686;582;1008;395;208;677;288;514;581;778;448;702;619;626;581;569;556;359;647;772;593;342;731;443;886;405;506;793;768;621;245;501;331;869;488;1016;581;637;419;752;609;552;479;750;408;219;505;758;592;543;95;577;411;530;334;286;234;148;289;228;253;165;247;198;224;88;203;103;479;439;362;230;483;247;290;195;340;323;328;127;329;162
;meer stembiljetten dan toegelaten kiezers;;;4;0;0;1;0;0;0;0;0;0;0;0;0;0;0;0;0;0;0;0;0;0;0;0;0;0;0;0;0;0;0;0;0;0;0;0;0;0;0;0;1;0;0;0;0;0;0;0;0;1;0;0;0;0;0;1;0;0;0;0;0;0;0;0;0;0;0;0;0;0;0;0;0;0;0;0;0;0;0;0;0;0;0;0;0;0;0;0;0;0;0;0;0;0;0;0;0;0;0;0;0;0;0;0;0;0
;minder stembiljetten dan toegelaten kiezers;;;18;0;0;0;0;0;0;1;0;0;0;0;0;0;0;0;0;0;0;0;0;0;0;0;0;0;0;0;0;0;0;0;0;0;0;0;1;0;0;0;0;0;1;0;0;0;0;0;2;0;0;0;0;0;1;0;0;2;0;0;0;0;2;1;1;0;0;0;0;0;0;1;0;0;0;0;0;0;0;0;0;0;0;1;0;0;0;0;0;0;0;0;4;0;0;0;0;0;0;0;0;0;0;0;0;0
;kiezers met stembiljet hebben niet gestemd;;;2;0;0;0;0;0;0;0;0;0;0;0;0;0;0;0;0;0;0;0;0;0;0;0;0;0;0;0;0;0;0;0;0;0;0;0;0;0;0;0;0;0;0;0;0;0;0;0;0;0;0;0;0;0;0;0;0;1;0;0;0;0;0;0;0;0;0;0;0;0;0;1;0;0;0;0;0;0;0;0;0;0;0;0;0;0;0;0;0;0;0;0;0;0;0;0;0;0;0;0;0;0;0;0;0;0
;er zijn te weinig stembiljetten uitgereikt;;;0;0;0;0;0;0;0;0;0;0;0;0;0;0;0;0;0;0;0;0;0;0;0;0;0;0;0;0;0;0;0;0;0;0;0;0;0;0;0;0;0;0;0;0;0;0;0;0;0;0;0;0;0;0;0;0;0;0;0;0;0;0;0;0;0;0;0;0;0;0;0;0;0;0;0;0;0;0;0;0;0;0;0;0;0;0;0;0;0;0;0;0;0;0;0;0;0;0;0;0;0;0;0;0;0;0
;er zijn te veel stembiljetten uitgereikt;;;0;0;0;0;0;0;0;0;0;0;0;0;0;0;0;0;0;0;0;0;0;0;0;0;0;0;0;0;0;0;0;0;0;0;0;0;0;0;0;0;0;0;0;0;0;0;0;0;0;0;0;0;0;0;0;0;0;0;0;0;0;0;0;0;0;0;0;0;0;0;0;0;0;0;0;0;0;0;0;0;0;0;0;0;0;0;0;0;0;0;0;0;0;0;0;0;0;0;0;0;0;0;0;0;0;0
;geen verklaring;;;17;0;0;1;0;0;0;0;0;0;0;0;0;0;0;0;0;0;0;0;0;0;0;0;0;0;0;0;0;0;0;0;0;0;0;0;1;0;0;0;1;0;1;0;0;0;0;0;2;0;0;0;0;0;1;0;0;1;0;0;0;0;2;1;1;0;0;0;0;0;0;0;0;0;0;0;0;0;0;0;0;0;0;1;0;0;0;0;0;0;0;0;4;0;0;0;0;0;0;0;0;0;0;0;0;0
;andere verklaring;;;2;0;0;0;0;0;0;1;0;0;0;0;0;0;0;0;0;0;0;0;0;0;0;0;0;0;0;0;0;0;0;0;0;0;0;0;0;0;0;0;0;0;0;0;0;0;0;0;0;0;0;0;0;0;0;1;0;0;0;0;0;0;0;0;0;0;0;0;0;0;0;0;0;0;0;0;0;0;0;0;0;0;0;0;0;0;0;0;0;0;0;0;0;0;0;0;0;0;0;0;0;0;0;0;0;0
1;Partij van de Arbeid (P.v.d.A.);;;9730;119;111;168;244;198;75;162;81;250;138;156;51;90;107;66;179;96;106;76;71;105;127;123;157;137;189;76;28;140;46;120;131;113;99;161;108;118;122;105;109;85;91;107;65;41;97;67;180;68;110;126;97;140;89;111;53;104;78;194;115;120;55;158;151;120;63;110;44;29;60;95;72;96;11;69;47;57;92;56;64;25;54;50;54;25;31;48;58;26;36;29;87;98;65;50;111;57;55;36;61;62;60;28;53;26
;;1;de Haan, H.G.;3660;13;32;46;77;88;24;63;32;88;53;67;30;26;41;25;62;41;50;25;31;25;47;38;62;64;75;25;19;49;16;55;34;44;41;70;56;53;44;42;47;34;23;34;29;18;48;25;42;24;45;52;37;43;21;35;31;28;33;82;43;40;21;30;60;41;42;44;17;7;24;48;26;46;6;33;24;28;32;20;35;9;15;26;17;11;14;11;22;5;15;21;26;24;31;10;50;23;22;20;25;22;23;9;23;15
;;2;de Koning, E.;1862;41;22;35;53;47;14;41;17;38;23;42;8;22;26;14;19;13;28;14;9;9;11;26;38;23;32;21;2;34;11;25;30;18;15;35;21;27;28;23;23;20;31;30;18;9;16;11;39;7;15;31;27;25;14;21;6;18;15;27;14;10;9;12;22;22;9;17;14;5;7;12;16;11;1;15;10;9;18;12;9;9;13;10;16;4;6;11;3;0;10;1;21;20;16;15;18;12;13;7;12;8;8;1;9;7
;;3;Kuiken, H.;451;12;5;10;9;9;3;9;3;12;7;12;1;1;5;3;3;2;4;8;4;6;3;6;5;9;12;7;0;9;1;4;9;3;2;3;2;3;5;6;8;3;3;6;2;2;6;0;11;4;1;2;6;2;2;2;1;3;2;9;1;6;2;4;9;15;1;3;0;1;1;8;9;6;0;0;1;1;5;4;5;0;5;0;7;1;0;4;3;1;0;0;12;6;1;5;9;2;3;1;3;8;2;0;3;1
;;4;Antolović-Tipurić, M.;652;11;6;16;20;12;2;9;4;11;2;4;3;4;5;3;7;10;11;7;0;6;21;21;18;16;23;0;2;9;5;10;18;5;8;3;6;5;8;5;3;6;6;6;1;4;6;7;15;4;25;11;7;18;3;10;5;9;8;5;2;6;5;1;3;4;1;5;3;0;2;2;1;5;3;6;2;1;6;3;2;2;6;1;5;0;3;8;1;0;3;1;4;8;5;4;14;1;4;3;8;5;4;1;2;1
;;5;Visser, D.;160;3;2;4;9;5;7;0;0;8;1;9;0;2;2;1;2;0;2;0;2;3;3;1;1;1;5;0;0;4;2;1;2;5;1;4;1;0;0;2;3;1;5;2;0;1;1;2;5;0;0;1;0;4;0;1;1;3;4;1;0;1;1;1;2;1;0;0;0;1;0;1;0;1;0;0;0;0;1;2;0;0;0;0;1;0;0;1;0;0;0;0;1;1;5;0;4;0;3;0;0;0;1;0;1;0
;;6;van Santen, E.B.M.;350;3;1;8;3;4;1;1;2;2;9;1;0;2;1;1;0;5;2;0;0;2;3;0;1;1;2;2;0;1;1;2;2;5;0;3;1;5;2;2;4;0;1;4;2;4;4;0;5;3;2;2;1;3;0;3;0;2;0;1;7;4;10;88;31;2;1;1;0;1;4;1;1;2;0;7;4;4;3;2;1;0;1;1;3;1;0;2;2;16;2;2;1;0;0;2;1;0;0;0;0;1;2;14;2;1
;;7;Zarza, S.;361;7;8;6;15;6;8;1;2;3;0;1;0;7;5;5;9;6;1;3;4;8;16;8;16;8;9;4;2;5;1;1;6;2;4;7;2;7;6;3;1;0;3;2;2;0;2;3;10;4;10;4;4;8;10;6;1;4;2;3;4;3;0;1;5;0;2;1;1;0;1;3;1;6;0;1;0;0;2;3;3;2;4;1;1;2;1;2;0;0;0;0;4;3;1;2;3;1;0;1;4;0;0;0;1;0
;;8;de Caluwe, J.;88;4;0;0;2;1;1;1;0;2;0;1;0;0;0;0;1;1;0;0;1;1;0;0;2;0;1;0;0;1;0;0;2;1;1;1;0;1;0;2;0;0;0;3;3;1;0;0;4;0;0;0;2;1;0;1;0;22;0;2;0;0;1;2;0;0;0;0;0;0;0;3;0;2;0;0;0;0;0;0;0;0;0;3;0;0;1;0;0;0;0;0;1;0;0;0;0;1;3;0;3;0;1;0;0;0
;;9;Abdullah Abdi, A.;711;5;7;12;13;5;6;9;10;75;28;8;1;11;3;5;48;6;2;6;15;31;10;13;3;3;11;8;1;7;4;8;9;6;2;8;5;1;8;7;10;10;5;3;1;1;4;9;21;6;2;4;3;6;34;13;2;4;6;3;2;3;0;3;7;3;1;14;7;1;0;3;1;2;0;0;0;1;5;0;0;0;6;3;2;0;2;5;1;2;3;0;6;22;0;4;8;3;4;1;2;11;3;0;2;1
;;10;Aalbers, B.;61;0;3;1;1;3;2;2;0;0;1;0;1;0;0;0;0;0;1;0;0;2;1;0;3;2;3;0;0;1;1;1;1;0;0;0;0;2;3;1;0;0;0;0;1;0;1;0;1;2;1;2;2;1;0;0;0;0;0;0;1;1;2;0;0;0;0;0;0;0;0;0;0;1;0;1;0;0;0;0;2;0;1;0;0;1;0;0;0;0;0;0;0;1;0;0;0;1;0;0;0;1;1;0;0;0
;;11;Douma, R.I.S.;209;7;10;3;8;3;1;2;1;2;3;0;3;4;0;1;3;1;0;4;1;3;0;1;0;2;2;2;0;4;0;1;7;5;8;8;8;4;6;2;0;0;1;4;2;0;2;3;10;1;4;3;1;3;1;5;1;6;1;0;3;1;1;0;0;0;0;1;0;0;0;0;1;1;0;0;0;3;7;2;2;0;0;1;0;1;2;1;0;0;0;0;1;2;1;3;0;2;1;1;0;3;0;0;0;0
;;12;de Boer, M.;194;4;4;8;14;6;0;7;2;2;3;3;0;3;2;1;4;1;0;3;0;0;1;2;2;2;9;0;0;4;1;7;0;7;3;4;3;6;2;1;1;3;1;6;0;0;2;0;2;1;0;1;2;11;0;0;2;1;2;3;0;0;0;0;1;0;0;3;0;0;2;1;1;1;0;0;0;1;3;3;1;0;0;1;0;0;0;0;1;0;1;1;2;3;3;0;1;1;1;1;1;1;0;0;0;0
;;13;Kaya, C.;69;0;0;1;2;1;0;2;0;3;2;2;0;1;5;4;6;2;1;0;1;1;2;0;0;3;0;0;2;3;0;0;1;0;0;1;0;0;0;0;0;0;0;1;0;0;0;0;0;2;0;3;2;1;0;1;0;2;0;0;0;0;1;0;0;0;0;1;0;0;0;3;0;0;0;0;0;0;0;0;3;0;0;0;0;0;1;0;0;0;0;0;0;0;0;0;0;0;1;0;0;1;0;0;0;0
;;14;Schaafstal, W.T.;17;0;0;3;0;0;0;0;0;0;0;1;1;0;0;0;0;0;0;0;0;0;0;1;0;0;0;0;0;0;0;0;0;0;0;0;0;1;0;1;1;0;0;0;0;0;0;1;0;0;0;0;1;0;0;1;0;0;1;1;0;0;0;0;0;0;0;0;0;0;0;0;0;0;0;0;0;0;1;0;0;0;0;0;0;0;0;0;0;0;0;0;0;0;0;0;0;0;0;0;0;0;0;0;2;0
;;15;van Barneveld, A.;171;0;0;0;1;0;2;0;0;0;1;1;0;0;1;0;0;1;0;0;0;0;2;0;0;0;0;2;0;0;0;0;1;2;2;2;1;0;0;0;0;0;1;0;0;0;0;0;2;1;0;2;0;1;0;0;0;0;0;40;30;27;0;0;2;9;0;1;0;0;0;2;2;0;0;0;0;0;0;0;0;0;0;0;0;0;0;0;21;0;0;0;2;0;0;0;0;0;0;0;0;1;8;0;0;0
;;16;van Doremalen, J.M.;16;0;0;1;0;0;0;2;0;0;0;0;0;0;0;1;0;0;0;0;0;0;0;0;0;0;0;0;0;1;0;1;0;0;0;3;0;0;0;0;3;0;0;0;0;0;0;0;0;0;0;0;0;1;0;0;0;0;0;0;0;0;0;0;0;0;0;0;0;0;0;0;0;0;0;0;0;0;0;0;0;0;0;0;0;0;0;0;0;0;0;0;0;1;1;0;0;0;0;1;0;0;0;0;0;0
;;17;Leach, R.A.;67;4;2;2;2;1;1;1;2;2;0;0;0;1;5;0;0;0;0;4;0;0;1;0;0;2;2;2;0;0;0;1;3;0;4;1;0;0;0;5;2;1;0;0;0;0;0;2;7;0;0;0;0;0;1;0;1;0;0;0;0;0;1;0;0;0;0;0;0;0;0;0;0;0;0;0;0;0;0;0;0;0;0;0;0;0;0;0;0;0;0;1;0;0;0;0;1;1;0;0;0;0;1;0;0;0
;;18;Schagen, K.L.;44;1;0;2;1;0;0;3;0;0;0;0;1;0;2;0;3;2;0;0;1;0;1;2;0;0;0;0;0;0;1;0;0;1;0;1;0;0;0;0;0;0;2;0;0;0;0;1;0;1;1;1;0;1;0;0;0;0;0;0;0;0;0;0;0;0;0;0;0;0;0;0;0;0;0;0;0;0;2;3;0;0;0;1;0;1;0;0;0;0;0;0;2;2;0;0;0;2;0;0;2;0;0;0;0;0
;;19;Heijs, T.N.;45;1;1;0;2;1;0;0;0;0;0;0;0;0;0;1;1;2;0;0;0;2;0;0;0;0;0;0;0;0;0;0;0;1;0;4;1;2;2;0;1;1;0;0;1;0;0;0;0;1;0;1;0;2;1;0;0;1;1;1;0;0;0;0;0;0;0;0;0;0;0;0;0;1;0;0;0;0;1;1;0;1;0;0;1;1;0;1;0;0;0;0;0;1;0;3;1;1;0;0;0;0;0;0;0;0
;;20;Landstra, V.;67;0;2;2;3;2;0;2;1;0;0;1;0;0;0;0;3;1;1;0;2;2;0;1;0;0;0;0;0;1;1;1;3;3;2;0;0;0;2;0;0;0;3;2;0;0;0;1;3;2;2;2;0;2;0;1;1;1;0;0;0;0;0;0;1;0;0;3;0;0;0;3;0;0;0;0;0;0;0;0;0;0;0;0;0;1;0;1;0;0;1;0;0;0;0;0;0;0;0;0;0;0;0;0;1;0
;;21;Bakker, A.M.;52;0;0;0;0;0;0;0;0;1;0;0;0;2;0;0;1;0;0;0;0;0;0;0;1;0;0;0;0;0;0;0;1;0;1;0;0;0;1;0;1;0;0;0;0;0;0;0;0;0;0;0;0;0;0;0;0;0;2;9;3;7;0;0;4;1;0;0;0;0;0;0;0;5;0;0;1;1;1;0;0;0;0;0;0;0;1;0;3;0;0;0;0;0;0;0;0;0;0;0;0;0;5;0;0;0
;;22;Bijsterbosch, C.G.;59;0;0;0;0;0;1;2;0;0;2;1;0;0;0;0;0;0;0;0;0;0;2;0;0;0;0;0;0;1;0;0;0;0;0;1;1;0;0;0;0;0;0;1;0;0;1;0;0;1;0;0;0;1;0;1;0;0;0;0;0;0;0;0;0;0;3;6;0;12;2;1;7;0;1;0;3;1;0;1;0;0;0;0;0;0;0;0;0;0;0;1;2;0;0;1;0;0;0;0;0;0;0;0;2;0
;;23;Coenen, D.;10;0;0;0;0;0;0;0;0;0;0;0;0;0;0;0;0;0;0;0;0;1;0;0;0;0;1;1;0;0;0;0;0;0;0;0;0;0;0;0;0;0;2;0;0;0;0;0;0;0;0;0;0;1;0;2;0;0;0;0;0;0;0;0;0;0;0;0;1;0;0;0;0;0;0;0;0;0;0;0;0;0;0;0;0;0;0;0;0;0;0;0;0;0;1;0;0;0;0;0;0;0;0;0;0;0
;;24;Cornelisse, P.B.;28;0;0;0;0;0;0;0;0;0;0;0;0;0;0;0;3;1;0;0;0;0;0;0;0;0;0;0;0;0;0;0;0;1;0;0;0;0;0;0;0;0;0;0;0;0;0;0;0;0;0;0;0;0;0;0;0;0;0;0;0;0;0;0;0;22;0;0;0;0;0;0;0;0;0;0;0;0;0;0;0;0;0;0;0;0;0;0;0;0;0;0;0;1;0;0;0;0;0;0;0;0;0;0;0;0
;;25;Fopma, S.;20;0;0;0;0;0;0;0;0;0;0;0;0;0;0;0;0;0;0;0;0;1;2;0;1;0;0;0;0;1;0;0;0;0;0;0;0;0;0;1;0;1;0;0;0;0;0;1;0;0;0;0;0;0;0;1;0;0;0;0;0;0;0;0;0;0;0;0;0;0;0;0;0;0;0;4;2;5;0;0;0;0;0;0;0;0;0;0;0;0;0;0;0;0;0;0;0;0;0;0;0;0;0;0;0;0
;;26;Gaastra, J.J.;44;2;5;1;2;1;0;1;1;1;1;1;0;0;1;0;1;0;0;0;0;1;1;0;0;0;0;0;0;0;1;0;1;0;1;0;0;0;1;1;0;0;0;0;0;0;2;1;0;0;0;0;0;2;0;1;0;0;1;0;0;1;1;1;0;0;0;0;0;0;0;0;0;1;0;0;0;0;2;0;1;0;0;0;0;0;0;0;0;0;0;0;1;0;0;0;0;2;0;0;1;0;0;1;0;0
;;27;Kiemel, J.;27;0;0;0;0;0;0;0;0;0;0;0;0;1;0;0;0;0;0;0;0;0;0;0;0;0;0;0;0;0;0;0;0;0;0;0;0;0;0;0;0;0;0;0;1;0;0;0;0;0;0;1;0;0;0;0;0;0;0;6;5;10;0;0;1;0;0;0;0;0;0;0;0;0;0;0;0;0;0;0;0;0;0;0;0;0;0;0;1;0;0;0;0;0;0;0;0;0;0;0;0;0;1;0;0;0
;;28;de Kroon, H.;32;0;0;0;1;0;0;0;0;0;0;1;0;2;0;0;0;0;0;0;0;0;0;0;0;0;0;0;0;0;0;0;0;0;0;1;0;0;0;0;0;0;0;0;0;0;1;0;0;0;0;0;1;0;0;0;0;0;0;0;0;0;0;0;0;0;2;6;1;1;0;3;5;1;0;0;0;0;0;0;0;0;1;0;0;0;0;0;0;0;1;0;0;0;0;0;1;0;0;0;0;0;0;0;3;0
;;29;Martens, W.M.;29;0;1;0;0;0;1;0;0;0;0;0;0;1;0;0;0;0;0;0;0;0;0;0;0;0;0;0;0;0;0;1;0;0;0;0;0;0;0;0;0;1;0;1;0;0;1;0;0;0;0;2;0;0;0;0;0;0;0;0;0;0;0;15;0;0;0;0;0;0;0;0;0;0;0;0;0;1;0;0;0;0;0;0;1;0;0;0;0;1;0;0;0;0;0;0;0;0;0;0;0;0;0;2;0;0
;;30;Seerden-Wagenaar, E.;39;0;0;2;1;1;0;3;0;0;1;0;0;0;0;0;0;0;1;0;0;1;0;1;1;1;1;0;0;2;0;0;1;0;4;1;0;0;2;1;0;0;0;0;0;0;0;0;0;1;1;1;0;2;0;1;0;0;0;0;0;0;0;0;0;0;0;1;0;0;1;0;0;1;0;0;0;0;0;0;0;0;0;0;0;1;0;0;0;0;0;0;0;2;0;0;0;2;0;0;0;0;0;0;0;0
;;31;Visser, W.W.;53;0;0;5;4;1;0;0;1;0;1;0;2;0;1;0;0;0;1;0;0;0;0;2;2;0;0;1;0;1;0;1;0;4;0;0;0;1;0;0;1;0;3;1;1;1;0;0;0;1;0;0;1;0;0;3;0;0;0;0;0;0;0;0;0;0;0;1;0;0;0;0;0;1;0;1;0;0;3;0;0;1;1;0;0;0;0;0;0;1;0;1;0;0;0;1;0;2;0;0;0;0;0;0;0;0
;;32;Zwart, K.J.;17;0;0;0;0;1;1;1;1;0;0;0;0;0;0;1;1;0;0;0;0;0;0;0;0;0;0;0;0;1;0;0;0;0;0;0;0;0;0;0;0;2;0;0;0;0;0;0;1;0;1;0;0;0;1;1;0;0;0;1;0;0;0;0;0;0;0;0;0;0;0;0;0;0;0;0;0;1;0;0;0;0;1;0;0;0;0;0;0;0;0;0;1;0;0;0;0;0;0;0;0;0;0;0;0;0
;;33;de Voogd, U.C.;65;1;0;0;1;0;0;0;2;0;0;0;0;0;2;0;2;1;1;2;0;0;0;0;1;0;1;1;0;1;0;0;0;0;0;0;0;0;2;0;0;2;1;1;1;0;0;0;2;2;0;0;0;1;1;1;1;0;0;0;0;0;0;0;3;0;1;2;0;0;16;1;1;2;0;1;0;0;0;0;0;1;0;2;0;0;0;1;0;0;0;0;0;1;0;0;0;0;0;0;0;0;0;0;2;0
2;CDA;;;4946;51;29;64;124;150;45;72;22;46;50;120;30;19;51;24;61;17;26;23;15;19;36;46;55;69;94;33;12;35;20;44;22;52;36;59;63;80;54;47;38;28;76;61;81;64;82;29;48;28;31;58;45;37;13;33;36;81;39;147;92;90;65;105;56;72;52;115;36;33;75;130;76;76;11;52;38;63;32;33;40;12;26;14;17;21;22;17;30;15;36;3;45;40;51;18;47;17;22;17;20;29;44;12;46;13
;;1;Reitsma, A.P.W.;2096;19;16;22;54;69;24;39;10;26;32;40;14;10;17;18;33;8;15;10;8;9;23;31;34;38;58;13;6;16;7;24;9;24;24;37;38;45;34;35;20;23;37;29;39;22;45;12;28;15;16;32;23;21;8;17;17;34;25;15;9;7;12;20;5;20;9;40;16;9;30;31;18;26;5;17;17;31;17;11;12;9;15;11;9;13;9;10;6;3;7;3;19;19;12;9;31;11;15;8;6;14;7;3;11;7
;;2;van der Meulen-Diever, F.M.;865;6;1;10;16;15;3;6;3;4;4;7;2;1;9;2;2;4;2;3;2;3;6;9;9;6;10;1;0;7;1;5;7;7;2;6;5;5;5;6;6;0;15;10;13;7;13;3;5;2;7;6;9;3;0;3;4;12;4;114;73;60;19;42;30;26;2;7;2;0;4;3;2;3;0;7;5;11;7;6;1;1;3;1;2;4;5;0;19;7;2;0;12;8;3;2;0;2;0;3;3;4;30;3;2;1
;;3;Atsma, J.B.;477;5;0;6;3;8;1;1;0;0;1;10;2;0;4;0;0;0;1;0;1;2;2;0;0;2;6;0;0;2;1;2;1;1;2;1;4;1;2;0;1;0;4;2;1;3;3;1;5;3;0;1;3;1;0;1;1;8;1;2;2;1;4;4;0;1;32;44;0;19;25;80;40;32;3;1;1;0;1;2;2;0;0;0;2;1;3;0;0;0;21;0;4;2;2;1;2;1;1;0;2;0;0;0;28;0
;;4;Wiersma, W.;220;2;2;6;13;15;0;11;2;1;1;5;1;3;1;1;6;2;2;1;0;0;0;2;2;5;4;0;0;1;0;4;1;10;3;4;3;3;1;0;1;1;6;5;0;0;4;2;4;3;1;5;1;2;0;2;1;7;3;0;0;1;0;4;0;0;1;2;4;0;1;0;1;1;0;0;0;0;4;2;0;0;2;0;0;1;2;5;0;0;1;0;2;4;5;0;2;3;1;0;1;4;0;0;0;0
;;5;van den Berg, A.J.;49;0;0;0;0;0;1;0;0;2;1;1;1;0;2;0;1;0;0;0;0;0;0;0;0;0;2;0;1;1;2;0;0;0;1;0;1;1;1;1;1;0;1;1;1;0;2;2;1;0;0;2;0;3;0;0;0;0;2;0;0;1;1;0;0;0;0;0;1;0;0;0;1;0;0;0;0;0;0;0;1;0;0;0;0;1;0;0;0;0;0;0;0;0;0;0;1;0;0;3;1;0;0;0;0;2
;;6;Tjalsma, A.F.;153;6;5;7;4;7;1;2;0;0;1;15;1;1;2;0;2;0;0;3;0;0;1;0;2;3;1;1;0;5;0;0;0;3;1;3;0;2;4;0;3;1;2;1;0;0;1;2;2;0;1;2;4;0;0;5;1;1;0;0;0;1;0;0;1;0;0;5;1;0;2;1;0;3;0;2;2;0;2;2;2;0;0;0;1;0;3;0;0;0;0;0;0;3;7;1;1;0;1;1;1;0;0;0;1;0
;;7;Hoedemaker, T.J.;346;6;5;4;15;21;12;8;3;9;7;14;5;0;5;0;4;1;3;5;3;4;2;2;2;8;5;15;2;1;3;6;2;0;2;0;5;7;0;3;4;1;3;5;3;2;4;2;2;1;3;6;0;1;1;2;9;4;1;3;0;0;1;0;3;3;0;1;2;0;0;1;8;3;0;3;0;0;1;5;10;1;4;1;0;1;0;0;0;0;0;0;4;3;14;2;9;0;0;2;3;5;0;0;0;0
;;8;Schinkel, D.A.;51;0;0;1;1;5;0;0;2;0;0;1;0;0;1;0;1;0;0;0;1;0;0;0;0;0;0;0;1;0;2;1;0;0;0;0;0;0;1;1;0;0;0;0;1;0;0;1;0;0;0;0;0;0;2;1;0;0;0;3;4;10;0;0;0;2;0;0;0;0;0;0;0;0;0;2;0;0;0;0;1;0;0;0;0;0;0;0;3;0;0;0;1;0;0;0;0;0;0;0;0;0;1;0;0;0
;;9;Wijnsma, S.;55;0;0;1;5;1;0;1;0;1;0;0;1;0;5;0;2;0;1;0;0;0;0;0;0;0;4;1;1;0;0;1;0;0;0;1;1;2;0;0;0;0;0;3;0;0;2;1;0;0;2;2;0;2;0;0;1;2;0;0;0;1;0;1;0;0;0;0;1;0;0;0;0;0;0;0;0;0;0;0;0;1;2;0;2;0;0;0;0;0;0;0;0;0;0;1;1;0;0;0;0;1;0;0;0;0
;;10;Tamminga, S.;183;0;0;0;6;4;3;1;1;3;1;18;3;1;1;0;1;1;0;0;0;1;0;0;1;2;1;2;1;2;0;0;0;2;0;5;0;1;4;0;1;0;0;2;3;6;0;0;0;3;0;0;0;1;0;0;0;3;1;3;1;0;16;1;5;5;1;7;6;4;1;4;0;0;0;2;9;5;0;2;8;0;0;1;0;0;0;1;0;1;2;0;0;1;7;0;0;0;2;0;2;0;0;0;0;0
;;11;Meinderts, A.;85;0;0;0;0;3;0;0;0;0;1;1;0;1;2;0;1;0;0;1;0;0;0;0;1;0;0;0;0;0;0;0;1;2;0;1;2;2;0;0;0;2;0;0;3;7;0;1;0;1;0;0;0;0;0;0;0;0;0;1;0;0;7;22;2;1;1;0;0;0;0;1;0;0;1;0;1;0;0;2;2;0;0;0;0;0;0;1;0;4;0;0;0;0;0;2;0;0;0;0;0;0;0;4;0;0
;;12;Jansen, T.K.;30;0;0;0;0;0;0;0;0;0;0;0;0;0;0;0;0;0;0;0;0;0;1;0;0;0;0;0;0;0;0;0;0;0;0;0;0;2;0;0;0;0;0;0;0;0;2;0;0;0;0;0;0;0;1;0;0;4;0;0;0;0;0;0;0;0;0;0;0;0;0;1;0;0;1;12;0;1;0;0;0;0;0;0;0;0;0;0;0;0;0;0;0;0;0;0;0;0;0;0;1;0;0;0;1;3
;;13;Valk, Y.;8;0;0;0;0;0;0;0;0;0;0;0;0;0;0;0;0;1;0;0;0;0;0;0;0;0;0;0;0;0;0;0;0;0;0;0;0;0;0;0;0;0;0;0;0;1;0;0;0;0;0;0;0;0;0;0;0;0;0;0;1;0;0;0;0;0;0;1;0;0;0;0;0;0;0;0;3;1;0;0;0;0;0;0;0;0;0;0;0;0;0;0;0;0;0;0;0;0;0;0;0;0;0;0;0;0
;;14;van Gunst, J.;11;0;0;0;0;0;0;0;0;0;0;0;0;0;0;0;0;0;0;0;0;0;0;0;3;0;0;0;0;0;0;0;0;0;0;0;0;0;0;0;0;0;0;0;0;0;0;0;0;0;0;1;0;0;0;0;0;1;0;0;0;0;0;0;0;0;0;0;0;0;0;0;0;0;0;0;0;6;0;0;0;0;0;0;0;0;0;0;0;0;0;0;0;0;0;0;0;0;0;0;0;0;0;0;0;0
;;15;Kamphuis, B.;20;0;0;0;0;0;0;0;0;0;1;0;0;0;0;1;0;0;0;0;0;0;0;0;0;0;0;0;0;0;0;0;0;0;0;0;0;1;0;0;0;0;6;2;0;0;3;0;0;0;0;0;3;0;0;0;0;1;1;0;0;0;1;0;0;0;0;0;0;0;0;0;0;0;0;0;0;0;0;0;0;0;0;0;0;0;0;0;0;0;0;0;0;0;0;0;0;0;0;0;0;0;0;0;0;0
;;16;van de Lageweg, W.;40;0;0;1;0;0;0;0;0;0;0;0;0;0;0;0;0;0;0;0;0;0;0;0;0;1;1;0;0;0;0;0;0;1;0;0;1;0;0;1;0;0;1;0;3;5;2;0;0;0;0;0;2;0;0;0;0;1;0;0;0;2;0;3;1;2;0;0;0;0;0;0;0;0;1;3;0;6;0;0;0;0;0;0;0;0;0;0;1;0;0;0;0;0;1;0;0;0;0;0;0;0;0;0;0;0
;;17;Brouwer, S.;39;0;0;2;2;0;0;1;0;0;0;2;0;0;1;0;0;0;0;0;0;0;0;0;0;1;0;0;0;0;0;0;0;0;0;1;0;0;0;0;0;0;0;0;0;0;0;0;0;0;0;0;0;0;0;0;0;0;0;0;0;0;0;0;0;0;2;5;0;1;5;7;2;2;0;0;0;0;0;0;0;0;0;0;1;0;0;0;0;0;2;0;0;0;0;0;0;0;0;0;0;0;0;0;2;0
;;18;Meinderts, M.M.;26;0;0;0;0;0;0;1;0;0;0;1;0;0;0;0;0;0;0;0;0;0;0;0;0;1;0;0;0;0;0;0;0;1;0;0;1;0;0;0;0;0;0;0;2;0;1;0;0;0;1;0;0;0;0;0;2;0;0;4;1;4;0;3;1;0;1;0;0;0;0;0;0;0;0;0;0;0;0;0;0;0;0;0;0;0;0;0;0;0;0;0;0;0;0;0;0;0;0;0;0;0;1;0;0;0
;;19;Roorda, B.A.;32;0;0;0;0;0;0;0;0;0;0;1;0;0;0;0;0;0;0;0;0;0;0;0;0;0;0;0;0;0;0;0;0;1;0;0;0;0;0;0;0;0;0;0;1;7;0;0;0;0;0;0;0;0;0;0;0;0;0;1;1;2;2;1;2;3;0;0;1;0;3;0;0;0;0;2;0;0;0;0;0;0;0;0;0;0;0;0;1;0;0;0;0;0;0;0;0;0;0;0;0;0;1;2;0;0
;;20;Zuidema-Haans, W.M.A.A.;20;1;0;1;1;0;0;0;0;0;0;3;0;0;0;0;5;0;0;0;0;0;1;0;0;0;0;0;0;0;0;0;1;0;0;0;0;1;0;0;0;0;0;1;0;1;0;1;0;0;0;0;0;0;0;1;0;0;0;0;0;0;0;0;0;0;1;0;0;0;0;0;0;0;0;0;0;0;0;0;0;0;0;0;0;0;0;0;0;0;1;0;0;0;0;0;0;0;0;0;0;0;0;0;0;0
;;21;Osinga, T.J.;18;0;0;0;1;0;0;0;0;0;0;0;0;0;0;0;0;0;0;0;0;0;0;1;0;0;0;0;0;0;0;0;0;0;0;0;0;0;0;0;0;0;1;0;0;0;0;0;1;0;0;0;0;0;0;0;0;0;0;0;0;0;0;0;0;0;1;3;1;0;0;0;3;5;0;0;0;0;0;0;0;0;0;0;0;0;0;0;0;0;0;0;0;0;0;0;0;0;0;0;0;0;0;0;1;0
;;22;Miedema, IJ.J.;13;0;0;0;0;0;0;0;0;0;0;1;0;0;0;0;0;0;0;0;0;0;0;0;0;0;0;0;0;0;0;0;0;0;0;0;0;1;0;0;0;0;0;0;9;1;0;0;0;0;0;0;0;0;0;0;0;0;0;0;0;0;0;1;0;0;0;0;0;0;0;0;0;0;0;0;0;0;0;0;0;0;0;0;0;0;0;0;0;0;0;0;0;0;0;0;0;0;0;0;0;0;0;0;0;0
;;23;Boelens, T.A.;9;0;0;0;0;0;0;0;0;0;0;0;0;0;0;0;0;0;0;0;0;0;0;0;0;0;0;0;0;0;1;0;0;0;0;0;0;3;0;0;1;0;0;0;0;0;0;0;0;0;0;0;0;0;0;0;0;0;1;0;0;0;0;0;0;0;1;0;0;0;0;0;0;1;0;0;0;0;0;0;1;0;0;0;0;0;0;0;0;0;0;0;0;0;0;0;0;0;0;0;0;0;0;0;0;0
;;24;van Huizen, A.M.;9;0;0;0;0;0;0;0;0;0;0;0;0;0;0;1;1;0;0;0;0;0;0;1;0;0;0;0;0;0;0;0;0;0;0;0;0;0;1;0;0;0;0;0;0;0;0;0;0;0;0;0;0;1;0;0;0;2;0;0;0;0;0;0;0;0;0;0;0;0;0;0;0;0;0;0;0;0;0;0;0;0;0;0;0;0;0;0;0;0;0;0;1;0;0;0;0;0;0;0;0;1;0;0;0;0
;;25;Stienstra, J.;7;0;0;0;0;0;0;0;0;0;0;0;0;0;0;0;0;0;0;0;0;0;0;0;0;0;0;0;0;0;0;0;0;0;0;0;0;1;0;0;0;0;0;0;0;1;0;0;0;0;0;0;0;0;0;0;0;0;0;0;0;0;0;0;0;0;0;0;1;0;4;0;0;0;0;0;0;0;0;0;0;0;0;0;0;0;0;0;0;0;0;0;0;0;0;0;0;0;0;0;0;0;0;0;0;0
;;26;Schuurmans, F.W.L.;12;0;0;0;0;0;0;0;0;0;0;0;0;0;0;0;0;0;0;0;0;0;0;0;0;0;0;0;0;0;0;0;0;0;0;0;0;0;0;0;0;0;0;0;0;1;0;0;0;0;0;0;0;0;0;0;0;0;0;0;0;0;1;0;6;3;0;0;0;0;0;0;0;0;0;1;0;0;0;0;0;0;0;0;0;0;0;0;0;0;0;0;0;0;0;0;0;0;0;0;0;0;0;0;0;0
;;27;Elzinga, P.A.F.;11;0;0;0;0;0;0;0;1;0;0;0;0;0;0;0;0;0;0;0;0;0;0;0;0;0;1;0;0;0;0;0;0;0;0;0;0;0;0;0;0;0;0;0;0;0;0;0;0;0;0;0;0;0;0;0;0;0;0;0;0;0;0;0;0;5;0;0;0;0;0;0;0;0;0;0;0;0;0;0;0;0;0;0;0;0;0;0;0;0;0;0;0;0;0;0;0;0;0;0;0;0;4;0;0;0
;;28;Hofman, T.;13;1;0;0;0;2;0;0;0;0;0;0;0;1;0;0;0;0;1;0;0;0;0;0;0;0;0;0;0;0;2;0;0;0;1;0;2;0;0;0;0;0;0;0;0;0;0;1;0;0;0;0;0;0;0;0;0;0;0;0;0;0;0;0;0;0;0;0;0;0;0;1;0;0;0;0;0;1;0;0;0;0;0;0;0;0;0;0;0;0;0;0;0;0;0;0;0;0;0;0;0;0;0;0;0;0
;;29;Bruinsma, F.;8;0;0;0;0;0;0;0;0;0;0;0;0;0;0;0;0;0;0;0;0;0;0;0;0;1;0;0;0;0;0;0;0;0;0;0;0;0;1;0;0;0;0;0;0;0;0;0;0;0;0;0;0;0;1;0;0;0;0;1;0;0;1;2;0;1;0;0;0;0;0;0;0;0;0;0;0;0;0;0;0;0;0;0;0;0;0;0;0;0;0;0;0;0;0;0;0;0;0;0;0;0;0;0;0;0
;;30;Douwstra, R.F.;40;5;0;3;3;0;0;1;0;0;0;0;0;1;1;1;2;0;1;0;0;0;0;0;1;1;1;0;0;0;1;1;0;0;0;0;0;2;0;0;0;0;0;0;2;0;0;0;0;0;0;1;0;2;0;1;0;1;0;0;0;0;0;1;0;0;0;0;0;0;0;0;1;0;0;0;0;1;0;1;0;0;0;0;0;0;0;0;0;0;0;0;2;0;0;0;0;0;2;0;0;0;0;0;0;0
3;VVD;;;4436;50;53;90;154;97;52;71;21;35;30;77;18;24;27;37;53;28;32;26;19;24;38;33;66;44;140;21;9;48;11;41;29;55;18;49;56;59;57;38;41;31;99;85;34;19;136;42;53;24;44;128;117;40;11;67;26;113;33;96;69;79;18;46;41;52;38;46;19;18;14;42;50;63;7;50;26;44;20;28;13;13;24;17;35;19;25;22;18;3;15;10;57;28;23;14;44;15;22;21;36;35;38;3;26;21
;;1;Visser, M.E.;2167;23;17;42;85;57;20;26;11;19;19;33;10;10;7;22;26;15;20;14;9;13;23;16;39;23;71;14;5;26;7;22;10;26;10;28;28;32;26;19;13;14;51;29;20;11;61;12;20;11;23;70;49;19;8;31;17;56;12;37;34;33;10;23;18;29;17;28;11;8;9;19;28;41;4;16;16;16;10;9;10;7;13;12;19;7;13;11;8;2;9;6;26;10;14;7;24;7;13;9;12;15;13;2;17;15
;;2;van der Sloot, P.;765;8;12;16;24;12;18;15;3;3;1;14;1;6;7;7;11;2;5;5;3;3;5;7;6;9;34;1;0;11;3;5;4;11;0;9;9;13;11;3;13;7;21;20;7;1;28;9;9;4;11;18;28;11;1;18;5;15;7;11;6;13;0;8;7;8;5;5;1;0;2;7;6;6;2;7;1;9;3;5;1;1;6;4;3;7;5;3;0;0;5;1;11;4;6;3;8;3;5;2;6;5;8;0;4;2
;;3;Luik, G.;63;0;1;3;0;3;0;3;0;1;0;1;1;0;0;0;0;0;1;2;0;2;0;1;0;1;10;0;0;2;0;0;1;0;0;0;1;0;0;2;1;0;1;0;0;0;0;1;2;0;0;1;0;0;0;1;0;3;0;0;0;1;0;0;0;2;0;1;0;1;0;0;0;0;0;1;0;0;0;1;0;0;1;0;0;0;0;1;2;1;0;0;1;0;0;0;1;1;1;0;0;0;1;0;0;0
;;4;Geveke, A.F.;266;6;2;14;10;12;4;10;2;1;2;4;1;0;2;2;1;0;3;1;0;1;0;1;6;2;0;0;0;2;0;4;3;4;1;4;2;1;3;5;1;3;6;6;1;4;8;3;3;2;2;11;10;3;0;4;0;10;4;4;0;4;2;6;2;2;0;0;0;0;2;1;3;1;0;0;0;2;2;4;1;0;2;1;0;2;0;3;1;0;0;0;5;2;0;4;3;0;0;2;4;1;3;0;0;0
;;5;Terpstra, H.;134;0;0;1;4;3;1;0;0;0;0;1;0;1;0;0;0;0;0;0;0;1;0;0;0;0;1;0;3;3;0;0;0;1;1;0;1;3;0;0;0;0;2;1;0;0;3;0;0;0;1;6;0;1;0;0;1;2;2;3;1;3;2;3;1;3;2;3;2;5;0;1;1;0;0;25;9;10;0;0;0;1;0;0;0;0;0;0;0;0;0;3;1;0;1;0;1;1;0;0;1;2;1;0;1;3
;;6;Stevens, M.G.P.;20;0;0;1;0;0;0;0;0;0;0;0;0;1;0;0;0;0;0;0;0;0;1;0;0;0;0;3;0;0;0;0;0;0;0;0;0;0;0;0;0;0;0;0;0;0;0;1;0;0;0;0;0;0;1;1;0;0;0;1;0;2;1;0;0;0;0;0;0;0;0;0;3;1;0;0;0;0;0;0;0;0;0;0;0;0;0;0;0;0;1;0;0;0;0;0;0;2;0;0;0;0;0;0;0;0
;;7;Kolk, L.E.;150;1;4;0;10;3;0;0;3;0;0;4;0;0;1;2;1;3;0;1;0;1;2;0;2;0;2;0;0;0;0;1;1;7;1;0;3;7;7;6;8;1;0;6;0;0;5;2;3;1;0;1;5;5;1;0;1;8;2;1;0;0;0;0;0;0;0;0;0;0;0;0;0;3;0;0;0;0;1;0;0;0;0;0;12;0;0;2;0;0;0;0;2;0;0;0;3;0;2;0;0;1;0;0;1;0
;;8;van Lang, A.;83;1;3;1;5;0;1;0;0;0;0;3;2;0;0;0;6;0;2;0;2;0;2;1;3;2;1;1;0;1;0;0;0;0;0;1;2;0;0;0;0;0;3;2;3;0;4;1;4;0;0;1;1;0;0;0;0;5;0;1;0;0;0;0;2;0;1;1;0;0;0;1;1;0;0;0;0;1;0;1;1;0;1;0;0;0;0;0;0;0;0;0;0;1;0;0;0;0;0;2;3;1;0;1;0;0
;;9;Spoelstra, R.;107;1;2;1;1;0;0;1;0;1;0;2;0;0;2;2;1;2;0;2;1;3;1;0;6;3;6;0;0;0;0;1;2;0;0;2;0;0;2;1;0;0;5;2;1;0;4;3;0;2;3;6;5;0;0;0;0;3;0;4;3;0;0;0;3;0;1;1;0;0;0;1;2;1;0;0;0;0;0;0;0;0;0;0;0;0;2;0;0;0;0;0;1;0;1;0;0;0;0;0;5;1;0;0;1;0
;;10;Overbeek, J.D.T.;31;0;2;0;1;0;1;1;0;0;1;1;0;0;0;2;0;1;0;1;3;0;0;0;1;0;0;0;1;0;0;0;0;1;0;0;0;0;0;0;0;1;2;2;0;0;0;1;0;0;0;0;0;0;0;1;0;0;0;1;0;0;0;0;0;0;0;0;0;0;0;0;0;0;0;0;0;0;0;1;0;1;0;0;0;1;0;0;0;0;0;0;0;0;0;0;0;0;0;0;0;3;0;0;0;0
;;11;Gerbenzon, J.E.;23;3;0;2;0;0;0;0;0;0;0;0;0;1;0;0;0;1;0;0;0;0;0;0;0;0;0;0;0;0;0;0;2;1;0;1;1;0;0;1;0;0;1;1;0;0;0;0;0;0;0;1;0;0;0;0;0;1;0;0;0;0;0;0;0;0;0;0;0;0;0;2;0;0;0;0;0;0;0;1;0;0;0;0;0;0;1;0;0;0;0;0;0;0;0;0;0;0;0;0;1;1;0;0;0;0
;;12;Plomp, R.A.;17;0;2;1;0;1;1;0;0;0;0;1;0;0;0;0;0;0;0;0;0;0;0;0;0;0;0;0;0;0;0;1;0;0;0;0;1;0;0;0;0;0;0;0;0;0;1;0;0;0;1;0;2;0;0;1;0;0;0;0;0;0;0;1;0;0;0;1;0;0;0;0;0;0;0;0;0;0;0;1;0;0;0;0;0;0;0;0;0;0;0;0;0;1;0;0;0;0;0;0;0;0;0;0;0;0
;;13;Lira Coronado, P.Y.;21;0;1;1;1;0;0;1;0;0;0;2;0;0;0;0;0;0;0;0;0;0;1;1;0;0;0;0;0;0;0;0;0;0;0;0;0;0;0;0;0;0;1;0;0;0;1;1;0;0;0;2;0;0;0;1;1;1;0;0;1;0;0;0;0;0;1;3;0;0;0;0;0;0;0;0;0;0;0;0;0;0;0;0;0;0;0;0;0;0;0;0;0;0;0;0;0;0;0;0;0;0;0;0;0;0
;;14;Boskma, W.D.;26;0;0;2;1;0;0;1;1;0;0;0;0;0;0;0;1;0;0;0;0;0;0;0;0;1;2;0;0;0;0;0;0;0;0;0;2;0;2;0;0;1;0;0;0;0;0;2;0;1;0;0;2;0;0;2;1;0;0;0;0;0;0;0;0;0;0;0;0;0;0;0;0;0;0;0;0;0;0;0;0;0;0;0;0;0;0;1;0;0;0;0;0;2;0;0;0;1;0;0;0;0;0;0;0;0
;;15;Dijkgraaf, H.;21;1;0;0;3;0;0;1;0;0;0;0;0;0;0;0;1;0;0;0;0;0;0;0;0;0;0;0;0;0;0;0;0;1;0;1;1;0;0;0;0;3;0;0;0;0;0;0;0;0;0;0;1;0;0;2;0;0;0;1;0;0;0;0;0;1;1;0;0;0;0;0;0;0;0;0;0;0;0;0;0;0;0;0;0;0;0;0;0;0;0;0;0;0;0;0;0;0;0;0;0;1;2;0;0;0
;;16;Bouma, S.;82;0;0;0;0;0;0;1;0;2;0;1;0;0;0;0;0;1;0;0;0;0;0;0;1;0;0;0;0;0;0;0;1;0;0;0;0;2;0;0;0;0;0;1;0;0;0;0;1;0;1;0;0;0;0;0;0;1;0;21;5;10;3;2;6;4;0;0;0;1;0;0;0;0;0;0;0;5;0;0;0;0;0;0;0;0;0;1;3;0;0;0;0;0;0;0;0;0;0;0;0;0;7;0;0;1
;;17;van Balen Walter, H.J.;64;1;0;1;3;2;0;3;0;0;0;0;0;0;0;0;1;0;1;0;0;0;0;1;0;0;0;1;0;0;0;1;0;0;1;0;2;0;0;0;1;0;0;7;0;0;6;0;0;1;0;0;10;0;0;0;0;1;0;0;2;0;0;1;0;0;0;0;3;0;0;0;0;0;0;0;0;0;3;1;0;0;0;0;1;0;1;0;0;0;0;0;1;2;1;0;0;0;0;1;2;1;0;0;0;0
;;18;Poortman, C.J.;9;0;0;1;0;0;0;0;0;0;0;0;0;1;0;0;0;1;0;0;0;0;0;0;0;0;0;0;0;0;0;0;0;0;0;0;0;0;0;0;0;0;0;1;0;0;0;0;0;0;0;0;0;0;0;0;0;0;0;0;0;0;0;0;0;0;1;0;0;0;0;0;0;0;0;0;0;0;0;0;0;0;1;0;0;0;1;0;0;0;0;0;0;0;0;0;0;0;0;0;0;2;0;0;0;0
;;19;Huang, Z.;25;1;0;1;0;1;1;0;1;4;0;0;1;2;1;0;0;0;0;0;0;0;0;0;1;0;0;0;0;0;0;0;0;0;0;0;0;1;0;0;0;0;0;0;0;0;0;1;1;0;0;1;0;0;0;1;0;0;0;0;0;0;0;0;0;1;0;0;0;0;0;0;0;0;0;0;0;0;0;0;0;0;0;0;0;2;0;0;0;0;0;0;1;0;0;0;2;0;0;0;0;0;0;0;0;0
;;20;Krikke, D.B.S.;30;0;0;0;0;0;0;0;0;0;1;0;0;0;2;0;3;1;0;0;0;0;1;0;0;0;0;0;0;1;0;1;1;0;0;0;1;0;1;0;1;0;1;0;0;0;0;0;4;0;0;0;1;0;0;0;0;2;3;0;0;1;0;0;0;0;0;0;0;0;0;0;0;0;0;0;0;0;0;0;0;0;0;0;0;0;0;0;1;0;0;0;1;0;0;0;0;0;1;0;0;0;1;0;0;0
;;21;Jaarsma, G.;35;0;0;1;3;1;0;2;0;1;1;0;1;0;0;0;0;0;0;0;0;0;0;0;0;2;0;0;0;1;0;0;0;0;0;0;0;0;2;0;0;0;0;1;0;0;5;1;0;0;0;4;2;1;0;0;0;0;0;0;0;0;0;0;0;0;0;0;0;0;0;0;0;1;0;0;0;0;0;2;0;0;0;0;0;0;1;0;0;0;0;0;0;0;0;0;0;0;0;2;0;0;0;0;0;0
;;22;Brands, M.;16;0;1;0;2;1;0;0;0;0;0;1;0;0;0;0;0;0;0;0;0;0;1;0;0;0;1;0;0;0;0;0;0;0;0;0;0;0;0;0;0;0;0;1;0;0;1;2;2;0;0;0;0;0;0;0;0;0;0;0;0;0;0;0;0;0;0;0;0;0;0;0;0;1;0;0;0;0;0;0;0;2;0;0;0;0;0;0;0;0;0;0;0;0;0;0;0;0;0;0;0;0;0;0;0;0
;;23;Nijborg, K.;5;0;1;0;0;0;0;0;0;0;0;0;0;0;0;0;0;0;0;0;0;0;0;0;0;0;0;0;0;0;0;0;0;1;0;0;0;0;0;0;0;0;0;0;0;0;0;0;0;0;0;0;0;0;0;0;0;0;0;0;0;0;0;0;0;0;0;0;0;0;0;0;0;0;0;0;0;0;0;1;0;0;0;0;0;0;0;0;0;0;0;0;1;1;0;0;0;0;0;0;0;0;0;0;0;0
;;24;Bevers, N.A.M.M.;20;1;0;0;0;0;0;0;0;0;2;0;0;0;0;0;0;0;0;0;0;0;0;0;1;0;7;0;0;0;0;0;0;0;0;1;0;0;0;0;0;0;0;1;0;1;0;0;1;0;0;2;0;0;0;0;0;1;0;0;0;0;0;0;1;0;0;0;0;0;0;0;0;0;0;0;0;0;0;0;0;0;0;0;0;0;0;0;0;0;0;0;0;1;0;0;0;0;0;0;0;0;0;0;0;0
;;25;Terpstra-Alexandre, S.I.;46;0;0;0;0;0;0;0;0;0;0;1;0;0;0;0;0;0;0;0;0;0;0;0;0;0;0;0;0;0;0;0;1;1;0;0;0;0;0;0;0;0;1;0;0;0;0;0;1;0;0;0;0;0;0;1;0;3;0;2;0;0;0;0;0;0;4;3;2;3;0;6;6;8;0;1;0;0;0;0;0;0;0;0;0;0;0;0;0;0;0;0;0;0;0;0;0;0;0;0;0;0;0;0;2;0
;;26;Krikke, I.G.S.;61;0;1;1;0;0;0;0;0;0;0;0;1;0;0;0;0;0;0;0;0;0;0;1;0;0;1;0;0;0;1;0;0;0;0;1;0;0;1;0;0;0;0;0;2;1;1;0;0;0;1;1;0;0;0;0;0;0;0;8;15;12;0;2;1;2;0;0;0;0;0;0;0;0;0;0;0;0;0;0;0;0;0;0;0;0;0;0;3;0;0;0;0;2;0;0;0;0;0;0;0;0;2;0;0;0
;;27;de Vries, B.J.;24;0;4;0;0;0;0;0;0;1;0;1;0;0;1;0;0;0;0;0;0;0;0;0;0;0;0;0;0;1;0;1;0;0;0;0;0;0;1;0;0;0;1;1;0;0;1;0;0;1;1;1;0;0;0;0;0;1;0;0;0;0;0;0;0;0;2;0;0;0;0;0;0;0;0;0;0;0;1;0;0;0;0;0;0;0;1;0;0;0;0;0;0;0;0;0;1;0;0;1;0;1;0;0;0;0
;;28;van der Meulen, K.;18;0;0;0;0;0;0;0;0;0;0;0;0;2;0;0;0;0;0;0;0;0;0;2;0;0;0;0;0;0;0;1;0;1;0;0;0;0;0;0;0;0;2;0;0;0;3;1;0;0;0;0;0;0;0;0;0;0;0;0;0;0;0;0;0;0;0;0;0;0;0;0;0;0;0;0;0;0;0;0;0;0;0;0;0;0;0;0;0;0;0;0;6;0;0;0;0;0;0;0;0;0;0;0;0;0
;;29;van Mourik, T.;25;1;0;0;0;0;3;1;0;0;0;1;0;0;0;0;0;0;0;0;0;0;0;0;0;0;2;1;0;0;0;1;1;0;0;0;0;0;0;0;1;0;1;1;0;0;2;0;1;0;0;1;0;0;0;2;0;0;2;0;0;0;0;0;0;0;2;0;0;0;0;0;0;0;0;0;0;0;0;0;0;1;0;0;0;0;0;0;0;0;0;0;0;0;0;0;0;0;0;0;0;0;0;0;0;0
;;30;de Vries, A.;82;2;0;0;1;1;2;5;0;2;3;6;0;0;4;0;1;1;0;0;1;0;1;2;0;1;2;0;0;0;0;2;2;0;4;1;2;0;1;1;2;1;0;2;0;1;2;1;1;1;0;1;1;0;0;1;0;0;1;1;2;0;0;0;0;0;1;0;0;0;1;4;0;0;1;0;0;1;0;1;0;0;0;0;0;0;0;0;0;0;0;0;0;2;0;0;1;0;0;2;2;0;0;0;0;0
4;D66;;;3614;50;43;121;119;103;32;81;23;22;41;46;23;15;34;24;40;25;14;40;12;24;29;48;46;32;96;17;12;49;16;29;37;49;30;46;37;47;43;38;33;19;40;57;32;8;76;34;81;23;24;83;52;53;9;36;29;93;31;83;30;54;74;44;25;23;23;42;17;2;18;17;24;24;4;41;20;17;38;27;9;15;14;14;17;19;28;18;15;4;11;4;51;61;24;16;30;20;19;16;15;37;28;2;21;13
;;1;Tjeerdema, H.;2185;33;24;64;69;61;22;51;13;16;21;31;15;8;21;21;27;12;8;17;10;9;21;26;30;20;58;9;8;30;6;15;26;32;17;32;28;22;34;26;14;11;25;38;22;3;52;15;37;13;12;48;35;33;7;18;23;51;22;43;20;30;13;31;20;13;15;24;11;2;14;13;12;9;4;27;13;12;23;20;5;12;11;12;12;13;23;8;11;4;6;3;33;39;13;12;25;14;13;13;9;16;13;1;15;8
;;2;Bruijnincx, J.M.M.;334;5;6;16;16;11;4;7;1;1;5;6;1;1;3;1;6;5;3;5;1;3;4;6;3;7;11;2;0;4;1;5;2;3;6;1;4;7;1;6;0;0;4;3;3;2;7;6;13;2;5;4;4;3;1;4;1;9;2;8;2;2;2;4;2;3;3;0;1;0;2;1;2;2;0;1;1;1;5;0;0;0;2;1;1;2;3;2;0;0;2;0;6;6;0;2;0;2;3;1;1;3;1;0;0;1
;;3;Magré, J.A.;111;0;1;0;3;2;1;1;1;0;4;1;0;1;1;0;1;0;1;0;0;2;0;3;1;0;5;0;0;2;2;1;0;1;0;2;0;3;1;2;3;0;2;3;0;0;2;2;2;1;0;2;0;1;0;1;2;4;0;2;0;3;14;2;0;2;1;3;0;0;0;0;0;1;0;0;0;0;2;0;1;0;0;0;1;1;0;1;0;0;0;0;1;3;1;0;0;0;0;0;0;1;3;0;0;0
;;4;Copini, G.E.J.;280;4;5;9;6;12;2;7;1;1;5;4;4;3;3;0;0;1;0;9;1;5;2;2;4;1;8;2;1;3;1;1;3;6;6;8;1;8;2;1;8;4;0;5;1;1;4;4;8;1;2;10;2;6;1;5;2;8;2;3;2;2;1;6;0;1;2;1;2;0;0;1;1;2;0;3;0;1;2;0;0;1;0;0;3;1;1;3;1;0;1;0;4;4;3;0;0;1;2;0;0;4;2;1;2;0
;;5;Jansen, T.E.;62;0;0;3;0;3;0;3;1;0;0;0;2;0;0;1;1;0;0;0;0;0;0;1;1;0;1;0;1;0;0;3;1;0;0;2;0;0;0;2;0;0;4;0;0;0;5;1;0;1;0;14;3;0;0;1;1;4;0;0;0;0;0;0;0;0;0;0;0;0;0;0;0;0;0;0;0;0;0;0;0;0;0;0;0;0;0;0;0;0;0;0;0;0;0;0;0;0;0;1;1;0;0;0;0;0
;;6;Padmos, L.;105;2;3;4;4;1;1;3;0;1;2;0;0;0;1;0;2;1;0;2;0;0;0;1;2;3;2;1;0;4;3;0;0;3;1;0;2;4;2;0;3;0;0;2;0;0;1;2;8;2;0;0;3;1;0;0;0;3;2;0;0;1;0;0;0;0;0;1;0;0;0;0;0;0;0;0;2;0;2;4;0;0;0;0;0;0;0;1;0;0;0;0;0;2;2;1;2;0;0;1;2;2;0;0;0;0
;;7;Stuve, B.;75;3;1;6;6;2;0;0;1;1;1;0;0;0;1;0;0;1;2;1;0;1;1;4;2;0;4;0;0;1;2;2;0;1;0;0;0;2;2;0;0;0;1;1;2;0;1;0;1;1;2;2;0;0;0;1;0;1;0;1;0;1;0;0;0;2;0;1;0;0;0;0;1;0;0;0;0;0;1;0;0;0;0;0;0;0;0;0;0;0;0;0;3;1;0;0;2;0;0;0;0;1;0;0;0;0
;;8;Bos, D.A.;34;1;1;5;0;2;0;1;2;0;0;2;0;0;1;0;0;2;0;0;0;0;0;0;0;0;3;0;0;0;0;0;0;0;0;0;0;0;0;0;3;0;0;0;0;0;0;1;0;0;0;0;0;0;0;1;0;3;0;0;0;1;0;0;0;1;0;0;0;0;0;0;0;0;0;0;0;1;0;0;0;0;0;0;0;0;0;0;0;0;0;0;0;1;1;0;1;0;0;0;0;0;0;0;0;0
;;9;Wolters, R.;15;0;0;1;0;0;0;0;0;1;2;0;0;0;0;0;2;0;0;2;0;0;0;0;1;0;0;0;0;0;0;0;0;1;0;0;0;0;0;0;0;0;0;0;0;0;0;0;0;0;0;0;0;0;0;0;0;0;0;0;0;0;1;0;0;0;0;1;0;0;0;0;0;0;0;0;0;0;0;0;0;0;0;0;0;0;0;1;0;0;0;0;1;1;0;0;0;0;0;0;0;0;0;0;0;0
;;10;Douwstra, J.D.;41;0;0;1;1;0;0;1;0;1;0;0;0;0;1;0;0;0;0;0;0;0;1;0;0;0;1;0;0;0;0;0;0;0;0;0;0;0;0;0;1;0;0;0;0;0;1;0;0;0;0;0;0;1;0;0;0;1;0;0;0;0;0;0;0;0;1;8;0;0;0;1;7;8;0;0;0;0;0;0;0;0;0;0;0;0;0;0;0;0;0;0;0;0;0;0;0;0;0;0;1;1;0;0;3;0
;;11;Nugteren, A.W.;73;2;0;2;2;2;0;1;0;0;0;0;0;0;1;0;0;0;0;0;0;0;0;1;0;0;0;0;0;0;0;0;1;1;0;0;0;0;0;0;0;0;1;0;1;0;0;0;1;1;0;0;0;0;0;1;0;1;0;18;6;12;0;0;1;1;1;0;0;0;0;0;0;0;0;0;1;0;0;0;0;0;0;0;0;0;0;2;3;0;0;0;0;0;0;0;0;0;0;0;0;1;8;0;0;0
;;12;Oosterwijk, J.J.;26;0;0;0;0;1;0;0;0;0;0;0;0;0;0;0;0;0;0;0;0;0;0;0;0;1;0;0;0;0;0;0;0;0;0;0;0;0;0;0;0;0;0;0;0;0;0;0;3;0;0;0;0;0;0;0;0;0;0;0;0;0;0;0;1;0;0;0;0;0;0;0;0;0;0;10;1;1;0;0;0;0;0;0;0;0;0;0;0;0;0;1;0;0;0;1;0;0;0;0;0;2;0;0;0;4
;;13;Bijlsma, B.J.;65;0;0;1;2;0;0;1;0;0;0;0;0;0;0;0;0;0;0;1;0;1;0;2;1;0;0;0;0;1;0;0;0;0;0;0;0;1;0;0;0;2;2;1;0;0;0;0;3;0;0;1;0;1;0;0;0;1;0;4;0;1;30;1;1;0;0;1;1;0;0;0;0;0;0;0;0;0;0;0;0;1;0;0;0;0;0;0;0;0;0;0;1;0;0;0;0;0;0;0;1;0;1;0;0;0
;;14;Russchen, A.P.;22;0;0;2;1;0;0;0;1;0;0;1;1;0;0;0;0;0;0;0;0;0;0;0;0;0;0;0;0;0;0;0;0;1;0;0;0;0;0;0;0;0;0;2;0;0;0;2;0;0;0;0;0;0;0;0;0;2;1;3;0;0;1;0;0;0;0;0;0;0;0;0;0;0;0;0;0;0;2;0;0;0;0;0;0;2;0;0;0;0;0;0;0;0;0;0;0;0;0;0;0;0;0;0;0;0
;;15;Wieringa, K.;7;0;0;0;0;0;0;1;0;0;0;0;0;0;0;0;0;1;0;0;0;0;0;0;1;0;0;0;0;0;0;0;0;0;0;0;0;0;0;0;0;1;0;0;0;0;0;0;0;0;0;1;0;0;0;0;0;0;0;0;0;0;0;0;0;0;0;0;0;0;0;0;0;0;0;0;0;0;0;1;0;0;0;0;0;0;0;0;0;0;0;0;0;0;0;0;0;1;0;0;0;0;0;0;0;0
;;16;Bakker, P.D.;10;0;0;1;0;0;0;0;0;0;0;0;0;0;0;0;0;0;0;0;0;0;0;0;0;0;0;1;0;0;0;0;0;0;0;0;0;0;0;0;0;0;0;0;0;1;0;0;0;0;1;0;2;0;0;1;0;0;0;0;0;0;0;0;0;0;0;0;0;0;0;0;0;0;0;0;0;0;0;0;0;0;0;0;0;0;0;0;0;0;0;0;0;0;1;0;0;1;1;0;0;0;0;0;0;0
;;17;Clevering, T.;39;0;0;1;1;2;0;0;0;0;0;1;0;0;1;0;0;0;0;2;0;0;0;0;0;0;0;0;0;0;0;1;1;0;0;0;0;0;0;0;0;0;0;1;3;0;0;0;2;1;0;0;0;0;0;0;0;0;0;1;0;0;12;0;0;0;0;2;0;0;1;0;0;2;0;0;0;0;0;0;0;1;1;0;0;0;0;0;0;0;0;0;0;0;0;0;0;1;0;0;0;1;0;0;0;0
;;18;van der Veer, C.A.J.;4;0;0;0;0;0;0;0;0;0;0;0;0;0;0;0;0;0;0;0;0;0;0;0;0;0;0;0;0;0;0;0;0;0;0;0;0;0;0;0;0;0;0;0;0;0;0;0;0;0;0;0;2;0;0;0;0;0;0;0;0;0;0;0;0;0;0;0;0;0;0;0;0;0;0;0;0;0;0;1;0;0;0;0;0;0;0;0;0;0;0;0;0;0;1;0;0;0;0;0;0;0;0;0;0;0
;;19;van Beest, M.J.;12;0;1;2;0;1;0;0;0;0;0;0;0;0;0;0;0;0;0;0;0;0;0;0;0;0;0;0;0;0;0;0;0;0;0;0;0;0;0;0;0;0;0;1;0;0;1;0;0;0;0;0;0;0;0;0;0;0;1;0;0;1;0;0;0;0;0;0;0;0;0;0;0;0;0;0;1;0;1;0;1;0;0;0;0;0;0;0;0;0;0;0;1;0;0;0;0;0;0;0;0;0;0;0;0;0
;;20;Bloembergen, A.S.;10;0;0;2;0;0;1;0;0;0;0;0;0;1;0;0;0;0;0;0;0;0;0;0;0;0;0;0;0;0;0;0;0;0;0;0;0;0;0;0;1;0;0;0;0;0;0;1;1;0;0;0;0;1;0;0;0;0;0;0;0;0;0;0;0;0;0;0;0;0;0;0;0;0;0;0;0;0;0;0;0;0;0;1;0;0;0;0;0;0;0;0;0;0;1;0;0;0;0;0;0;0;0;0;0;0
;;21;Dijkstra, C.M.;18;0;0;0;2;0;0;0;0;0;0;0;0;1;0;0;0;1;0;0;0;0;0;1;0;0;2;0;0;0;0;0;0;0;0;0;2;0;0;0;0;0;0;0;0;0;0;0;0;0;0;0;0;3;0;0;0;2;0;0;0;0;0;0;0;0;0;0;0;0;0;0;0;0;0;0;1;0;0;0;0;0;0;0;0;0;1;0;0;0;0;0;0;1;0;0;0;0;0;0;0;1;0;0;0;0
;;22;Fräser, B.;15;0;0;0;1;0;0;1;0;0;1;0;0;0;0;0;0;0;0;0;0;1;0;0;0;0;0;0;0;3;1;0;0;0;0;1;0;0;0;0;0;0;0;0;0;0;0;0;1;0;0;0;0;0;0;1;0;1;0;0;0;0;0;0;0;0;0;0;0;0;0;0;0;0;0;0;0;0;0;1;0;0;0;0;0;0;0;0;0;0;0;0;0;0;0;0;0;0;0;0;0;2;0;0;0;0
;;23;Gaasenbeek, J.W.;4;0;1;0;0;0;0;0;0;0;0;0;0;0;0;0;0;0;0;0;0;0;0;0;0;0;0;0;1;0;0;0;0;0;0;0;0;0;0;0;0;0;0;0;0;0;0;0;0;0;0;0;0;0;0;0;0;0;0;0;0;0;0;0;0;0;0;0;0;0;0;0;1;0;0;0;0;0;0;0;0;0;0;0;0;0;0;0;0;0;0;0;1;0;0;0;0;0;0;0;0;0;0;0;0;0
;;24;Janssen-Jouwsma, S.J.P.W.;17;0;0;0;1;0;0;3;2;0;0;0;0;0;0;1;0;0;0;1;0;0;0;0;0;0;0;0;0;0;0;0;0;0;0;0;0;0;0;0;0;0;0;0;0;0;0;0;0;0;0;0;0;1;0;2;0;2;0;0;0;0;0;0;0;0;0;0;0;0;0;0;0;0;0;0;0;0;0;0;0;0;0;0;0;0;0;0;0;0;0;0;0;2;0;0;0;0;0;0;0;2;0;0;0;0
;;25;van der Knoop, S.J.R.;4;0;0;0;3;0;0;0;0;0;0;0;0;0;0;0;0;0;0;0;0;0;0;0;0;0;0;0;0;0;0;0;0;0;0;0;0;0;0;0;0;0;0;0;0;0;0;0;0;0;0;0;0;0;0;0;0;0;0;0;0;0;0;0;0;0;0;0;0;0;0;0;0;0;0;0;0;0;0;0;0;0;0;0;0;0;0;0;0;0;0;0;0;0;1;0;0;0;0;0;0;0;0;0;0;0
;;26;Koornstra, H.C.;6;0;0;0;0;0;0;0;0;0;0;0;0;0;0;0;0;0;0;0;0;0;0;0;0;0;0;0;0;0;0;0;0;0;0;0;0;0;0;1;0;1;0;0;0;0;0;0;0;0;0;0;1;1;0;0;0;0;0;0;0;0;0;0;0;0;0;0;0;0;0;0;0;0;0;0;0;0;0;0;0;0;0;0;0;0;0;0;0;0;2;0;0;0;0;0;0;0;0;0;0;0;0;0;0;0
;;27;Kuipers, T.G.;8;0;0;0;0;0;0;0;0;0;0;0;0;0;0;0;0;0;0;0;0;0;0;0;0;0;0;1;1;0;0;0;0;0;0;0;0;0;0;0;0;0;0;0;0;1;0;0;0;0;1;0;0;0;0;0;0;0;0;0;0;0;0;0;0;0;0;0;2;0;1;0;0;0;0;0;0;0;0;0;0;0;0;0;0;0;0;0;0;0;0;0;0;1;0;0;0;0;0;0;0;0;0;0;0;0
;;28;Lokerse, A.M.;32;0;0;1;1;3;1;0;0;0;0;0;0;0;0;0;1;1;0;0;0;2;0;1;0;0;1;1;0;1;0;1;3;0;0;0;0;0;1;0;0;0;1;0;0;0;2;0;1;0;1;1;0;1;0;0;0;0;1;0;0;0;0;0;0;0;0;0;0;0;0;1;0;0;0;0;0;1;0;0;2;0;0;0;0;0;0;0;0;0;0;0;0;0;0;0;0;0;0;0;0;0;0;0;1;0
5;Gemeentebelangen (GBL);;;5231;40;36;51;105;108;42;53;40;64;70;111;31;32;59;27;64;41;49;35;32;44;51;69;87;80;101;39;15;47;26;56;52;115;48;66;86;72;61;58;51;34;66;183;14;29;90;27;47;35;44;74;159;70;23;23;25;118;38;87;48;47;25;68;73;45;67;86;41;14;73;94;92;86;7;29;23;24;29;27;24;5;43;15;25;26;65;16;12;10;22;1;33;24;43;23;46;39;46;25;88;24;26;14;31;7
;;1;Klaver, S.;1902;14;13;12;37;37;14;22;19;26;21;46;11;12;18;8;23;15;17;13;11;15;21;23;38;25;28;13;4;22;14;17;10;27;14;17;25;23;22;20;24;19;28;45;4;12;31;10;5;15;8;27;26;19;8;9;10;42;12;34;19;19;9;35;21;23;50;58;16;4;11;63;57;58;4;14;5;10;7;10;14;3;13;3;7;8;14;7;8;8;13;1;13;7;15;6;20;9;13;11;12;9;10;8;19;3
;;2;Okkema, C.B.;293;2;1;2;0;6;0;4;0;4;7;0;1;0;3;1;3;2;1;1;4;0;2;2;2;8;7;0;0;3;0;2;3;4;1;4;8;5;3;1;1;0;3;39;1;3;5;2;2;1;2;3;30;2;0;1;0;14;3;2;3;1;3;3;2;1;0;2;0;0;1;0;0;0;0;1;2;0;0;0;1;0;1;4;3;4;12;0;0;0;0;0;4;1;1;1;3;2;4;1;19;0;1;1;0;0
;;3;Tiemersma, V.;1272;11;4;20;36;30;12;19;11;14;8;36;13;9;17;7;15;18;21;10;7;11;20;21;27;27;43;16;5;10;8;21;18;30;10;17;21;24;12;21;12;4;13;31;6;4;25;5;17;8;24;26;27;14;8;5;6;43;10;23;10;11;4;16;11;10;6;3;5;2;1;7;10;13;0;5;5;2;6;5;1;0;22;3;6;5;5;3;2;2;2;0;10;7;15;11;5;6;13;3;11;6;9;1;1;0
;;4;Spithoff - Postma, R.;276;2;1;1;4;10;10;3;1;3;1;11;1;1;5;1;5;0;6;1;1;4;3;3;8;4;7;1;1;5;0;4;3;7;0;5;4;1;2;3;2;3;4;7;0;0;6;2;2;1;5;6;4;3;1;0;6;3;2;7;3;4;0;5;1;2;0;1;0;0;4;2;3;1;0;0;3;2;6;2;4;1;0;2;2;1;1;0;0;0;0;0;1;1;8;2;5;1;1;3;4;0;1;1;1;0
;;5;van der Meulen, M.B.;181;4;2;3;8;5;1;0;3;3;21;4;1;2;1;2;3;1;2;2;1;6;0;1;2;3;2;0;0;1;2;0;2;4;2;3;2;3;1;1;0;1;1;2;0;0;0;4;2;4;2;1;5;3;0;3;0;0;1;6;0;1;0;1;1;0;1;0;0;0;0;1;0;0;0;2;0;5;2;2;1;0;3;0;3;2;1;1;0;0;0;0;0;1;1;0;4;4;1;0;0;3;1;0;0;0
;;6;Kleefstra, A.R.;126;1;1;0;1;2;0;0;1;1;0;0;0;0;0;0;0;1;0;0;0;0;0;2;0;1;0;0;0;0;0;0;0;0;0;0;0;0;1;1;0;1;1;2;3;5;0;0;0;0;0;0;0;0;0;0;0;3;0;10;8;4;5;5;29;6;0;2;0;0;0;0;1;0;0;4;5;4;0;0;0;0;0;0;0;0;0;0;1;0;2;0;0;0;0;0;0;0;0;1;0;0;4;3;0;4
;;7;van Ravesteijn, J.L.D.;156;3;1;2;4;7;1;0;2;5;0;4;0;1;6;0;0;1;0;1;2;1;1;7;2;4;3;4;0;2;0;3;3;3;0;4;0;1;4;1;1;1;6;2;0;0;0;2;6;2;1;5;4;1;0;2;2;0;1;0;2;1;1;0;1;0;1;0;2;0;1;2;3;0;0;0;0;0;3;3;1;0;0;0;1;1;1;0;0;0;0;0;0;2;0;0;1;2;0;2;2;2;0;0;2;0
;;8;Ekas, W.F.;151;0;2;0;2;0;1;1;1;1;1;0;0;0;1;0;3;1;0;1;0;0;0;3;1;2;1;2;1;1;0;0;3;1;2;0;1;2;1;3;4;1;0;0;0;1;1;0;4;2;1;3;1;0;1;1;0;2;1;1;2;0;0;0;0;0;3;9;2;3;33;2;8;6;0;0;1;0;0;0;0;0;1;0;0;0;0;1;0;0;4;0;0;0;1;0;1;1;2;2;0;1;0;0;5;0
;;9;van Diggelen, D.;57;0;0;0;1;1;3;1;0;3;0;0;1;1;0;1;2;0;0;0;2;0;0;2;0;0;1;1;1;0;1;2;1;0;0;0;0;0;0;1;0;1;0;0;0;0;2;0;6;0;0;0;0;1;0;0;0;0;1;1;0;0;0;0;0;1;0;2;0;0;0;4;0;2;0;2;2;1;1;0;0;0;0;0;0;0;0;1;0;0;0;0;0;0;0;0;0;1;0;0;0;0;0;0;2;0
;;10;Keijzer, J.;161;0;0;0;3;0;0;0;1;0;2;1;1;4;1;0;2;1;0;0;1;2;0;1;4;0;2;0;3;1;0;2;3;25;9;8;12;1;5;3;1;0;0;0;0;0;9;0;0;0;0;0;7;14;0;0;0;0;3;0;0;1;0;0;0;0;0;0;0;1;0;4;0;0;0;0;0;0;1;1;1;0;0;3;0;0;2;2;0;0;0;0;0;0;0;0;1;2;4;1;4;1;0;0;0;0
;;11;Toussaint, T.G.;139;1;5;9;3;4;0;1;0;1;3;3;0;1;4;0;1;0;0;2;0;2;1;4;2;4;1;0;0;1;0;0;2;0;2;0;2;5;5;2;1;3;3;4;0;0;3;1;0;0;0;2;5;1;0;2;0;1;0;1;0;2;0;0;1;0;1;2;1;0;0;3;4;2;1;1;0;0;2;1;0;1;0;0;0;2;0;1;0;0;0;0;3;4;0;1;3;1;1;0;1;2;0;0;0;0
;;12;Jurna, B.S.;29;0;1;0;0;1;0;0;0;0;0;1;0;0;0;2;1;0;0;0;0;0;1;0;1;1;1;0;0;0;0;1;1;2;3;2;0;1;0;0;0;0;1;0;0;0;1;0;0;1;1;0;0;0;2;0;0;0;0;2;0;0;0;0;0;0;0;0;0;0;0;0;0;0;0;0;0;0;0;0;0;0;1;0;0;0;0;0;0;0;0;0;0;0;0;0;0;0;0;0;0;0;0;0;0;0
;;13;Boonstra, F.;189;2;0;0;0;0;0;0;1;0;0;0;0;0;0;3;2;0;0;2;0;1;0;0;0;0;0;0;0;0;1;0;0;4;0;1;3;3;1;0;1;0;2;45;0;1;1;0;0;1;0;0;39;0;0;0;0;3;0;0;0;0;2;1;0;0;1;1;0;0;1;4;0;1;0;0;0;0;0;2;0;0;0;0;0;0;26;0;0;0;0;0;0;0;0;0;0;1;2;0;30;0;0;0;0;0
;;14;Schrage, R.M.;77;0;1;1;1;0;0;1;0;1;5;2;2;1;1;0;1;0;1;1;1;0;0;0;0;1;1;2;0;0;0;2;0;3;2;1;3;0;2;0;1;0;0;0;0;1;5;1;2;0;0;1;2;0;1;0;1;2;3;0;0;0;0;1;0;0;0;1;0;0;2;0;0;0;0;0;0;0;0;1;0;0;2;0;0;2;0;0;0;0;0;0;2;1;0;1;3;3;0;0;0;0;0;0;1;0
;;15;Feenstra, G.;41;0;1;0;0;1;0;0;0;1;0;2;0;0;0;0;2;1;0;0;0;1;0;0;0;0;0;0;0;1;0;0;1;2;3;0;5;0;0;0;0;0;0;0;0;0;0;0;0;0;0;0;0;7;0;0;0;0;0;0;1;0;0;0;0;0;0;0;0;0;1;0;0;0;0;0;0;0;1;0;1;0;0;0;2;0;0;0;0;0;0;0;0;0;0;0;0;4;3;0;0;0;0;0;0;0
;;16;de Boer, G.N.;60;0;0;0;0;0;0;0;0;0;0;1;0;0;1;0;0;0;0;0;2;0;0;0;0;0;1;0;0;0;0;0;0;0;0;0;0;0;0;0;2;0;1;0;0;1;0;0;0;0;0;0;1;0;0;0;0;0;0;0;0;0;0;0;2;2;4;5;8;4;18;1;1;2;2;0;0;0;0;0;0;0;0;0;0;0;0;0;0;0;0;0;0;0;0;1;0;0;0;0;0;0;0;0;0;0
;;17;de Jong, G.G.;27;0;0;0;2;2;0;0;0;1;1;0;0;0;1;1;0;0;0;0;0;0;0;0;0;0;0;0;0;0;0;0;1;1;0;2;0;0;0;0;0;0;0;0;0;0;0;0;0;0;0;0;0;1;2;0;0;0;0;0;0;0;1;0;0;0;0;0;7;0;0;0;1;0;0;0;0;0;0;0;0;0;0;0;0;0;0;0;0;0;1;0;0;0;0;0;0;1;1;0;0;0;0;0;0;0
;;18;Wit, M.C.;94;0;3;1;3;2;0;1;0;0;0;0;0;0;0;1;1;0;1;1;0;1;2;0;0;0;3;0;0;0;0;2;1;2;0;2;0;3;2;1;1;0;3;6;0;1;1;0;1;0;0;0;8;4;0;0;0;5;1;0;0;3;0;1;4;0;0;0;0;0;0;1;4;1;0;0;0;0;0;0;0;0;0;0;1;1;3;0;1;0;0;0;0;0;2;0;0;1;1;1;5;0;0;0;0;0
6;FNP;;;5799;42;35;47;59;55;36;46;25;57;26;57;26;23;35;16;44;34;42;31;28;35;40;47;53;24;45;21;26;41;12;32;41;60;32;56;29;36;27;36;40;45;32;74;77;66;42;27;37;34;31;45;84;39;13;23;17;44;31;189;122;135;91;133;133;143;155;221;176;81;150;203;171;95;39;168;133;243;19;20;11;12;24;20;24;10;27;7;58;9;55;27;26;21;36;13;26;9;17;7;40;23;71;13;84;51
;;1;Tuininga, J.W.;2313;17;14;18;27;18;14;19;16;28;14;19;7;14;17;5;14;11;20;12;13;12;20;19;27;4;20;9;9;16;4;11;19;21;11;20;14;17;14;13;16;23;15;29;24;21;19;18;10;18;9;23;30;16;4;9;6;11;17;29;25;20;37;42;29;44;101;164;61;59;55;134;124;59;27;30;29;20;7;10;4;2;10;10;13;4;15;0;5;4;42;9;14;6;19;2;11;4;6;3;16;6;9;4;63;11
;;2;Veldstra-Lantinga, L.;1073;8;2;7;11;9;5;5;3;5;3;9;7;2;4;2;6;4;3;6;2;7;5;6;4;6;12;3;2;10;1;8;6;11;7;2;3;8;1;6;10;8;4;11;21;13;6;3;8;3;8;6;16;8;3;4;2;12;6;111;74;86;28;44;63;42;9;8;5;6;5;19;13;10;3;18;6;8;2;0;3;4;5;2;1;3;4;4;32;4;0;5;2;1;3;1;4;2;3;1;3;3;51;4;2;3
;;3;Roorda, H.;488;2;11;8;9;12;8;10;0;7;2;12;6;2;6;4;10;7;10;4;4;5;7;9;10;7;7;6;3;7;2;6;11;14;6;15;6;3;4;8;4;3;6;7;3;2;9;2;7;5;7;7;13;7;3;3;4;5;4;5;3;1;3;5;3;2;0;1;0;0;0;5;1;1;3;6;5;8;0;2;3;2;3;5;0;3;3;2;2;0;0;1;3;5;4;1;4;1;4;0;6;9;0;0;0;2
;;4;de Boer, J.;489;5;1;1;2;2;2;6;2;3;1;1;1;0;2;1;3;2;0;0;0;2;1;1;1;1;2;0;0;2;1;2;1;4;1;4;2;3;1;0;1;2;3;3;10;20;1;0;7;1;2;3;0;3;0;1;0;4;1;3;1;8;9;19;13;3;4;2;1;0;0;1;3;1;3;61;26;158;1;1;0;2;1;0;2;0;0;0;2;1;0;10;1;0;2;1;3;1;2;0;1;1;1;1;5;8
;;5;Keizer, B.B.;184;1;0;3;1;2;0;0;0;4;2;3;0;2;0;1;1;2;0;2;1;1;2;0;3;2;0;0;0;0;1;2;0;2;0;0;1;0;1;2;2;4;1;4;3;0;0;0;0;1;1;0;9;0;0;1;0;4;0;3;2;2;2;1;2;0;7;7;53;0;0;7;1;5;0;0;1;2;1;1;0;0;0;0;0;0;2;0;0;0;2;0;2;0;3;0;0;0;0;0;3;0;0;0;2;1
;;6;van Breemen-Schneider, I.L.;139;1;2;2;5;0;1;1;1;1;0;1;0;0;3;0;0;1;4;1;2;0;0;0;3;2;0;0;2;4;0;1;0;4;0;2;1;1;1;0;1;0;0;1;2;1;1;1;2;1;0;0;1;0;0;1;1;1;0;14;11;8;3;3;1;7;2;0;1;0;0;1;1;1;0;0;0;0;1;1;0;0;2;1;0;0;0;0;8;0;0;0;0;0;2;1;1;0;0;1;4;0;3;0;0;0
;;7;Kooistra-Bahnerth, E.;68;0;1;2;0;0;1;1;0;3;0;1;0;1;0;0;2;1;0;2;3;4;1;1;2;1;0;0;7;0;0;0;1;0;1;0;0;0;0;3;1;0;0;1;0;0;0;0;0;0;3;4;1;1;2;0;0;0;0;2;0;1;3;0;0;0;0;0;0;1;1;2;1;0;0;0;0;0;0;0;0;0;0;0;2;0;0;0;0;0;0;0;0;1;0;1;0;0;0;0;0;0;0;1;0;0
;;8;Yntema, H.;51;0;0;1;1;0;0;0;0;0;0;0;1;1;0;0;0;2;0;0;0;0;0;2;0;0;0;0;0;0;0;1;0;0;0;3;0;1;1;0;0;0;0;0;0;1;0;0;0;1;0;0;0;0;0;1;0;0;0;0;0;0;0;2;0;0;2;0;0;1;4;1;0;0;0;0;2;7;0;2;0;0;1;0;0;0;0;1;0;0;1;0;0;3;0;2;0;0;0;0;0;1;0;1;2;1
;;9;de Groot-Zantema, A.;126;0;1;0;0;1;0;0;2;2;0;1;0;0;0;0;1;0;0;0;0;1;0;0;0;0;0;0;0;0;2;0;0;1;0;0;0;1;0;0;0;0;0;0;0;0;0;0;0;0;0;1;0;0;0;0;2;0;0;0;1;0;1;0;2;2;19;20;3;9;6;17;4;0;2;0;1;2;1;1;0;0;0;0;0;0;0;0;0;0;4;1;1;1;2;1;0;0;0;1;0;1;1;0;6;0
;;10;de Groot-Voolstra, S.A.;65;0;0;0;0;2;1;0;0;0;0;0;0;0;1;0;1;1;1;0;0;0;0;4;2;1;0;0;2;0;1;0;1;0;2;5;0;1;0;1;0;0;0;1;1;1;1;2;0;1;0;0;1;1;1;0;0;3;1;1;0;0;0;1;0;0;1;2;0;0;0;2;0;8;0;0;1;0;0;0;1;0;0;1;0;0;0;0;0;0;0;0;0;0;1;0;3;0;1;0;0;0;1;0;0;0
;;11;Kingma, G.L.;142;2;0;1;0;0;1;0;0;0;0;1;2;0;1;1;1;0;0;0;2;0;1;0;0;0;0;0;0;0;0;0;1;0;2;0;0;0;0;1;0;0;0;0;1;1;0;0;1;0;0;1;0;0;0;0;0;1;0;0;0;0;0;3;1;0;5;3;43;0;50;2;4;1;0;0;1;1;2;0;0;0;0;0;0;0;0;0;0;0;1;0;0;0;0;0;0;0;0;0;0;0;0;0;3;0
;;12;van der Zwaag, B.;36;0;0;0;0;0;0;0;0;0;0;0;0;0;0;0;0;0;0;0;0;0;0;0;0;0;0;0;0;0;0;0;0;0;0;0;0;0;0;0;0;0;0;0;0;0;0;0;0;1;0;0;0;0;0;0;0;0;0;0;0;1;0;0;0;0;0;0;0;0;0;1;0;0;0;18;1;1;1;0;0;0;0;0;0;0;0;0;0;0;0;1;2;0;0;1;0;0;0;0;2;0;0;0;0;6
;;13;Dijkstra, F.;26;0;1;0;0;1;2;0;0;0;1;0;0;0;0;1;2;0;0;0;0;0;0;0;0;0;0;0;0;0;0;0;0;1;0;0;0;0;1;0;2;0;0;0;0;0;0;0;0;0;0;0;0;0;0;0;0;0;1;0;0;0;0;2;0;0;1;1;1;1;1;2;2;0;0;0;0;0;0;0;0;1;1;0;0;0;0;0;0;0;0;0;0;0;0;0;0;0;0;0;0;0;0;0;0;0
;;14;Deelstra, D.;74;0;0;0;1;0;0;0;0;0;1;1;0;0;0;0;0;0;0;1;0;0;0;0;0;0;0;1;0;0;0;0;0;0;0;1;0;0;0;0;0;0;0;0;0;0;0;0;0;0;0;0;0;0;0;0;0;0;0;1;0;1;0;0;1;3;0;1;0;0;0;1;1;2;0;8;33;0;0;0;0;1;0;1;1;0;0;0;0;0;0;0;0;0;0;2;0;1;0;0;0;0;0;0;0;10
;;15;Sinnema, H.F.;32;1;0;0;0;0;0;0;0;1;0;0;0;0;0;0;1;0;0;0;0;0;0;0;0;0;0;0;0;0;0;0;0;0;0;1;0;0;0;0;0;0;0;0;0;1;0;0;0;0;0;0;0;0;0;0;0;2;0;4;2;3;0;3;3;0;0;0;0;0;1;0;0;0;0;0;1;0;0;0;0;0;0;0;0;0;0;0;2;0;0;0;0;0;0;0;0;0;0;0;0;0;3;2;1;0
;;16;Toering- van der Weide, F.;50;0;0;0;1;0;0;0;0;1;0;0;0;0;0;0;0;0;0;1;0;1;0;0;0;0;0;0;0;0;0;0;0;1;0;0;0;1;0;0;0;1;0;0;5;1;0;0;0;0;0;0;1;1;0;1;0;0;0;0;0;0;0;1;0;1;0;1;0;0;0;1;2;0;1;4;4;18;0;0;0;0;0;0;0;0;0;0;0;0;0;0;0;0;0;0;0;0;0;0;0;0;0;0;0;1
;;17;Bakker, P.G.C.;20;0;0;0;0;0;0;0;0;0;0;0;0;0;0;0;0;0;0;0;0;0;0;0;0;0;0;0;0;0;0;0;0;0;0;0;0;0;0;0;0;0;0;0;0;0;0;0;0;0;0;0;0;0;0;0;0;0;0;0;0;0;0;1;1;0;0;0;0;0;0;0;0;0;0;1;8;8;0;0;0;0;0;0;0;0;0;0;0;0;0;0;0;0;0;0;0;0;0;0;0;0;0;0;0;1
;;18;Beetstra, N.P.;52;1;0;1;0;0;0;0;0;1;1;1;0;1;0;0;0;0;0;1;0;0;2;0;0;0;0;0;0;0;0;0;0;0;0;0;1;0;0;0;0;0;0;1;6;1;0;0;0;0;0;0;0;0;0;0;1;0;0;14;3;3;0;1;2;1;0;0;0;0;0;0;0;0;0;0;0;1;0;0;0;0;0;0;1;0;0;0;5;0;0;0;0;0;0;0;0;0;0;0;0;1;1;0;0;0
;;19;Hansma, H.;17;0;0;0;0;1;0;0;0;0;0;0;0;0;0;0;0;0;0;0;0;0;0;0;0;0;0;0;0;0;0;0;0;0;0;0;0;0;0;0;0;0;0;0;0;0;0;0;0;0;0;0;0;0;0;0;0;0;0;0;0;0;0;0;0;1;0;0;5;1;5;0;2;1;0;0;0;0;0;0;0;0;0;0;0;0;0;0;0;0;0;0;1;0;0;0;0;0;0;0;0;0;0;0;0;0
;;20;Wassenaar, K.J.;27;0;2;2;0;0;0;2;1;0;0;1;0;0;0;1;0;1;0;1;0;0;0;1;0;0;0;1;0;0;0;1;0;0;0;2;0;0;1;0;1;0;2;0;0;0;1;0;0;0;0;0;0;0;0;0;0;0;1;0;0;0;1;0;0;0;0;0;0;0;0;0;0;0;0;0;0;0;2;1;0;0;1;0;0;0;0;0;0;0;0;0;0;0;0;0;0;0;0;0;0;0;0;0;0;0
;;21;Pratley, N.I.;63;2;0;0;0;0;0;0;0;0;0;2;0;0;0;0;1;0;0;0;0;1;0;3;0;0;0;0;0;1;0;0;0;1;2;1;1;0;0;0;1;0;1;16;0;0;0;0;1;1;0;0;12;0;0;0;0;1;0;0;0;0;0;1;0;0;1;0;0;0;0;1;0;0;0;0;0;0;1;0;0;0;0;0;0;0;2;0;0;0;0;0;0;2;0;0;0;0;0;1;5;1;0;0;0;0
;;22;Toering-Schuurmans, A.;50;0;0;0;1;0;0;1;0;0;0;0;0;0;0;0;1;2;0;0;0;0;0;0;0;0;2;1;0;1;0;0;0;0;0;0;0;0;0;2;0;0;0;0;1;1;1;0;0;0;1;0;0;0;0;0;0;0;0;0;0;0;1;0;4;0;0;0;0;0;0;0;1;0;0;17;0;3;0;0;0;0;0;0;3;0;0;0;0;0;0;0;0;0;0;0;0;0;0;0;0;0;0;0;0;6
;;23;Janse, S.G.;27;0;0;0;0;0;0;0;0;0;0;0;0;0;0;0;0;0;1;0;0;1;0;0;0;0;0;0;0;0;0;0;0;0;0;0;0;0;0;0;0;0;0;0;0;0;0;0;0;0;0;0;0;0;0;0;0;0;0;0;0;0;0;1;1;22;0;0;0;0;0;0;0;0;0;0;0;0;0;0;0;0;0;0;0;0;0;0;0;0;0;0;0;0;0;0;0;0;0;0;0;0;0;0;0;1
;;24;Kornelis, B.;9;0;0;0;0;0;0;0;0;0;0;0;0;0;0;0;0;0;0;0;0;0;0;0;0;0;0;0;0;0;0;0;1;0;0;0;0;0;0;0;0;4;0;0;0;1;0;1;0;0;0;0;0;0;0;0;1;0;0;0;0;0;0;0;0;0;0;0;0;0;0;0;0;0;0;0;0;0;0;0;0;0;0;0;0;0;0;0;0;0;0;0;0;1;0;0;0;0;0;0;0;0;0;0;0;0
;;25;Schaaf, G.;26;0;0;1;0;1;1;0;0;0;0;0;0;0;0;0;0;0;0;0;1;0;0;0;0;0;0;0;0;0;0;0;0;0;0;0;0;0;0;0;0;0;0;0;0;0;1;0;0;0;0;0;0;0;0;1;0;0;0;0;0;0;1;0;4;0;1;2;0;0;0;0;0;0;0;4;7;0;0;0;0;0;0;0;0;0;0;0;0;0;0;0;0;0;0;0;0;0;0;0;0;0;1;0;0;0
;;26;Nicolai, B.F.;18;1;0;0;0;0;0;0;0;0;0;1;0;0;0;0;0;0;0;0;0;0;0;0;0;0;0;0;0;0;0;0;0;0;0;0;0;0;0;0;0;0;0;0;0;0;0;0;0;0;0;0;0;0;0;0;0;0;0;0;0;1;0;0;0;13;0;0;0;0;0;0;0;0;0;0;0;0;0;0;0;0;0;0;0;0;0;0;2;0;0;0;0;0;0;0;0;0;0;0;0;0;0;0;0;0
;;27;de Vries, H.;7;0;0;0;0;1;0;0;0;0;0;0;0;0;0;0;0;0;0;0;0;0;0;0;0;0;1;0;0;0;0;0;0;0;0;0;0;0;0;0;0;0;0;0;0;0;0;0;0;0;0;0;0;0;0;0;0;0;0;0;0;0;0;0;1;1;0;0;0;0;2;0;1;0;0;0;0;0;0;0;0;0;0;0;0;0;0;0;0;0;0;0;0;0;0;0;0;0;0;0;0;0;0;0;0;0
;;28;Sietsma, T.;13;0;0;0;0;0;0;0;0;0;0;0;0;0;0;0;0;0;0;0;0;0;0;0;0;0;0;0;0;0;0;0;0;0;0;0;0;0;0;0;0;0;0;0;0;0;0;0;0;0;0;0;0;0;0;0;0;0;0;1;0;0;0;0;0;0;0;0;0;0;0;0;0;0;0;1;6;5;0;0;0;0;0;0;0;0;0;0;0;0;0;0;0;0;0;0;0;0;0;0;0;0;0;0;0;0
;;29;Keizer, J.S.;22;0;0;0;0;0;0;0;0;0;1;0;0;0;0;0;0;0;0;0;0;0;0;1;0;0;0;0;0;0;0;0;0;0;0;0;0;0;0;0;0;0;0;0;0;0;1;0;0;0;0;0;0;0;0;0;0;0;0;0;0;0;0;1;0;0;0;1;1;1;14;0;0;0;0;0;0;0;0;0;0;0;0;0;0;0;0;0;0;0;0;0;0;1;0;0;0;0;0;0;0;0;0;0;0;0
;;30;Gaarman, H.C.H.;36;0;0;0;0;2;0;0;0;0;0;2;0;0;0;0;0;0;2;0;0;0;1;0;0;0;0;0;0;0;0;0;0;0;0;0;0;0;0;0;0;0;0;0;0;0;0;0;0;0;0;0;0;1;0;0;0;0;0;0;0;0;0;0;1;1;2;4;0;0;0;2;6;6;0;0;1;0;0;0;0;0;0;0;0;0;0;0;0;0;5;0;0;0;0;0;0;0;0;0;0;0;0;0;0;0
;;31;Ketellapper, M.;56;1;0;0;0;3;0;1;0;1;0;1;2;0;1;0;0;0;1;0;0;0;0;0;1;0;1;0;1;0;0;0;0;0;0;0;0;0;2;0;1;0;0;0;0;1;1;0;1;1;0;0;0;1;0;1;0;0;0;1;0;0;2;2;1;0;0;4;2;2;6;4;4;0;0;0;0;1;0;1;0;0;0;0;1;0;1;0;0;0;0;0;0;0;0;0;0;0;1;0;0;0;0;0;0;0
7;ChristenUnie;;;2478;15;7;29;58;63;27;19;20;36;34;59;16;23;42;29;35;14;26;18;15;25;47;36;41;42;74;26;9;25;10;30;18;31;19;39;54;30;48;47;49;11;31;37;63;14;41;14;31;17;25;45;35;18;4;18;13;63;23;19;17;2;13;19;10;7;19;23;12;11;37;47;26;20;2;19;12;6;8;11;27;6;24;12;9;9;6;7;4;0;8;4;16;21;31;6;37;4;23;18;25;7;7;3;25;11
;;1;Niesink, C.C.M.;1504;10;3;11;35;30;12;11;8;23;21;39;10;7;26;11;13;8;17;10;9;9;33;23;28;30;46;19;6;18;2;13;12;19;13;21;33;23;23;29;34;8;18;27;49;10;23;10;19;9;14;33;17;11;1;9;12;37;10;12;8;2;12;15;7;3;10;15;7;9;23;32;11;10;0;8;8;3;7;7;18;2;18;7;3;6;6;5;2;0;7;2;12;12;18;5;25;3;20;10;16;5;4;1;14;9
;;2;Douwstra, H.;226;0;0;5;7;15;4;3;3;5;3;4;3;4;6;1;2;1;1;1;2;9;5;3;4;0;5;2;0;3;1;6;2;3;2;4;3;2;3;7;6;0;1;1;1;0;0;1;4;1;4;3;7;1;1;2;0;4;1;0;1;0;0;2;0;0;1;1;1;1;6;1;2;1;0;1;0;0;1;0;2;2;3;2;2;2;0;2;0;0;0;0;1;0;3;0;4;0;0;0;5;2;1;0;4;0
;;3;Heijman, R.;48;2;0;1;4;4;0;0;0;1;0;1;1;3;1;2;2;0;1;0;0;0;1;0;0;0;1;1;0;0;1;0;0;0;1;0;2;1;0;0;0;0;0;0;0;0;0;0;0;0;1;2;0;0;1;0;0;0;0;0;1;0;0;0;1;0;0;0;0;0;1;0;1;1;0;0;0;0;0;0;1;0;1;0;1;0;0;0;0;0;0;0;0;1;4;0;0;0;0;0;0;0;0;0;0;0
;;4;de Snoo, C.;81;0;0;0;2;0;2;0;0;3;2;3;0;0;0;1;1;1;1;0;1;3;1;1;0;1;0;0;1;0;0;1;0;0;1;0;10;1;4;0;1;0;5;1;1;0;3;0;1;0;1;1;3;0;0;2;0;8;5;0;0;0;0;0;0;0;0;0;0;0;2;0;0;0;0;0;0;0;0;0;0;0;0;0;1;0;0;0;0;0;0;0;0;0;0;1;1;0;0;2;0;0;0;1;0;0
;;5;Hulzinga-de Jager, W.M.A.;104;1;3;4;1;4;1;0;2;2;1;1;0;3;0;1;1;0;0;3;0;0;1;3;3;2;3;0;0;2;1;1;3;4;0;4;1;0;4;2;3;1;0;1;2;0;4;0;2;3;0;0;2;2;0;0;1;4;2;1;0;0;0;0;0;0;0;0;0;0;0;0;0;0;0;1;0;0;0;2;1;2;1;0;0;0;0;0;1;0;0;0;0;1;0;0;1;0;1;2;0;0;0;1;0;0
;;6;Andringa-Dijk, H.L.;62;0;0;0;1;0;0;0;0;0;0;0;0;1;0;0;1;0;0;0;0;0;0;0;0;0;3;1;1;0;0;0;0;0;0;0;2;0;2;0;0;0;0;0;2;0;1;1;1;0;0;0;0;0;0;0;0;0;2;1;1;0;0;0;0;0;2;3;0;1;5;9;9;6;1;0;0;0;0;0;0;0;0;0;0;0;0;0;0;0;1;0;0;0;1;0;0;0;0;0;0;0;0;0;3;0
;;7;van Reenen, J.A.;12;0;0;0;1;0;0;1;0;0;0;0;0;0;0;0;0;0;0;0;0;0;2;0;0;0;0;0;0;0;0;0;0;0;0;0;0;0;0;0;0;0;0;0;0;0;0;0;0;0;0;0;0;0;0;0;0;0;0;0;0;0;0;0;1;2;0;0;0;0;0;0;0;0;1;2;0;0;0;0;1;0;0;0;0;0;0;0;0;0;0;0;0;0;0;0;0;0;0;0;0;0;0;0;0;1
;;8;Baan, M.M.G.;60;0;1;2;1;2;3;1;2;0;3;0;0;2;1;0;1;1;1;1;0;0;0;0;1;0;0;2;0;0;0;8;0;0;0;4;0;0;3;1;0;0;0;1;0;0;0;0;1;3;0;3;3;1;0;0;0;1;0;0;0;0;0;0;0;0;1;0;0;0;0;0;0;0;0;0;0;0;0;0;1;0;1;0;0;0;0;0;0;0;0;0;1;0;0;0;0;0;0;0;2;0;0;0;0;0
;;9;Childs, V.D.;18;0;0;0;0;0;2;0;2;0;0;0;2;0;0;1;1;0;0;0;2;0;0;0;0;0;0;1;0;1;0;0;0;0;0;0;0;0;0;0;0;0;0;0;0;0;2;0;0;0;0;0;0;1;0;0;0;0;0;0;0;0;0;0;0;0;0;0;0;0;0;0;0;0;0;0;0;0;0;0;1;0;0;0;0;0;0;0;0;0;0;0;0;2;0;0;0;0;0;0;0;0;0;0;0;0
;;10;Kloosterman, T.J.;16;0;0;0;1;0;0;0;0;0;0;0;0;1;0;0;0;0;0;1;0;0;0;0;0;0;0;0;0;0;0;1;0;0;0;0;0;0;1;1;0;0;2;0;0;0;1;1;0;0;0;0;0;0;0;0;0;2;0;0;0;0;0;0;0;0;0;0;0;0;0;0;0;0;0;0;0;0;0;0;0;0;0;0;2;0;0;0;0;0;0;0;1;0;0;0;0;0;1;0;0;0;0;0;0;0
;;11;Verhoef, J.;51;0;0;1;1;5;0;0;0;0;2;1;0;0;0;0;0;0;1;1;0;0;0;1;0;2;0;0;0;0;1;0;0;1;1;1;0;0;4;1;0;0;0;0;0;0;3;0;0;0;2;0;0;0;0;0;0;3;0;0;0;0;0;0;0;0;1;0;2;0;0;2;0;1;0;0;0;3;0;0;1;0;0;0;0;0;0;0;0;0;0;0;0;4;3;0;0;0;0;0;2;0;0;0;0;0
;;12;Boonstra, J.;24;1;0;1;0;0;0;1;0;0;0;0;0;0;0;7;6;0;0;0;0;0;0;0;0;1;0;0;0;0;2;0;0;0;0;0;0;0;0;0;0;0;0;0;0;0;0;1;1;0;0;0;0;0;1;1;0;0;0;0;0;0;1;0;0;0;0;0;0;0;0;0;0;0;0;0;0;0;0;0;0;0;0;0;0;0;0;0;0;0;0;0;0;0;0;0;0;0;0;0;0;0;0;0;0;0
;;13;Weijer-Fekken, S.D.;35;0;0;1;0;1;0;0;1;0;1;1;0;0;2;0;2;1;1;0;0;1;0;0;1;0;0;0;0;0;1;0;0;0;0;0;0;0;0;2;1;0;0;0;0;0;1;0;0;0;0;0;0;0;0;0;0;0;0;1;0;0;0;1;0;0;0;0;0;0;0;0;1;0;0;6;4;0;0;0;0;0;0;0;0;0;0;0;1;0;0;2;0;0;0;0;0;0;0;1;0;0;0;0;0;0
;;14;Muller, R.;25;0;0;0;2;1;0;1;0;1;0;0;0;1;2;0;0;0;1;0;0;0;2;0;1;0;2;0;0;0;0;0;0;0;0;0;0;0;0;0;1;1;0;0;0;0;2;0;0;0;0;0;0;0;0;0;0;2;0;0;0;0;0;0;0;0;0;0;1;0;0;0;0;0;0;0;0;0;0;0;1;0;0;0;0;0;0;0;0;0;0;0;0;0;0;0;2;1;0;0;0;0;0;0;0;0
;;15;Kuiken-Geleijnse, J.;34;0;0;1;0;0;1;1;0;0;0;0;0;0;0;3;0;0;0;0;0;1;1;0;2;0;3;0;0;0;0;0;0;0;0;0;0;0;0;0;0;1;1;2;1;1;0;0;0;1;0;0;0;1;0;0;0;2;2;0;0;0;0;0;0;0;0;0;0;0;0;0;0;0;0;1;0;0;0;0;0;0;0;1;0;1;0;0;0;0;0;0;0;0;1;0;0;0;1;3;0;0;0;0;0;1
;;16;van Harten, P.C.;5;0;0;0;0;0;0;0;0;0;0;0;0;0;0;0;0;0;0;0;0;0;1;0;0;0;0;0;0;0;0;0;0;0;0;1;0;0;0;0;0;0;1;0;0;0;0;0;0;0;0;2;0;0;0;0;0;0;0;0;0;0;0;0;0;0;0;0;0;0;0;0;0;0;0;0;0;0;0;0;0;0;0;0;0;0;0;0;0;0;0;0;0;0;0;0;0;0;0;0;0;0;0;0;0;0
;;17;de Vries-Boersma, M.J.;5;0;0;0;0;0;0;0;0;0;0;0;0;0;0;0;0;0;0;1;0;2;0;0;0;0;0;0;1;0;0;0;1;0;0;0;0;0;0;0;0;0;0;0;0;0;0;0;0;0;0;0;0;0;0;0;0;0;0;0;0;0;0;0;0;0;0;0;0;0;0;0;0;0;0;0;0;0;0;0;0;0;0;0;0;0;0;0;0;0;0;0;0;0;0;0;0;0;0;0;0;0;0;0;0;0
;;18;Buikema, T.H.;16;0;0;0;0;0;0;0;0;0;0;0;0;0;0;0;0;0;2;0;0;0;0;0;0;0;0;0;0;0;0;0;0;0;0;0;0;0;0;1;0;0;0;0;0;0;0;0;0;0;0;0;0;0;0;0;0;0;0;3;6;0;0;0;0;2;0;0;0;0;0;0;0;0;0;0;0;0;0;0;0;0;0;0;0;0;0;0;0;0;0;0;0;0;0;0;0;0;0;0;0;0;2;0;0;0
;;19;Daverschot, A.H.M.;4;0;0;0;0;0;0;0;1;0;0;0;0;0;1;0;0;0;0;0;0;0;0;1;0;0;0;0;0;0;0;0;0;0;0;0;0;0;0;0;0;0;0;0;0;0;0;0;0;0;0;0;0;0;0;1;0;0;0;0;0;0;0;0;0;0;0;0;0;0;0;0;0;0;0;0;0;0;0;0;0;0;0;0;0;0;0;0;0;0;0;0;0;0;0;0;0;0;0;0;0;0;0;0;0;0
;;20;de Boer, J.W.;10;0;0;1;0;1;1;0;0;0;0;0;0;0;0;0;0;0;0;0;1;0;0;0;0;0;0;0;0;0;0;0;0;0;1;2;0;0;0;0;0;0;0;0;1;0;0;0;0;0;0;0;0;0;0;0;0;0;0;0;0;0;0;0;0;0;0;0;0;0;0;0;0;0;0;0;0;0;0;0;0;0;0;1;0;0;0;0;0;0;0;0;0;0;0;0;1;0;0;0;0;0;0;0;0;0
;;21;Koops-Torn, S.;14;0;0;0;0;0;0;0;0;0;0;2;0;0;1;0;0;1;0;0;0;0;0;0;0;0;0;0;0;0;0;0;0;0;0;0;1;1;0;1;0;0;0;2;1;0;0;0;0;0;0;0;1;0;0;1;0;0;0;0;0;0;0;0;0;0;0;0;0;0;0;0;0;0;0;0;0;0;0;0;0;0;0;0;0;0;0;0;0;0;0;0;0;0;0;0;0;0;0;0;0;0;0;0;2;0
;;22;Wiersma, A.;10;0;0;0;2;0;0;0;0;0;0;0;0;0;0;0;0;0;0;0;0;0;0;0;0;0;0;0;0;0;0;0;0;0;0;0;0;0;2;0;0;0;0;0;5;0;0;0;0;0;0;0;0;0;0;0;0;0;0;0;0;0;0;0;1;0;0;0;0;0;0;0;0;0;0;0;0;0;0;0;0;0;0;0;0;0;0;0;0;0;0;0;0;0;0;0;0;0;0;0;0;0;0;0;0;0
;;23;Medema-Sleurink, M.A.;18;0;0;0;0;0;0;0;0;0;0;0;0;0;1;0;3;1;0;0;0;0;0;0;0;0;4;0;0;0;1;0;0;1;0;0;0;0;0;0;0;0;1;0;0;0;0;0;0;0;1;0;0;0;0;0;0;0;0;0;0;0;0;1;0;0;1;0;1;0;0;0;0;0;0;0;0;0;0;0;0;0;0;0;0;0;0;0;0;0;0;0;1;0;0;0;0;0;0;0;0;0;0;0;1;0
;;24;Tromp, F.L.;5;0;0;0;0;0;0;0;0;0;0;2;0;0;0;0;0;0;0;0;0;0;0;0;0;0;0;0;0;0;0;0;0;0;0;0;0;0;0;0;1;0;0;0;0;0;0;0;0;0;0;0;0;0;0;0;0;0;0;0;0;0;0;0;0;0;0;0;0;0;0;0;0;0;0;0;0;0;0;2;0;0;0;0;0;0;0;0;0;0;0;0;0;0;0;0;0;0;0;0;0;0;0;0;0;0
;;25;Rijpstra-Pranger, E.K.R.;10;0;0;0;0;0;0;0;0;0;0;0;0;0;0;0;0;0;0;0;0;0;0;0;0;0;0;0;0;0;0;0;0;1;0;1;0;0;0;1;0;0;0;0;0;0;0;0;0;0;0;0;0;0;0;0;0;0;0;0;0;0;0;0;0;0;1;2;0;0;0;1;1;0;0;0;0;0;0;0;0;0;0;1;0;0;0;0;0;0;0;0;0;0;0;0;0;0;0;0;0;0;0;0;1;0
;;26;Steegstra-Wesselius, G.;12;0;0;0;0;0;0;0;0;1;0;1;0;0;0;0;0;0;0;0;0;0;0;0;0;0;0;0;0;0;0;0;0;1;0;1;1;0;0;0;0;0;0;0;0;0;0;0;0;0;0;0;0;0;0;0;0;0;0;0;0;0;0;0;0;0;1;2;0;0;0;2;1;1;0;0;0;0;0;0;0;0;0;0;0;0;0;0;0;0;0;0;0;0;0;0;0;0;0;0;0;0;0;0;0;0
;;27;van Daalen, A.P.C.;16;0;0;0;0;0;0;0;0;0;0;0;0;0;0;0;0;0;0;0;0;0;0;0;0;0;7;0;0;1;0;0;0;0;0;0;0;0;0;0;1;0;1;1;0;2;1;0;0;0;0;0;1;1;0;0;0;0;0;0;0;0;0;0;0;0;0;0;0;0;0;0;0;0;0;0;0;0;0;0;0;0;0;0;0;0;0;0;0;0;0;0;0;0;0;0;0;0;0;0;0;0;0;0;0;0
;;28;Huisman, G.W.;36;1;0;1;0;0;1;0;0;0;1;2;0;0;0;2;1;0;0;0;0;0;0;3;1;6;0;0;0;0;0;0;0;0;0;0;1;1;1;1;1;0;0;0;0;0;0;0;2;0;1;1;1;0;0;1;0;0;1;0;0;0;0;0;0;0;1;0;0;0;0;0;0;0;0;0;0;0;0;0;0;0;0;0;0;0;0;0;0;0;0;0;0;1;0;0;3;0;0;0;0;0;0;0;0;0
;;29;Rijpma, F.R.;17;0;0;0;0;0;0;0;1;0;0;2;0;1;1;0;1;0;0;0;0;0;0;1;0;0;0;0;0;0;0;0;0;1;0;0;0;1;1;0;0;0;1;1;0;1;0;0;0;0;1;0;0;0;0;1;0;0;0;1;0;0;0;0;0;0;0;0;0;0;0;0;0;0;0;0;0;0;0;0;0;0;0;0;0;0;0;0;0;0;0;0;0;0;1;0;0;0;0;0;0;0;0;0;0;0
8;LIJST058;;;4306;16;39;54;78;78;48;41;41;83;30;136;48;37;60;23;71;57;99;45;57;51;66;95;58;63;76;37;25;61;33;52;64;82;55;80;47;49;50;87;99;37;69;57;132;45;59;31;55;45;64;74;71;60;38;26;30;77;60;34;22;23;23;50;35;25;17;25;7;9;23;34;25;20;2;21;2;18;21;23;18;9;27;23;27;6;8;14;8;5;3;2;30;19;42;20;53;34;26;8;14;22;8;9;7;4
;;1;van der Galiën, O.A.;1995;7;16;29;36;41;22;13;16;37;17;63;19;18;25;22;37;30;44;21;26;21;33;37;31;36;43;20;12;35;19;22;28;35;29;38;30;22;20;42;45;21;33;20;14;12;26;13;29;21;24;38;33;28;19;13;11;33;30;20;13;14;11;19;18;18;9;11;2;5;17;18;9;10;1;7;2;8;11;12;7;4;14;7;10;4;6;9;2;3;1;1;13;13;22;12;30;13;8;2;7;8;4;1;3;1
;;2;Runhart, C.;584;1;7;11;13;9;10;5;6;15;6;22;4;3;8;0;7;10;14;7;7;13;11;10;8;12;17;3;2;6;6;5;13;15;5;10;5;8;7;8;8;9;8;7;3;2;4;7;4;2;11;7;12;13;2;5;6;10;5;3;1;1;1;4;3;4;1;5;0;2;1;5;8;2;0;3;0;2;4;2;4;5;6;8;2;1;0;0;3;1;0;1;8;0;3;3;5;6;5;5;1;7;1;1;0;2
;;3;Wijnstra, C.;95;2;0;2;0;0;1;2;4;0;0;0;0;1;3;0;0;1;0;1;0;1;0;1;2;0;0;0;3;1;0;0;1;1;1;2;0;1;5;10;6;0;2;1;2;0;0;0;0;0;2;0;1;2;0;0;0;0;3;2;0;0;1;1;0;1;0;0;0;1;0;0;0;1;0;0;0;0;1;0;0;0;0;0;7;0;0;0;0;1;1;0;0;0;2;0;2;1;7;0;0;1;0;0;0;0
;;4;Hoekstra, D.C.;236;0;2;3;4;10;2;6;8;6;1;7;13;5;5;0;6;1;13;2;3;1;3;4;4;3;2;1;1;3;1;3;0;5;4;1;3;1;3;6;17;2;0;3;1;0;0;0;2;7;4;2;3;1;0;2;2;6;5;0;0;3;0;0;0;0;0;0;0;0;0;0;1;1;0;2;0;1;0;2;4;0;3;0;2;0;0;0;0;0;0;0;3;0;3;0;1;2;3;0;1;0;1;0;0;0
;;5;van der Galiën, O.;73;0;0;1;0;4;1;1;0;0;0;1;1;0;1;0;1;1;4;1;2;3;1;6;2;0;1;0;0;1;0;1;2;1;1;1;1;0;1;2;3;0;3;1;2;0;0;1;1;0;3;2;1;0;0;0;0;0;2;1;1;0;0;1;1;0;0;1;0;0;0;0;0;0;0;0;0;0;0;0;0;0;0;1;0;0;0;1;0;0;0;0;0;0;0;0;1;0;0;0;3;0;0;0;0;0
;;6;Kisoenpersad, S.;94;1;4;0;2;2;2;0;0;1;0;4;0;0;1;0;0;1;0;2;2;0;5;1;0;2;1;0;0;0;0;0;0;2;0;2;3;2;0;0;0;0;3;0;1;1;11;1;2;1;1;8;4;3;0;0;1;2;0;1;0;0;0;0;0;0;1;2;1;0;0;2;0;0;0;1;0;0;0;0;0;0;1;0;0;0;0;0;1;0;0;0;0;0;1;0;1;1;0;0;0;0;1;0;1;0
;;7;Tromp, M.F.;138;1;1;0;1;4;1;3;3;4;5;3;0;2;0;1;3;4;4;3;2;2;2;6;0;2;2;2;0;1;0;1;0;1;2;1;2;0;2;0;2;1;0;5;1;1;2;1;1;0;4;2;1;1;7;1;0;1;1;4;1;0;0;0;0;0;1;0;1;1;2;1;0;1;1;1;0;2;1;3;0;0;0;2;3;0;0;2;0;0;0;0;0;0;2;0;1;4;0;0;0;0;0;1;0;0
;;8;Nyp, N.K.;291;0;3;1;4;1;2;0;0;1;0;2;1;0;4;0;3;0;0;0;4;0;0;4;1;2;0;0;0;0;3;3;2;6;1;3;0;1;0;1;1;0;3;2;105;27;3;1;2;1;3;5;1;1;2;0;2;4;1;1;2;2;7;17;10;0;0;1;1;0;2;2;1;1;0;6;0;4;0;0;0;0;0;0;0;0;0;0;2;0;1;0;0;0;1;1;3;0;2;0;0;1;0;4;1;1
;;9;Kisoenpersad, D.R.;80;2;2;0;0;0;0;2;1;3;0;0;0;1;1;0;0;3;2;0;0;3;3;5;0;1;2;1;1;2;0;0;0;2;3;2;0;0;1;2;0;1;1;0;0;0;2;1;3;1;1;2;0;0;0;0;0;5;3;0;1;0;1;4;0;0;0;0;0;0;1;0;0;1;0;0;0;0;0;0;1;0;0;0;0;0;0;0;0;0;0;0;2;3;0;0;1;0;0;0;0;0;0;0;0;0
;;10;van Gelderen, R.;205;1;1;1;7;1;3;0;0;5;0;7;2;1;4;0;3;0;6;2;4;4;0;6;4;0;2;3;2;2;0;5;7;10;3;11;1;4;3;1;8;1;8;5;0;0;5;3;3;2;2;3;7;2;1;2;4;2;3;0;1;3;0;2;0;0;0;3;0;0;0;0;0;0;0;0;0;1;1;0;0;0;0;4;1;0;0;1;0;0;0;0;3;0;1;0;4;0;1;0;1;0;1;0;0;0
;;11;van der Woude, K.;66;0;0;1;0;2;1;2;0;0;0;6;2;1;2;0;2;0;0;0;1;1;3;0;0;0;0;2;1;2;0;0;0;1;0;0;0;1;1;2;1;1;0;1;0;1;2;0;1;1;2;0;0;0;1;0;0;3;1;0;0;0;0;0;2;0;0;1;1;0;0;1;0;0;0;0;0;0;1;0;0;0;0;1;0;0;0;0;0;0;0;0;0;1;2;1;3;2;0;0;0;0;0;1;0;0
;;12;Klompstra, N.;34;0;0;0;0;1;0;3;0;1;0;0;0;0;2;0;3;0;1;0;0;0;0;0;0;0;1;0;0;0;0;1;0;0;0;1;0;0;0;2;0;0;0;0;2;0;0;1;0;0;0;2;1;0;0;0;0;3;1;0;0;0;0;0;1;1;0;0;0;0;0;0;1;0;0;1;0;0;0;0;0;0;0;0;0;0;0;1;0;0;0;0;0;1;2;0;0;0;0;0;0;0;0;0;0;0
;;13;Faber, R.;27;0;0;1;0;0;0;0;0;0;0;0;0;3;0;0;0;0;0;0;2;1;0;0;0;0;0;0;0;1;1;0;1;1;0;2;0;0;3;0;1;0;0;0;0;0;0;1;2;0;0;1;1;0;1;0;0;0;1;0;0;0;0;0;0;0;0;0;0;0;0;2;0;0;0;0;0;0;0;0;0;0;0;0;0;0;0;0;0;0;0;0;0;0;0;0;0;0;0;0;0;0;0;1;0;0
;;14;Frank, W.G.;60;0;0;0;0;1;0;0;0;2;0;3;2;0;0;0;0;4;3;1;2;1;1;8;0;0;1;1;1;0;0;0;4;1;1;2;0;0;0;3;1;0;1;2;0;0;0;0;0;2;0;1;2;2;1;2;0;0;2;0;0;0;1;0;0;0;0;0;0;0;0;0;0;0;0;0;0;0;0;0;0;0;0;0;0;0;0;0;0;0;0;0;0;0;0;0;0;1;0;0;0;0;0;0;0;0
;;15;Herder, R.J.P.;23;0;0;0;0;0;0;0;0;0;0;0;0;0;0;0;0;0;0;0;0;0;0;0;0;0;2;0;0;0;1;0;0;1;0;2;1;0;0;1;2;0;0;0;0;0;2;0;1;0;0;0;0;1;1;0;0;3;0;0;0;0;0;0;0;0;0;1;0;0;0;0;2;0;0;0;0;0;0;0;0;0;0;0;0;0;1;0;0;0;0;0;0;0;0;0;0;0;0;1;0;0;0;0;0;0
;;16;Tolk, H.J.;14;0;1;0;0;0;0;0;0;3;0;1;0;0;0;0;0;0;0;0;0;0;0;0;0;0;0;2;0;0;0;0;0;0;1;0;0;0;0;0;0;0;0;0;0;0;0;0;0;0;0;0;0;0;1;0;0;2;0;0;1;0;0;0;0;0;0;0;0;0;0;1;0;0;0;0;0;0;1;0;0;0;0;0;0;0;0;0;0;0;0;0;0;0;0;0;0;0;0;0;0;0;0;0;0;0
;;17;van Gelderen, O.;27;1;0;1;0;0;1;0;0;0;0;0;0;0;0;0;0;0;0;2;0;0;0;1;1;1;0;0;1;1;0;2;1;0;0;0;1;4;0;1;2;0;0;0;0;0;0;0;3;1;2;0;0;0;0;0;0;0;0;0;0;0;0;0;0;0;0;0;0;0;0;0;0;0;0;0;0;0;0;0;0;0;0;0;0;0;0;0;0;0;0;0;0;0;0;0;0;0;0;0;0;0;0;0;0;0
;;18;Hoeksma, F.;51;0;1;1;3;0;0;0;0;1;0;6;0;0;0;0;0;0;0;1;0;0;0;0;3;1;0;0;0;0;1;3;0;0;1;0;0;0;0;0;0;0;5;3;0;0;0;1;0;0;1;1;2;1;0;0;0;2;1;1;0;0;0;0;0;0;0;0;1;0;0;0;0;0;0;0;0;0;0;0;2;0;1;0;0;1;0;0;0;0;0;0;1;0;1;1;1;1;0;0;1;0;0;0;0;0
;;19;Poelstra, M.J.;17;0;0;1;0;0;0;0;1;0;0;0;0;0;1;0;2;0;1;0;0;0;0;2;0;1;0;0;0;2;0;1;0;0;0;0;0;0;0;0;0;0;0;0;1;1;0;0;0;0;0;0;0;0;0;0;0;0;0;0;0;0;0;0;0;0;0;0;0;0;0;1;0;0;0;0;0;0;0;1;0;0;0;0;0;0;0;0;0;0;0;0;0;0;0;0;0;1;0;0;0;0;0;0;0;0
;;20;Faber, J.S.;32;0;0;0;3;0;0;1;0;0;0;2;0;0;0;0;0;1;4;0;0;0;1;0;0;1;0;0;1;1;0;1;0;0;2;0;0;1;0;1;0;1;0;0;0;0;0;0;1;0;2;0;0;0;0;0;0;0;0;1;0;0;0;0;0;0;3;0;0;0;0;0;1;0;0;0;0;0;0;0;0;0;1;0;0;0;0;0;0;0;0;0;0;0;0;0;0;0;0;0;0;0;0;0;2;0
;;21;van Daalen, H.;164;0;1;1;5;2;2;3;2;4;1;9;4;2;3;0;4;1;3;2;2;0;3;4;2;1;2;2;0;3;1;4;5;0;1;2;0;4;4;5;2;0;2;7;0;0;2;0;0;6;2;0;2;5;2;1;4;1;1;0;1;0;1;2;0;1;2;0;0;0;0;1;2;3;0;0;0;0;1;3;0;0;1;0;2;0;1;0;0;0;0;0;0;1;2;2;0;2;0;0;0;5;0;0;0;0
9;Forum voor Democratie;;;2149;17;25;26;39;37;36;30;17;49;32;50;14;19;24;25;46;28;28;27;45;34;38;38;31;16;40;19;25;33;26;5;45;38;27;40;34;22;24;28;24;11;22;19;12;14;19;25;43;29;39;34;24;30;16;13;27;37;22;39;14;18;25;48;18;14;16;21;16;8;10;24;19;13;4;28;11;9;4;4;2;7;7;1;2;3;8;5;7;3;2;0;2;11;5;10;16;5;7;0;0;6;15;15;10;0
;;1;Oudhuis, K.J.J.;1444;12;18;18;31;24;23;19;12;34;21;29;8;8;17;22;32;22;20;18;23;21;26;24;18;15;33;17;20;20;23;3;32;30;17;31;23;15;18;18;19;8;17;12;8;10;19;15;31;22;27;26;13;21;8;7;14;26;15;22;10;11;16;9;11;9;13;10;8;5;7;16;11;10;4;14;6;5;2;2;2;3;6;1;2;3;5;5;7;2;2;0;1;9;3;9;13;4;6;0;0;5;7;6;9;0
;;2;Feenstra, N.;160;1;0;1;5;1;1;3;2;3;6;3;1;3;1;1;5;3;3;2;4;6;4;4;1;1;2;0;1;5;1;0;3;0;2;1;6;3;1;2;0;1;1;4;1;1;0;4;6;2;3;1;1;2;0;1;1;2;0;2;0;2;1;1;0;1;1;0;2;2;2;3;2;0;0;3;2;0;2;2;0;1;0;0;0;0;2;0;0;0;0;0;0;0;0;0;1;0;0;0;0;0;5;0;0;0
;;3;Janssen, G.W.J.;98;0;1;0;1;3;1;2;1;4;4;4;1;2;1;0;1;1;0;1;3;2;1;1;4;0;4;0;0;5;0;0;1;1;2;1;1;1;4;1;2;1;0;1;0;0;0;1;3;1;2;0;1;1;1;2;4;1;0;3;1;1;0;0;1;1;1;0;1;0;0;1;2;0;0;0;0;1;0;0;0;0;1;0;0;0;0;0;0;0;0;0;0;2;1;0;0;0;0;0;0;0;0;0;0;0
;;4;de Groot, E.A.;44;0;1;1;0;3;1;0;0;1;0;0;0;1;1;1;2;0;3;0;3;0;0;3;0;0;1;0;0;0;0;0;1;1;1;2;0;0;0;0;0;0;0;0;0;0;0;0;0;1;1;1;0;2;0;2;0;0;0;1;0;1;0;1;1;0;1;0;1;0;0;0;1;0;0;1;0;0;0;0;0;0;0;0;0;0;0;0;0;0;0;0;0;0;0;0;0;0;0;0;0;1;1;0;0;0
;;5;Blom, R.;150;1;1;3;0;1;5;1;0;0;0;7;2;2;1;1;1;1;0;1;3;0;1;3;2;0;0;2;0;2;0;0;1;1;1;0;0;3;0;0;1;0;0;0;2;0;0;3;1;0;0;2;9;1;0;1;0;1;0;6;3;2;7;34;4;1;0;4;0;0;0;0;0;0;0;8;2;2;0;0;0;0;0;0;0;0;0;0;0;0;0;0;0;0;0;0;1;0;0;0;0;0;1;7;0;0
;;6;Wiersma, H.;75;0;2;1;0;3;0;1;2;3;0;5;1;0;1;0;0;1;2;1;3;1;1;1;1;0;0;0;0;0;1;1;1;2;0;1;0;0;0;3;0;0;0;0;1;1;0;0;2;2;0;0;0;1;1;0;0;5;4;2;0;0;0;1;1;2;0;0;2;0;0;1;0;1;0;0;1;0;0;0;0;0;0;0;0;0;1;0;0;1;0;0;1;0;0;0;1;1;1;0;0;0;1;1;0;0
;;7;Schepel, H.J.;25;1;1;0;0;0;1;0;0;0;0;0;0;1;0;0;0;0;0;0;5;0;0;0;0;0;0;0;0;1;0;0;3;0;1;1;1;0;0;0;0;1;2;0;0;0;0;1;0;0;0;1;0;0;0;0;2;0;0;0;0;0;0;0;0;0;0;0;0;0;1;0;0;0;0;0;0;0;0;0;0;0;0;0;0;0;0;0;0;0;0;0;0;0;1;0;0;0;0;0;0;0;0;0;0;0
;;8;Dijkstra, A.;28;1;0;0;1;0;1;2;0;1;0;0;0;0;2;0;3;0;0;1;0;0;0;1;2;0;0;0;1;0;0;1;0;0;0;0;0;0;1;1;1;0;0;0;0;0;0;0;0;0;2;0;0;0;0;0;3;0;0;0;0;1;0;1;0;0;0;0;0;0;0;0;0;0;0;0;0;0;0;0;0;0;0;0;0;0;0;0;0;0;0;0;0;0;0;1;0;0;0;0;0;0;0;0;0;0
;;9;van der Mey, N.;66;0;1;1;0;1;0;1;0;0;1;2;1;1;0;0;1;0;0;1;1;3;2;0;0;0;0;0;2;0;0;0;1;1;1;1;2;0;0;1;0;0;1;1;0;2;0;1;0;1;3;1;0;1;0;0;3;1;0;2;0;0;1;1;0;0;0;7;2;1;0;2;3;1;0;1;0;1;0;0;0;2;0;0;0;0;0;0;0;0;0;0;0;0;0;0;0;0;0;0;0;0;0;0;1;0
;;10;Portheine, M.R.;59;1;0;1;1;1;3;1;0;3;0;0;0;1;0;0;1;0;0;2;0;1;3;1;3;0;0;0;1;0;1;0;2;2;2;2;1;0;0;2;1;0;1;1;0;0;0;0;0;0;1;2;0;1;6;0;0;1;3;1;0;0;0;0;0;0;0;0;0;0;0;1;0;1;0;1;0;0;0;0;0;1;0;0;0;0;0;0;0;0;0;0;0;0;0;0;0;0;0;0;0;0;0;1;0;0
10;GROENLINKS;;;9034;151;178;260;237;222;94;191;75;102;119;122;53;120;140;62;107;92;96;179;78;90;75;119;89;74;150;102;44;193;87;104;138;179;75;104;99;112;93;85;72;55;119;90;81;41;86;143;305;100;91;121;84;130;29;147;73;134;129;124;49;67;28;76;65;51;26;58;38;14;42;66;37;49;7;95;96;48;69;56;26;44;43;62;42;27;26;42;14;13;13;23;130;116;42;58;71;47;52;47;41;77;29;26;26;16
;;1;Molenaar, F.;5191;82;95;134;150;131;47;103;46;57;61;79;31;61;74;32;72;46;53;99;45;55;54;68;63;52;96;56;24;104;49;57;80;86;40;69;64;73;68;55;38;27;81;62;40;26;59;72;126;39;52;69;60;85;18;78;43;80;78;85;36;52;19;41;43;38;9;31;26;6;27;36;25;26;3;43;32;24;40;24;12;24;25;39;27;17;18;27;12;6;10;9;67;78;27;34;32;28;32;34;26;38;22;11;18;8
;;2;Stellingwerf, E.;430;9;5;11;11;10;3;5;2;7;11;6;3;2;5;3;6;1;4;3;3;2;2;5;1;2;9;4;1;14;10;13;4;12;0;4;5;6;3;2;6;1;9;3;4;2;5;4;11;6;5;9;3;7;1;2;9;11;3;10;1;1;0;6;3;3;2;3;1;1;2;3;0;2;0;1;2;7;4;8;0;4;6;2;0;1;1;2;1;0;0;1;8;4;1;2;10;1;3;4;1;5;0;3;0;0
;;3;Astro, W.E.;152;1;2;2;4;5;2;0;1;0;0;0;0;3;1;2;2;2;0;3;0;0;0;1;0;1;2;0;0;4;1;2;3;1;0;1;1;1;1;1;0;0;0;0;0;1;2;2;5;0;2;1;0;1;0;1;0;0;6;3;0;0;0;1;1;0;0;0;1;0;1;0;0;0;1;11;37;8;1;0;0;1;1;0;0;1;0;0;0;0;0;3;2;0;2;1;1;0;1;0;0;1;0;1;0;1
;;4;Dragstra, A.W.;42;0;1;1;0;0;0;0;0;2;0;2;0;0;0;2;0;0;0;0;0;0;0;0;0;0;0;0;0;2;0;0;0;0;1;0;1;0;0;0;2;0;2;0;0;0;0;0;1;0;0;6;0;1;0;3;0;4;1;0;0;0;1;0;0;0;1;1;0;0;1;1;0;0;1;0;0;0;0;0;0;0;0;1;0;0;0;0;0;0;0;1;0;0;0;0;0;0;0;2;0;0;0;0;0;0
;;5;van der Meulen, T.M.;566;6;17;21;19;14;6;18;5;5;9;4;3;6;14;6;6;3;3;18;4;3;3;8;5;2;4;10;4;10;2;4;13;17;7;3;10;8;5;5;3;3;5;7;3;0;4;10;31;13;6;12;6;11;0;9;6;8;10;6;1;2;0;6;1;0;1;3;0;0;1;1;0;3;1;7;1;2;2;2;3;1;1;3;3;3;1;1;0;1;0;3;10;10;3;6;7;2;3;2;0;2;2;1;0;1
;;6;Spoelman, W.H.F.;124;1;2;1;3;4;1;1;1;1;2;2;1;0;0;1;2;2;1;1;1;1;0;2;1;2;4;3;1;4;0;2;1;3;2;1;1;3;0;0;0;0;0;0;0;0;1;6;10;1;0;5;0;3;1;4;1;0;3;1;0;0;0;1;1;0;0;0;0;0;6;1;0;0;0;1;0;1;1;0;0;0;0;0;0;0;1;0;0;0;0;0;3;1;1;2;3;0;1;0;1;4;0;0;0;0
;;7;Visbeek, S.J.;75;0;1;3;0;0;0;0;1;0;0;2;2;0;0;0;0;0;0;0;0;3;1;2;1;0;1;0;0;0;0;1;0;0;0;2;0;1;0;0;2;0;0;0;0;0;0;0;1;0;0;0;0;2;0;0;1;2;0;3;0;0;0;0;0;0;6;2;1;0;1;13;4;6;0;1;0;0;0;0;0;0;0;0;0;0;0;0;0;0;0;0;0;3;0;0;1;0;0;0;0;0;0;0;5;0
;;8;Bergsma, A.J.;112;3;6;7;6;0;6;2;1;3;2;0;1;4;3;2;0;5;3;2;2;1;1;2;1;1;0;1;0;4;1;2;0;1;2;1;0;2;0;0;0;1;2;0;1;0;2;0;1;2;1;0;0;0;1;0;0;1;1;0;0;0;0;0;1;0;0;0;1;0;0;0;0;0;0;1;0;0;2;0;0;1;0;0;0;0;0;2;0;0;0;0;5;1;2;2;0;1;0;0;2;0;0;0;0;0
;;9;Vlutters, P.;527;17;17;15;9;17;7;10;5;3;8;5;0;20;9;2;4;7;4;12;7;3;3;6;10;6;7;2;4;10;5;0;11;16;2;4;1;7;1;2;4;9;6;2;1;4;0;13;21;9;12;3;2;6;1;6;8;6;5;3;3;2;4;4;5;1;1;3;1;2;0;0;0;0;0;5;2;2;3;6;4;2;3;5;2;1;0;3;0;2;3;1;9;5;1;3;5;9;6;1;1;9;3;5;0;1
;;10;ter Haar, J.M.C.;49;1;2;0;2;3;0;2;0;0;0;2;1;2;1;0;0;1;0;0;0;0;0;5;0;0;0;0;0;3;1;2;0;0;0;0;0;0;0;0;0;0;0;0;0;0;0;0;1;2;1;0;0;0;0;1;0;0;0;0;0;0;0;1;0;0;0;1;3;0;0;1;0;2;0;0;0;0;0;1;1;0;0;0;1;0;0;0;0;0;0;0;3;0;0;0;0;0;0;1;0;0;0;0;1;0
;;11;Rüsing, A.E.M.;296;3;7;18;7;7;3;14;1;0;1;3;1;5;8;1;0;4;7;12;1;2;0;1;2;1;1;10;4;9;3;4;8;3;2;3;1;1;4;3;0;0;3;1;1;0;2;6;24;4;0;4;4;5;2;8;3;2;7;2;0;2;0;2;2;0;0;0;1;0;0;4;1;0;1;2;0;1;1;3;0;4;0;0;2;0;1;3;0;2;0;0;1;6;0;3;2;1;1;0;4;3;0;0;0;0
;;12;Hossein, A.;107;1;0;2;4;4;0;8;2;2;1;1;2;0;1;0;3;2;3;2;0;1;2;5;1;0;2;1;1;0;1;0;0;6;2;0;1;0;2;1;0;2;0;1;0;0;2;5;4;3;1;4;0;1;0;4;0;1;0;0;1;0;0;2;0;0;0;1;0;0;0;0;0;0;0;0;0;0;1;2;0;0;0;0;1;0;0;0;0;0;0;0;1;0;1;0;1;1;1;0;0;1;0;1;0;0
;;13;Hempenius, C.A.A.;56;1;3;2;0;0;1;1;0;0;0;0;0;2;1;1;0;0;1;0;1;0;1;0;0;0;1;4;0;1;0;0;0;4;4;1;0;0;0;1;1;0;0;1;0;0;0;2;5;1;0;1;1;0;0;0;0;0;1;0;2;0;2;0;0;0;0;0;0;0;0;0;0;0;0;0;0;0;2;3;0;0;0;0;0;0;0;0;0;0;0;0;0;0;0;1;0;1;0;0;0;1;0;0;0;0
;;14;Faber, J.N.;140;5;5;8;1;1;2;2;1;1;5;1;3;1;3;3;1;6;0;5;3;2;0;4;0;1;1;3;1;2;3;1;4;1;1;1;2;0;1;1;1;0;3;1;0;0;0;2;11;2;0;0;0;1;1;3;0;2;2;1;1;0;0;1;0;0;0;2;0;0;0;2;0;0;0;0;0;0;2;1;0;1;1;2;0;0;0;0;0;0;0;0;2;0;1;1;1;1;0;0;2;2;1;0;0;0
;;15;Germeraad, A.;69;0;0;0;3;0;0;0;0;0;0;0;0;1;0;0;0;1;0;1;0;0;1;0;0;3;0;0;0;0;0;1;0;2;1;1;2;1;0;4;1;0;1;1;0;0;1;0;1;1;1;0;3;3;0;0;0;0;0;1;1;0;1;0;0;0;4;8;2;4;0;0;4;5;0;0;0;0;0;0;0;0;0;0;0;0;0;0;0;0;0;0;1;1;0;0;0;0;0;0;0;0;0;0;2;0
;;16;Bloemhof, A.;101;4;0;3;0;3;2;1;0;1;3;0;1;1;1;0;1;3;1;3;1;1;3;0;1;1;1;1;0;1;5;4;0;4;1;0;0;0;0;2;1;3;0;3;1;0;2;1;7;1;1;0;0;1;0;1;0;2;4;1;1;1;0;1;0;0;0;0;0;0;0;1;2;0;0;0;0;0;2;1;0;0;2;0;0;0;0;0;0;0;0;0;1;0;0;1;2;0;0;0;0;2;0;1;0;0
;;17;Noordenbos, IJ.M.;48;2;1;1;3;1;0;1;1;0;1;2;0;0;4;1;2;0;0;1;2;0;0;0;2;0;3;0;0;0;1;0;0;0;0;0;0;0;0;0;0;7;0;0;0;0;0;0;2;1;0;0;0;0;0;0;0;0;0;0;0;0;0;3;0;0;0;0;1;0;0;0;1;0;0;0;1;0;0;0;0;0;0;0;0;0;1;0;0;0;0;0;1;0;0;0;0;0;0;0;0;1;0;0;0;0
;;18;Wiersma, S.J.;27;0;0;1;0;1;0;1;1;0;0;0;0;9;1;0;0;0;1;1;0;2;0;0;0;0;0;0;0;0;0;0;0;0;0;0;0;0;0;1;1;0;0;0;0;0;0;0;0;3;0;0;0;1;0;0;0;1;0;0;0;1;0;0;0;0;0;0;0;0;0;0;0;0;0;0;0;0;1;0;0;0;0;0;0;0;0;0;0;0;0;0;0;0;0;0;0;0;0;0;0;0;0;0;0;0
;;19;Arnold, A.G.;14;0;0;1;0;1;0;1;0;0;0;0;0;0;0;0;1;0;1;0;0;0;0;0;0;0;0;0;1;0;0;0;0;1;0;0;1;0;0;0;0;0;0;0;0;0;0;2;1;0;0;0;0;0;0;0;0;0;0;0;0;0;0;0;0;0;0;0;0;0;0;0;0;0;0;0;0;0;2;0;1;0;0;0;0;0;0;0;0;0;0;0;0;0;0;0;0;0;0;0;0;0;0;0;0;0
;;20;van Manen, Y.J.;88;1;0;2;0;2;0;1;0;0;0;0;0;0;0;0;3;0;0;1;1;1;0;1;0;0;0;0;0;0;0;0;1;0;0;2;1;0;0;0;0;0;0;0;26;5;0;0;1;1;0;2;0;0;0;4;0;3;1;4;1;0;0;1;7;3;0;0;0;0;0;0;0;0;0;0;1;1;0;0;0;0;0;1;0;0;0;0;1;0;0;1;0;2;0;0;0;0;0;0;3;0;0;1;0;1
;;21;Kooistra, T.;12;0;1;0;0;0;1;1;1;1;0;0;0;0;0;0;0;0;0;0;0;0;0;0;0;0;0;0;0;0;2;0;0;0;0;0;0;0;0;0;0;0;0;0;0;0;1;0;0;0;0;0;0;0;0;0;0;0;0;0;0;0;0;0;0;0;0;0;0;0;0;2;0;1;0;0;0;0;0;0;0;0;0;0;0;0;0;0;0;0;0;0;0;0;0;0;1;0;0;0;0;0;0;0;0;0
;;22;Blank, E.J.E.;21;1;0;0;0;0;0;0;0;1;0;0;0;0;1;0;0;0;1;1;0;2;0;0;0;0;0;0;0;0;0;1;0;0;0;0;0;0;1;0;1;0;1;0;0;0;0;1;2;0;1;0;0;0;0;0;0;2;0;1;0;0;0;0;0;0;0;0;0;0;0;0;0;0;0;0;0;0;0;1;0;0;0;0;0;1;0;0;0;0;0;0;1;0;0;0;0;0;0;0;0;0;0;0;0;0
;;23;Dijkstra, T.J.;22;0;0;1;1;1;1;0;1;0;0;0;1;0;1;0;0;0;0;0;0;0;0;0;0;0;1;1;0;0;0;0;0;0;0;1;0;1;0;0;0;0;0;1;0;1;0;0;0;1;0;0;0;0;1;0;0;0;0;0;0;0;0;0;0;1;0;0;0;0;0;0;0;1;0;0;3;0;0;0;0;0;0;1;0;0;0;0;0;0;0;0;0;1;0;0;0;0;0;0;0;0;0;0;0;0
;;24;Posthumus, J.M.A.;23;0;1;0;0;0;0;1;0;3;0;0;0;0;0;0;0;0;0;0;0;1;0;0;0;0;2;0;0;1;0;1;0;0;1;0;1;0;1;0;1;0;1;0;2;0;0;0;1;0;0;0;0;0;0;1;0;0;0;0;0;0;0;0;0;2;0;0;0;0;0;0;0;0;0;0;0;0;0;0;0;0;0;0;0;0;0;0;0;0;0;0;0;0;1;0;0;1;0;0;0;0;0;0;0;0
;;25;Youssef, S.;396;9;9;18;7;9;7;9;3;11;7;7;3;2;9;5;3;5;5;9;5;6;2;5;0;1;7;3;0;18;2;7;8;10;7;4;5;6;4;3;3;0;2;4;2;0;2;12;21;7;4;3;1;0;3;13;1;6;4;3;0;1;1;3;0;1;1;1;0;0;1;0;0;3;0;1;2;0;3;4;2;5;1;4;1;0;0;2;0;2;0;0;9;3;1;2;2;0;2;1;0;5;0;1;0;0
;;26;Hoekstra, K.;12;0;0;0;0;0;0;0;0;0;0;0;0;0;0;0;0;0;1;0;1;0;0;0;0;0;0;0;0;0;0;0;0;2;0;1;0;0;0;0;0;0;0;0;0;0;0;0;3;0;1;0;0;0;0;0;0;0;0;0;0;0;0;0;0;0;0;0;0;1;0;0;0;0;0;1;0;0;0;0;0;0;0;0;0;0;0;0;0;0;0;0;0;1;0;0;0;0;0;0;0;0;0;0;0;0
;;27;Dijkstra, S.W.;28;0;0;0;0;0;0;0;0;0;0;0;0;0;0;0;0;0;0;1;0;0;1;0;0;0;0;0;0;0;0;0;0;1;0;0;0;0;0;0;0;0;0;0;0;0;0;1;1;0;0;0;0;0;0;0;0;0;0;0;1;0;0;0;0;0;1;0;0;0;0;0;0;0;0;15;0;0;0;0;0;0;0;0;0;0;0;0;0;0;0;2;2;0;0;0;0;0;0;0;0;0;0;0;0;2
;;28;van der Burg, A.F.M.;40;0;0;2;1;1;0;0;1;0;2;0;0;0;0;0;0;0;0;0;0;1;0;2;0;0;0;0;0;0;0;0;0;0;0;1;0;0;0;1;1;1;0;0;0;0;0;0;1;1;1;0;1;0;0;1;0;0;0;0;0;1;0;0;0;1;0;0;0;0;0;0;0;0;0;0;15;0;0;0;0;0;1;0;0;0;0;0;0;0;0;1;1;0;0;0;1;0;0;0;0;0;0;0;0;0
;;29;Veenstra, S.;4;0;0;0;0;0;0;0;0;0;0;2;0;0;0;0;0;0;1;0;0;0;0;0;0;0;0;0;0;0;0;0;0;0;0;0;0;0;0;0;0;0;0;0;0;0;0;0;0;0;0;0;0;0;0;0;0;0;0;0;0;0;0;0;0;0;0;0;0;0;0;0;0;0;0;0;0;0;0;0;1;0;0;0;0;0;0;0;0;0;0;0;0;0;0;0;0;0;0;0;0;0;0;0;0;0
;;30;Bulens, G.A.;19;0;0;0;1;1;0;0;0;0;2;0;0;0;0;0;0;0;0;1;0;1;0;0;0;0;1;0;0;0;0;0;0;3;0;0;0;1;0;0;0;0;0;1;0;0;1;0;1;0;0;1;0;0;0;1;0;0;1;0;0;0;0;0;0;0;0;0;0;0;0;0;0;0;0;0;0;0;0;0;0;0;0;0;0;0;0;0;0;0;0;0;0;0;0;0;2;0;0;0;0;0;0;0;0;0
;;31;van Hooff, T.T.H.;3;0;0;0;0;0;0;0;0;0;0;1;0;0;0;0;0;0;0;0;0;0;0;0;0;0;0;0;0;0;0;0;0;0;0;0;0;0;0;0;0;0;0;0;0;0;0;0;2;0;0;0;0;0;0;0;0;0;0;0;0;0;0;0;0;0;0;0;0;0;0;0;0;0;0;0;0;0;0;0;0;0;0;0;0;0;0;0;0;0;0;0;0;0;0;0;0;0;0;0;0;0;0;0;0;0
;;32;Leicht, D.;19;0;1;0;0;0;0;0;0;0;0;1;0;0;0;0;0;0;3;1;0;0;1;0;0;0;0;2;1;0;0;0;1;1;0;1;1;0;0;0;1;1;0;0;0;0;0;1;0;0;0;0;0;0;0;0;0;0;0;0;0;0;0;0;0;0;0;0;0;0;0;0;0;0;0;0;0;0;0;0;0;0;0;2;0;0;0;0;0;0;0;0;0;0;0;0;0;0;0;0;0;0;0;0;0;0
;;33;Postma, T.T.;11;0;0;1;1;0;0;0;0;1;0;0;0;0;1;0;0;0;0;0;0;0;0;0;0;0;0;0;0;3;0;0;0;0;0;0;0;0;0;0;0;0;0;1;0;1;0;0;0;0;0;0;0;0;0;0;0;0;0;0;0;0;0;0;0;0;0;0;0;0;0;0;0;0;0;0;0;0;0;0;0;0;0;0;1;0;0;0;0;0;0;0;0;0;0;0;0;0;0;1;0;0;0;0;0;0
;;34;Sarti, J.W.;19;0;1;0;2;0;2;1;0;0;0;0;0;0;0;1;0;0;0;0;0;0;0;0;0;0;0;0;0;2;1;0;0;0;0;0;0;0;0;0;1;0;0;0;0;0;0;1;3;1;0;0;0;1;0;0;0;0;0;0;0;0;0;0;0;0;0;0;0;0;0;0;0;0;0;0;0;0;0;0;0;0;0;0;0;0;0;0;0;0;0;0;1;0;0;0;0;0;0;0;0;1;0;0;0;0
;;35;Kuipers, C.M.;18;0;1;1;0;1;0;0;0;0;0;0;0;0;0;0;0;0;1;0;1;1;0;0;0;0;2;0;0;0;0;0;0;1;2;1;0;0;1;0;0;0;0;0;0;0;0;0;1;0;0;0;1;0;0;2;0;0;0;0;0;0;0;0;0;0;0;1;0;0;0;0;0;0;0;0;0;0;0;0;0;0;0;0;0;0;0;0;0;0;0;0;0;0;0;0;0;0;0;0;0;0;0;0;0;0
;;36;van der Hoek, E.P.;45;2;0;1;0;0;1;2;0;0;0;0;0;1;0;0;0;1;1;0;0;0;0;1;0;1;4;0;1;0;0;1;2;1;0;1;0;0;0;3;1;0;1;1;0;0;2;0;1;0;0;0;0;0;0;0;0;3;0;0;0;2;0;0;0;0;0;0;0;0;0;0;0;0;0;0;0;0;0;0;0;0;2;0;2;2;0;1;0;0;0;0;0;0;0;0;0;1;1;0;1;0;0;0;0;0
;;37;Meerdink, P.;18;2;0;0;0;0;0;1;0;1;0;0;0;0;0;0;0;1;0;0;0;0;0;1;1;0;1;1;0;0;0;0;1;0;0;0;0;0;0;0;0;0;0;0;0;0;0;0;1;1;0;0;1;1;0;0;0;0;0;0;0;0;0;0;1;0;0;0;0;0;0;0;0;0;0;1;0;0;0;0;0;0;0;0;0;0;1;0;0;0;0;0;0;0;0;0;0;0;1;0;0;0;0;0;0;0
;;38;van Gessel, P.H.;4;0;0;0;0;0;0;0;0;0;0;0;0;0;0;0;0;0;0;0;0;1;0;0;0;0;0;0;0;0;0;0;0;0;0;0;0;0;0;0;1;0;0;0;0;0;0;0;0;0;0;0;0;0;0;0;0;0;0;0;0;0;0;0;0;0;0;0;0;0;0;0;0;0;0;0;0;0;0;0;0;0;0;0;0;0;0;0;0;0;0;0;0;0;0;0;0;0;0;0;0;2;0;0;0;0
;;39;Reijndorp, M.;12;0;0;0;1;0;0;0;0;0;0;0;0;0;1;0;0;0;0;0;0;0;0;0;0;0;0;0;0;1;0;0;0;0;0;0;0;0;0;0;0;0;0;0;0;0;0;0;0;0;0;0;0;0;0;1;0;0;0;0;0;0;0;0;0;1;0;0;0;0;0;0;0;0;0;4;0;0;0;0;0;0;0;0;1;0;0;0;0;0;0;0;1;0;0;0;0;0;0;0;0;0;0;0;0;1
;;40;van der Heide, A.;16;0;0;0;0;2;2;2;0;2;0;0;0;0;0;0;1;0;0;0;0;0;0;0;0;0;0;0;0;0;0;0;0;1;0;0;0;0;0;0;0;0;0;0;0;0;0;0;1;0;0;0;0;0;0;1;0;0;0;0;0;0;0;0;0;0;0;0;0;0;0;0;0;0;0;0;0;0;2;0;0;0;0;0;0;0;0;0;0;0;0;1;0;0;0;0;0;0;0;0;0;0;0;0;0;1
;;41;Langhout, D.;43;0;0;3;0;3;0;2;0;0;1;1;0;0;1;0;0;2;0;1;0;0;0;0;0;0;0;0;0;0;0;0;1;2;0;1;1;1;0;0;1;0;2;0;0;1;0;1;0;0;1;1;1;0;0;0;1;0;0;0;0;2;0;1;0;0;0;1;0;0;2;1;0;0;0;1;0;0;0;0;0;1;0;0;0;0;2;0;0;0;0;0;0;0;0;0;0;0;0;1;0;0;1;1;0;0
;;42;Wassink, J.B.;35;0;0;0;1;0;0;1;1;0;3;1;0;0;0;0;0;0;1;1;0;0;0;0;0;0;0;0;1;0;0;1;0;0;0;0;0;0;1;0;1;0;0;0;0;0;0;1;2;0;1;0;0;0;0;3;0;0;2;0;0;0;0;2;0;0;0;0;0;0;0;0;0;0;0;0;0;2;0;0;2;0;0;2;1;1;0;1;0;0;0;0;1;0;1;0;0;0;0;0;0;0;0;0;0;0
