Verkiezing;;Gemeenteraad Almere 2022;;;;;;;;;;;;;;;;;;;;;;;;;;;;;;;;;;;;;;;;;;;;;;;;;;;;;;;;;;;;;;;;;;;;;;;;;;;;;;;;;;;;;;;;;;;;;;;;;;;;;;;;;;;;;;;;;;;;;;;;
Datum;;2022-03-16;;;;;;;;;;;;;;;;;;;;;;;;;;;;;;;;;;;;;;;;;;;;;;;;;;;;;;;;;;;;;;;;;;;;;;;;;;;;;;;;;;;;;;;;;;;;;;;;;;;;;;;;;;;;;;;;;;;;;;;;
Gebied;;Gemeente Almere;;;;;;;;;;;;;;;;;;;;;;;;;;;;;;;;;;;;;;;;;;;;;;;;;;;;;;;;;;;;;;;;;;;;;;;;;;;;;;;;;;;;;;;;;;;;;;;;;;;;;;;;;;;;;;;;;;;;;;;;
Nummer;;0034;;;;;;;;;;;;;;;;;;;;;;;;;;;;;;;;;;;;;;;;;;;;;;;;;;;;;;;;;;;;;;;;;;;;;;;;;;;;;;;;;;;;;;;;;;;;;;;;;;;;;;;;;;;;;;;;;;;;;;;;
;;;;;;;;;;;;;;;;;;;;;;;;;;;;;;;;;;;;;;;;;;;;;;;;;;;;;;;;;;;;;;;;;;;;;;;;;;;;;;;;;;;;;;;;;;;;;;;;;;;;;;;;;;;;;;;;;;;;;;;;;;
Lijstnummer;Aanduiding;Volgnummer;Naam kandidaat;Totaal;Stadhuis 1;Buurtcentrum Corrosia;Buurtcentrum Kolkzicht;Info Centrum;School De Klaverweide;Buurtcentrum Amerika;Buurtcentrum De Inloop 1;Buurtcentrum Meenten en Grienden;Gymzaal Bosgouw;Party Centrum Spotlight;De Buitenkans;Buurtcentrum De Draaikolk;School Digitalis;Buurtcentrum De Inloop 2;School De Argonaut;Buurtcentrum De Wieken;Taalcentrum Almere locatie Kruidenwijk;Buurtcentrum Parkwijk;Buurtcentrum 't Kardoes;Zorgcentrum Buitenhaeghe;School De Lettertuin;Wooncentrum De Rotonde;Montessorischool Muziekwijk;Taalcentrum Almere, locatie Bloemenbuurt;De Toonladder, gebouw De Concertmeester;Buurtlokaal De Dop;School Bommelstein;School De Olijfboom;Buurtcentrum Het Forum;Filmwijkcentrum;School Aurora;Ontmoetingshuis De Kern;School De Kraanvogel;Taalcentrum Almere locatie Filmwijk;De Buurtschuur Nobelhorst;School De Omnibus;School Letterland;School De Optimist;School De Archipel 1;Buurtcentrum Cobra;Brede school Het Meesterwerk;School De Archipel 2;Buurtcentrum Het Boegbeeld;Brede School De Compositie;School Het Avontuur;Buurtcentrum De Cartoon;Huis van de Waterwijk;Kerkcentrum Goede Rede;School De Verbinding;School De Architect;Kerkgebouw 't Klankbord;Stadhuis 2;School Polygoon;Gymzaal Johan Jongkindstraat 1;Sportzaal Henry Stanleystraat;Buurtcentrum De Ruimte;Gymzaal Vrijmark;Gymzaal Danslaan;MBO College Almere Buiten;Tent Bizonplantsoen;MBO College Poort;Clubhuis Handbalclub Najaden;Buitencentrum Almeerderhout;Drive-Through 1 Doemere;Gymzaal Buitenhof;Gymzaal Meerveldplein;Gymzaal Amsterdamweg;Gymzaal Leeuwardenplein;Gymzaal Lingestraat;Gymzaal Regenboogweg 1;Gymzaal Luitstraat;Gymzaal Aprilstraat;Gymzaal Johan Jongkindstraat 2;Gymzaal Willem de Vlaminghstraat;Sportzaal Kraaiennest 1;Sportzaal Kraaiennest 2;Sportzaal Basilicumweg;Sportzaal Binnenkruierstraat;Gymzaal Makassarweg;Gymzaal C. van Eesterenplein;Gymzaal Kornetstraat;Buurtcentrum De Bazuin;Sportzaal Max Planckstraat;Gymzaal Vergeet-mij-nietjestraat;EveNaarHuis;Levend Waterkerk Almere;Drive-Through De Steiger;Blaashal Almere Poort;Buurtcentrum Amerika;Buurtcentrum De Inloop;Gymzaal Regenboogweg 2;Levend Waterkerk Almere;De Buurtschuur Nobelhorst;Buurtcentrum Het Boegbeeld;School Het Avontuur;Kerkcentrum Goede Rede;Stadhuis;Buurtcentrum Amerika;Buurtcentrum De Inloop;Drive-Through 2 Doemere;Drive-Through  Doemere;Drive-Through  Doemere;Gymzaal Luitstraat;Gymzaal Cranberrylaan;Sportzaal Basilicumweg;Levend Waterkerk Almere;De Buurtschuur Nobelhorst;Buurtcentrum Het Boegbeeld;School Het Avontuur;Kerkcentrum Goede Rede;Stadhuis;Drive-Through 3 Doemere;Drive-Through  Doemere;Drive-Through  Doemere;Gymzaal Luitstraat;Gymzaal Cranberrylaan;Sportzaal Basilicumweg;Drive-Through 4 Doemere
Gebiednummer;;;;;1;4;5;6;7;9;10;12;15;19;20;22;23;25;29;34;38;41;44;45;46;47;48;49;53;54;56;57;59;61;62;64;65;67;68;69;70;72;73;75;76;77;78;79;80;81;85;86;87;95;97;100;105;108;110;111;112;113;114;118;119;120;121;123;124;126;128;130;131;133;135;136;138;139;140;141;142;144;156;157;158;159;160;162;163;164;166;169;209;210;233;264;268;278;280;286;300;309;310;323;324;325;335;337;342;364;368;378;380;386;400;423;424;425;435;437;442;523
Postcode;;;;;1315 HR;1354 AP;1315 EE;1315 XH;1357 CM;1363 LB;1324 WB;1356 AT;1352 GW;1324 RL;1336 GA;1316 EM;1314 PE;1324 WB;1317 HP;1333 GS;1313 GS;1326 CP;1314 NR;1334 EL;1338 TV;1323 NV;1312 LL;1338 WS;1311 KW;1326 PL;1333 TS;1326 AB;1338 AW;1325 SX;1335 BL;1343 AM;1326 HN;1325 SX;1341 BJ;1321 HE;1321 RX;1328 BC;1339 PP;1328 BC;1328 ST;1339 PP;1321 GZ;1328 LE;1336 JG;1336 BA;1316 KX;1354 AM;1326 CR;1333 KM;1312 JD;1315 HR;1325 KA;1318 LW;1363 LB;1363 SV;1355 GK;1326 PL;1334 PA;;1362 LE;1359 HZ;1358 AG;;1354 GR;1359 HM;1324 RL;1324 BH;1316 CS;1339 ET;1312 LG;1335 BL;1318 LW;1335 PP;1319 DA;1319 DA;1313 EH;1333 EC;1335 HZ;1333 HH;1312 XE;1312 LG;1341 DA;1338 SE;1335 JM;1326 AS;1351 AX;1362 LD;1363 LB;1324 WB;1339 ET;1326 AS;1341 BJ;1321 GZ;1336 JG;1354 AM;1315 HR;1363 LB;1324 WB;;;;1312 LG;1326 JR;1313 EH;1326 AS;1341 BJ;1321 GZ;1336 JG;1354 AM;1315 HR;;;;1312 LG;1326 JR;1313 EH;
;opgeroepenen;;;164083;1622;1980;853;1309;1573;2524;1827;1491;1859;1537;1707;1539;2172;1998;1438;1667;2020;2122;2523;1182;1768;2326;964;1691;1864;1952;1795;2312;1772;1648;1976;2996;1780;1563;1800;1967;2672;1972;2326;1331;2308;1818;2477;1853;1996;2731;1322;1896;1983;1593;919;1625;2515;2057;1557;3006;2002;2020;731;1787;2460;1862;397;0;1933;2128;1416;1535;1491;1960;1741;1905;2122;2450;2652;2889;1681;1395;2159;1815;1823;2961;1196;1789;2095;0;1425;3783;0;0;1406;0;0;0;0;0;0;0;0;0;0;0;0;0;0;0;0;0;0;0;0;0;0;0;0;0;0;0
;geldige stempas;;;57692;1133;336;253;116;445;548;453;968;813;93;144;524;398;438;579;408;568;713;323;328;453;683;230;534;929;710;594;413;696;1142;742;962;404;261;809;423;346;437;614;447;581;494;898;702;643;720;592;609;148;479;598;405;889;452;339;1032;728;325;143;658;630;337;189;190;412;793;330;223;327;533;416;531;448;872;1049;695;627;351;215;461;674;372;192;424;323;538;214;441;317;303;600;368;274;297;254;598;564;364;399;164;283;308;372;177;352;557;430;452;415;812;761;241;420;430;536;233;458;301
;geldig volmachtbewijs;;;7734;118;31;33;9;46;84;50;119;86;10;11;44;42;42;72;113;72;120;40;31;74;83;26;68;139;96;62;66;82;152;117;155;61;33;113;62;47;86;94;51;84;69;138;120;99;105;83;74;17;53;71;52;103;54;51;166;88;55;11;76;79;56;40;49;34;97;49;46;28;75;56;74;67;160;195;137;91;45;43;74;109;49;31;46;43;76;30;69;27;21;70;59;18;28;41;67;54;45;41;43;39;19;32;25;34;59;45;57;48;100;104;34;64;41;56;29;47;30
;geldige kiezerspas;;;0;0;0;0;0;0;0;0;0;0;0;0;0;0;0;0;0;0;0;0;0;0;0;0;0;0;0;0;0;0;0;0;0;0;0;0;0;0;0;0;0;0;0;0;0;0;0;0;0;0;0;0;0;0;0;0;0;0;0;0;0;0;0;0;0;0;0;0;0;0;0;0;0;0;0;0;0;0;0;0;0;0;0;0;0;0;0;0;0;0;0;0;0;0;0;0;0;0;0;0;0;0;0;0;0;0;0;0;0;0;0;0;0;0;0;0;0;0;0
;toegelaten kiezers;;;65426;1251;367;286;125;491;632;503;1087;899;103;155;568;440;480;651;521;640;833;363;359;527;766;256;602;1068;806;656;479;778;1294;859;1117;465;294;922;485;393;523;708;498;665;563;1036;822;742;825;675;683;165;532;669;457;992;506;390;1198;816;380;154;734;709;393;229;239;446;890;379;269;355;608;472;605;515;1032;1244;832;718;396;258;535;783;421;223;470;366;614;244;510;344;324;670;427;292;325;295;665;618;409;440;207;322;327;404;202;386;616;475;509;463;912;865;275;484;471;592;262;505;331
;geldige stembiljetten;;;65015;1234;364;281;124;491;628;501;1078;896;102;154;569;439;476;646;517;637;828;361;358;521;759;254;594;1064;799;654;478;772;1285;857;1112;465;294;919;482;393;520;697;496;663;560;1024;815;738;822;672;676;162;521;666;453;988;504;387;1182;813;375;151;728;709;393;229;236;443;885;376;269;348;601;469;604;508;1025;1242;827;714;394;257;532;779;418;222;469;364;609;243;508;337;323;665;423;290;325;295;664;615;407;440;207;322;325;403;200;385;613;475;508;460;908;861;272;481;465;587;258;503;326
;blanco stembiljetten;;;230;9;2;5;0;0;2;2;4;0;0;0;1;1;0;3;0;2;3;0;0;5;2;0;5;2;2;1;0;1;4;3;5;0;0;2;2;0;2;5;1;2;1;7;4;3;0;3;3;2;9;3;2;1;0;3;8;2;3;2;4;0;0;0;3;4;2;2;0;3;7;1;1;3;7;1;0;3;0;0;2;3;1;1;0;0;4;1;1;5;1;3;3;1;0;0;0;3;2;0;0;0;1;1;1;0;1;0;0;1;1;1;3;1;4;1;4;1;3
;ongeldige stembiljetten;;;185;7;2;0;1;1;2;0;5;3;1;1;0;1;4;2;4;1;2;2;1;1;5;2;3;2;5;1;1;5;5;0;0;0;0;1;1;0;1;6;1;0;2;5;3;1;3;0;5;1;2;0;2;3;2;0;8;1;2;1;2;0;0;0;0;0;3;1;0;4;1;2;0;3;0;2;4;1;2;1;1;1;2;0;1;1;1;0;1;2;0;1;1;1;0;0;1;1;0;1;0;0;0;0;0;1;2;0;1;2;3;2;0;2;2;3;0;2;2
;aangetroffen stembiljetten;;;65430;1250;368;286;125;492;632;503;1087;899;103;155;570;441;480;651;521;640;833;363;359;527;766;256;602;1068;806;656;479;778;1294;860;1117;465;294;922;485;393;523;708;498;665;563;1036;822;742;825;675;684;165;532;669;457;992;506;390;1198;816;380;154;734;709;393;229;239;447;890;379;269;355;609;472;605;514;1032;1245;831;718;396;258;535;783;421;223;470;365;614;244;510;344;324;669;427;292;325;295;665;619;409;441;207;322;326;404;201;386;616;475;509;463;912;864;275;484;471;591;262;506;331
;meer stembiljetten dan toegelaten kiezers;;;13;0;1;0;0;1;0;0;0;0;0;0;2;1;0;0;0;0;0;0;0;0;0;0;0;0;0;0;0;0;0;1;0;0;0;0;0;0;0;0;0;0;0;0;0;0;0;0;1;0;0;0;0;0;0;0;0;0;0;0;0;0;0;0;0;1;0;0;0;0;1;0;0;0;0;1;0;0;0;0;0;0;0;0;0;0;0;0;0;0;0;0;0;0;0;0;0;1;0;1;0;0;0;0;0;0;0;0;0;0;0;0;0;0;0;0;0;1;0
;minder stembiljetten dan toegelaten kiezers;;;9;1;0;0;0;0;0;0;0;0;0;0;0;0;0;0;0;0;0;0;0;0;0;0;0;0;0;0;0;0;0;0;0;0;0;0;0;0;0;0;0;0;0;0;0;0;0;0;0;0;0;0;0;0;0;0;0;0;0;0;0;0;0;0;0;0;0;0;0;0;0;0;0;1;0;0;1;0;0;0;0;0;0;0;0;1;0;0;0;0;0;1;0;0;0;0;0;0;0;0;0;0;1;0;1;0;0;0;0;0;0;1;0;0;0;1;0;0;0
;kiezers met stembiljet hebben niet gestemd;;;1;0;0;0;0;0;0;0;0;0;0;0;0;0;0;0;0;0;0;0;0;0;0;0;0;0;0;0;0;0;0;0;0;0;0;0;0;0;0;0;0;0;0;0;0;0;0;0;0;0;0;0;0;0;0;0;0;0;0;0;0;0;0;0;0;0;0;0;0;0;0;0;0;0;0;0;0;0;0;0;0;0;0;0;0;0;0;0;0;0;0;1;0;0;0;0;0;0;0;0;0;0;0;0;0;0;0;0;0;0;0;0;0;0;0;0;0;0;0
;er zijn te weinig stembiljetten uitgereikt;;;0;0;0;0;0;0;0;0;0;0;0;0;0;0;0;0;0;0;0;0;0;0;0;0;0;0;0;0;0;0;0;0;0;0;0;0;0;0;0;0;0;0;0;0;0;0;0;0;0;0;0;0;0;0;0;0;0;0;0;0;0;0;0;0;0;0;0;0;0;0;0;0;0;0;0;0;0;0;0;0;0;0;0;0;0;0;0;0;0;0;0;0;0;0;0;0;0;0;0;0;0;0;0;0;0;0;0;0;0;0;0;0;0;0;0;0;0;0;0
;er zijn te veel stembiljetten uitgereikt;;;5;0;1;0;0;0;0;0;0;0;0;0;2;0;0;0;0;0;0;0;0;0;0;0;0;0;0;0;0;0;0;1;0;0;0;0;0;0;0;0;0;0;0;0;0;0;0;0;0;0;0;0;0;0;0;0;0;0;0;0;0;0;0;0;0;0;0;0;0;0;0;0;0;0;0;0;0;0;0;0;0;0;0;0;0;0;0;0;0;0;0;0;0;0;0;0;0;0;0;1;0;0;0;0;0;0;0;0;0;0;0;0;0;0;0;0;0;0;0
;geen verklaring;;;12;1;0;0;0;1;0;0;0;0;0;0;0;1;0;0;0;0;0;0;0;0;0;0;0;0;0;0;0;0;0;0;0;0;0;0;0;0;0;0;0;0;0;0;0;0;0;0;1;0;0;0;0;0;0;0;0;0;0;0;0;0;0;0;0;1;0;0;0;0;0;0;0;1;0;0;0;0;0;0;0;0;0;0;0;1;0;0;0;0;0;0;0;0;0;0;0;1;0;0;0;0;1;0;1;0;0;0;0;0;0;1;0;0;0;1;0;0;0
;andere verklaring;;;3;0;0;0;0;0;0;0;0;0;0;0;0;0;0;0;0;0;0;0;0;0;0;0;0;0;0;0;0;0;0;0;0;0;0;0;0;0;0;0;0;0;0;0;0;0;0;0;0;0;0;0;0;0;0;0;0;0;0;0;0;0;0;0;0;0;0;0;0;0;1;0;0;0;0;1;1;0;0;0;0;0;0;0;0;0;0;0;0;0;0;0;0;0;0;0;0;0;0;0;0;0;0;0;0;0;0;0;0;0;0;0;0;0;0;0;0;0;0
1;VVD;;;8561;125;21;19;26;49;91;53;86;91;10;17;63;50;42;41;43;58;133;30;22;80;74;28;62;147;73;67;46;68;178;126;253;77;31;160;95;60;73;104;71;72;122;156;133;97;153;84;67;13;47;80;48;119;54;60;141;84;44;11;130;98;65;66;29;26;128;36;17;31;88;46;81;68;135;289;184;82;42;34;51;109;41;42;36;48;71;45;151;36;33;99;51;81;59;45;62;59;69;29;37;51;34;39;38;53;99;70;81;72;106;82;46;78;60;66;33;58;38
;;1;Holter, C.J.J.;5449;71;20;15;11;27;52;31;56;74;6;12;42;34;24;31;27;36;88;21;12;34;47;15;41;103;42;36;28;46;117;90;183;47;18;103;54;35;49;66;52;48;75;95;71;71;87;53;37;7;39;45;30;69;30;38;95;56;28;9;81;58;39;32;21;19;92;27;10;16;59;30;54;49;91;193;123;53;29;21;26;60;14;26;25;23;41;28;109;27;26;55;30;41;37;29;40;38;48;18;19;29;27;27;23;39;65;44;44;45;74;51;29;46;37;46;21;45;21
;;2;Bokhorst, K.;706;8;0;1;3;3;4;4;5;5;0;2;8;2;4;3;3;4;12;2;3;9;1;4;8;14;10;9;7;4;8;7;19;5;2;10;7;9;5;8;2;5;8;8;13;7;20;6;2;1;3;5;6;8;9;6;13;7;5;0;15;12;5;5;1;2;6;3;3;3;5;3;6;6;17;22;11;5;0;2;5;23;6;3;2;12;8;6;9;3;2;5;1;12;4;2;4;8;5;5;5;8;3;2;3;4;6;8;3;3;6;7;6;14;6;3;1;3;2
;;3;Koelman, M.;278;7;0;0;2;0;1;3;2;0;1;0;4;1;0;1;3;1;3;2;0;2;0;0;0;4;5;5;3;1;12;4;3;4;2;2;3;2;0;2;1;0;6;6;10;4;6;2;2;3;0;4;2;13;1;1;3;0;0;0;4;2;0;1;0;1;4;0;1;5;3;1;2;3;4;7;6;2;6;1;1;4;2;1;2;2;1;1;1;0;0;3;4;0;1;4;0;1;0;1;4;3;1;1;0;2;2;3;4;2;3;3;2;3;3;3;3;2;3
;;4;de Kuster, M.;110;1;0;0;1;2;2;0;5;0;1;1;0;2;0;1;2;0;2;0;1;3;0;0;1;2;2;2;0;0;0;1;2;1;0;0;9;2;1;1;0;0;0;10;1;0;0;4;0;0;1;0;0;4;1;0;0;1;2;0;2;0;2;3;0;0;0;1;0;0;2;0;1;1;0;1;1;1;0;0;1;1;0;0;0;0;0;0;3;1;0;0;0;4;3;0;1;0;0;0;0;0;1;0;1;0;2;0;2;0;0;0;1;1;0;0;0;0;1
;;5;Oostveen, A.;407;7;0;1;2;2;2;3;1;5;1;0;3;0;3;1;3;4;7;1;3;5;4;0;2;6;3;4;3;5;8;11;14;5;0;12;3;4;5;10;2;9;8;11;2;1;16;5;1;0;1;6;0;7;1;2;8;8;1;0;2;5;5;1;3;1;6;2;0;1;5;1;3;1;5;7;10;2;1;2;3;4;2;1;1;4;2;0;3;3;0;9;3;1;4;2;1;3;4;0;3;5;0;3;0;0;2;6;2;2;5;4;0;4;3;3;4;2;4
;;6;Morgenstond, J.G.;155;6;0;1;0;0;5;2;2;1;0;0;2;4;0;0;0;3;0;0;0;2;1;0;2;2;2;1;0;1;5;3;3;1;3;4;1;1;0;3;0;1;0;2;6;5;4;0;1;1;0;1;3;0;1;1;6;0;1;0;7;2;0;0;1;0;0;0;0;0;0;0;1;1;2;5;2;0;0;5;3;0;2;1;1;0;0;1;1;1;0;4;0;0;0;0;1;5;1;1;0;0;0;0;0;0;3;0;2;2;0;3;0;0;2;0;0;0;1
;;7;van Hilten, L.;288;5;0;0;0;1;4;2;3;2;0;1;2;2;1;0;0;2;4;2;1;3;0;0;3;3;2;1;1;2;10;1;3;7;1;5;8;1;1;5;1;3;4;8;2;0;7;2;1;0;0;3;1;3;0;5;6;3;3;2;1;6;3;0;0;0;2;0;1;1;7;2;2;0;1;6;10;4;1;1;4;1;3;3;1;3;8;1;9;0;0;6;0;4;3;1;0;1;5;0;1;2;0;1;3;1;4;1;14;2;3;1;1;2;4;2;0;2;0
;;8;Knemeijer, W.A.;95;1;0;0;0;0;0;0;1;0;0;0;1;1;0;0;0;0;4;0;0;2;0;0;3;0;1;2;0;0;3;0;7;0;0;4;1;2;0;2;0;0;2;2;2;0;2;0;1;0;1;1;1;0;0;0;0;1;0;0;2;0;0;3;0;0;0;0;0;0;0;0;0;1;1;4;5;0;0;0;0;1;0;2;0;1;1;2;1;0;0;1;3;0;0;0;2;1;1;0;0;0;0;0;0;2;1;5;0;0;2;0;1;1;1;0;1;0;1
;;9;Slot, A.;40;0;0;0;0;0;1;0;0;0;0;0;0;2;0;0;1;1;1;0;0;3;0;1;0;0;0;1;0;1;0;0;0;0;0;0;0;0;0;0;0;0;0;1;2;1;0;0;1;0;0;0;0;0;0;1;1;0;0;0;2;2;0;0;0;0;1;0;0;1;0;0;0;0;3;0;0;0;0;1;0;1;0;0;0;0;1;0;0;0;0;0;0;0;1;0;1;0;0;0;0;0;0;0;0;1;1;0;2;0;0;1;0;0;1;0;0;0;1
;;10;Vreeken, J.;145;0;0;0;0;0;4;1;0;1;0;0;0;0;2;0;0;2;4;0;1;3;4;0;0;4;1;1;0;0;3;1;1;1;0;3;2;1;1;2;1;3;2;2;9;3;2;3;3;0;1;2;2;5;4;4;2;0;0;0;2;0;2;0;0;0;2;0;0;3;1;0;1;1;2;7;2;1;0;0;1;1;1;0;2;2;0;0;2;1;1;2;1;0;1;0;1;0;1;0;0;1;0;2;1;0;1;0;0;4;1;1;0;2;0;0;0;0;0
;;11;Donk, J.J.;42;1;0;0;0;1;0;0;0;2;0;0;0;0;0;0;1;0;0;0;0;1;0;0;0;0;0;0;0;2;0;1;0;0;0;0;0;0;2;2;2;0;1;0;1;0;0;2;4;0;0;0;0;0;0;0;0;0;0;0;0;0;0;0;0;1;1;0;0;0;0;0;0;0;1;2;0;1;0;0;0;0;1;0;0;0;1;0;0;0;0;0;1;0;0;0;1;0;0;0;1;1;0;0;0;0;1;1;0;0;5;0;0;0;0;0;0;0;0
;;12;Soldaat, J.P.;135;2;0;0;0;4;1;1;4;0;0;0;1;0;0;0;0;2;0;0;0;2;2;0;0;0;3;0;0;1;1;0;6;3;0;2;1;1;3;3;2;0;2;2;2;1;0;1;3;0;0;0;0;0;0;0;0;1;0;0;3;2;2;19;0;0;4;0;0;0;3;0;2;0;1;9;2;1;0;0;0;0;1;2;0;0;1;0;2;0;1;8;0;3;0;0;2;0;1;0;3;0;0;0;0;0;1;0;1;1;2;0;0;0;0;0;0;0;1
;;13;Mijnders, R.;54;4;0;0;1;0;0;0;0;0;0;0;0;0;0;0;0;1;1;0;0;0;4;0;0;2;0;0;0;1;0;0;1;0;0;0;1;0;0;0;0;0;0;2;0;2;2;1;0;0;0;4;1;1;0;0;0;0;0;0;0;0;0;0;0;0;0;0;0;0;0;0;0;0;0;1;1;0;1;0;1;3;0;0;0;0;0;1;1;0;2;0;0;2;0;0;1;0;0;2;0;0;0;0;0;1;3;0;0;0;0;2;0;1;0;2;0;0;0
;;14;Beijersbergen, J.H.M.;12;0;0;0;0;0;0;0;0;0;0;0;0;1;0;0;0;0;0;0;0;0;0;0;0;0;0;0;0;0;1;0;0;0;0;1;0;0;0;0;0;0;0;0;0;0;0;1;0;0;0;0;0;0;0;0;0;0;0;0;0;0;0;0;0;0;0;0;0;0;0;0;1;0;0;0;0;0;0;0;0;0;0;0;0;0;0;0;0;0;0;0;0;2;0;0;0;0;0;0;0;0;0;0;0;0;2;0;0;1;0;0;0;0;0;0;2;0;0
;;15;Stoelhorst, B.;26;0;0;0;0;0;0;0;0;0;0;0;0;0;0;0;0;0;0;0;1;0;0;0;0;0;0;0;0;0;1;0;0;0;0;1;0;0;0;0;0;0;0;0;1;0;0;0;0;0;0;0;0;1;3;0;0;0;0;0;0;0;0;0;2;0;0;2;0;0;0;0;1;0;1;0;0;1;0;0;0;0;0;2;0;0;0;0;0;0;0;0;1;0;1;0;0;0;0;1;0;0;0;0;0;0;0;1;0;2;0;0;0;1;1;0;0;1;0
;;16;Franken, K.;65;4;0;0;0;0;1;1;0;0;0;0;0;1;0;0;1;0;1;0;0;0;2;3;0;3;0;2;0;0;0;1;2;0;0;1;0;0;1;0;0;0;2;0;0;0;0;2;1;0;0;4;1;1;1;0;0;0;0;0;2;3;0;0;1;1;0;0;0;0;0;0;0;0;0;2;0;1;0;0;2;0;2;0;0;0;0;0;1;0;0;0;1;0;0;1;0;0;0;0;0;0;0;0;0;0;1;0;0;2;1;2;1;1;0;3;0;1;0
;;17;Kramer, J.;60;1;0;0;0;4;0;0;0;0;0;0;0;0;0;0;0;1;1;0;0;7;6;0;0;0;0;0;0;1;1;0;0;0;0;0;0;1;1;0;1;0;5;1;1;1;0;0;0;0;0;0;0;0;1;1;0;1;0;0;1;1;0;0;0;0;0;0;2;0;1;0;2;0;1;5;0;1;0;0;0;0;2;0;0;0;0;0;0;0;0;1;0;0;0;0;1;0;1;0;0;0;0;0;0;0;1;0;0;3;0;0;0;0;0;1;0;0;0
;;18;de Wit, W.A.;28;0;1;0;1;0;0;0;0;0;0;0;0;0;1;0;0;0;0;0;0;0;0;0;0;1;0;0;0;0;2;0;3;0;0;0;0;1;0;0;0;0;0;0;0;0;0;0;0;0;0;0;1;0;0;0;0;0;0;0;1;0;0;1;0;0;0;0;0;0;0;1;0;1;1;0;0;3;0;0;1;0;0;0;0;0;0;0;0;0;0;0;0;5;1;0;0;0;0;0;0;1;0;0;1;0;0;0;0;0;0;0;0;0;0;0;0;0;0
;;19;Lindenbergh, J.P.;99;1;0;0;0;1;3;2;5;0;1;0;0;0;4;0;0;0;2;0;0;0;1;0;0;0;0;0;2;1;1;0;0;0;0;4;1;0;2;0;3;0;1;1;2;0;1;0;0;0;0;2;0;0;1;0;0;3;2;0;0;3;1;0;0;0;0;1;0;0;0;3;0;0;0;2;2;4;0;0;2;2;0;1;0;0;0;3;2;0;0;0;5;2;0;0;2;0;1;0;0;0;0;0;2;1;1;1;3;0;0;3;1;1;0;2;0;0;1
;;20;van Garderen, H.I.;367;6;0;1;5;4;11;3;2;1;0;1;0;0;3;4;2;1;3;2;0;4;2;5;2;3;2;3;2;2;5;6;6;3;5;8;4;0;2;0;4;3;6;5;8;1;6;2;10;1;1;3;0;7;1;1;7;3;2;0;5;2;6;1;0;1;10;0;0;1;2;5;5;4;4;16;9;2;4;1;1;8;5;0;2;1;7;2;7;0;1;5;1;5;3;6;4;2;1;1;1;1;2;3;4;2;2;0;4;3;4;4;4;1;2;1;1;2;2
2;Partij van de Arbeid (P.v.d.A.);;;6236;125;45;24;13;48;49;48;121;88;14;20;66;38;51;60;48;54;62;59;36;66;90;34;43;97;75;77;47;65;123;84;56;44;36;68;39;40;50;54;52;65;46;98;99;55;74;67;52;14;44;67;36;131;49;23;95;77;40;15;88;63;40;9;19;32;75;44;21;44;55;48;60;43;89;81;74;74;35;18;45;73;58;14;48;33;70;24;43;41;49;58;35;14;34;34;68;71;37;33;21;24;40;46;17;42;79;46;52;30;70;106;34;37;51;71;33;51;36
;;1;de Jonge, R.P.;2435;43;22;9;2;19;20;23;42;46;2;4;31;18;20;21;24;23;27;28;16;30;38;12;16;45;35;29;25;22;55;30;19;19;18;30;10;13;10;29;15;21;24;35;27;18;33;28;27;5;17;25;13;45;13;11;31;28;14;4;31;21;16;2;4;12;34;24;12;12;15;16;23;13;39;35;22;27;14;6;16;31;21;4;22;12;26;11;10;15;26;16;15;7;14;12;31;27;19;13;7;11;16;17;6;14;36;21;22;8;33;41;17;14;17;33;10;13;14
;;2;Höhle, L.;1786;26;9;7;5;20;9;17;44;27;3;9;9;7;15;19;10;14;24;16;6;14;28;9;12;30;15;23;15;23;33;24;25;11;10;17;15;11;18;9;11;16;13;24;38;22;20;20;9;3;15;23;11;47;9;6;30;31;7;6;18;25;13;3;4;11;22;5;1;13;19;13;25;12;18;16;26;18;9;6;8;17;20;3;10;9;26;7;15;9;7;23;8;5;11;13;24;18;9;5;6;5;17;11;6;15;25;11;13;13;25;25;6;8;23;21;13;13;7
;;3;Theunissen, E.M.;115;4;1;1;0;3;1;1;1;1;1;0;1;0;0;2;0;2;0;1;1;3;1;0;2;3;2;3;0;3;1;3;2;0;0;2;0;0;1;1;0;2;0;1;1;1;0;1;1;1;1;1;0;0;3;1;2;1;0;1;0;0;0;1;0;0;0;0;1;1;1;1;2;0;0;1;1;1;1;1;2;3;1;0;0;0;1;1;0;0;1;1;0;0;2;0;2;0;0;2;0;0;0;1;0;0;3;2;1;1;0;5;1;2;2;0;1;0;2
;;4;Selman, A.;1028;22;6;2;2;2;9;0;21;9;2;4;19;1;8;10;5;8;7;7;6;11;12;9;8;14;12;18;3;6;18;17;7;10;5;12;5;10;12;9;12;10;3;21;16;11;21;5;7;3;7;8;5;23;17;1;21;7;15;2;26;10;8;2;7;3;9;6;5;9;14;11;6;10;21;14;14;4;7;3;14;16;12;5;5;8;7;5;7;5;7;13;4;1;1;4;8;17;3;6;5;3;2;10;2;5;5;7;9;4;6;21;7;10;2;8;7;6;9
;;5;Zaghian, A.A.;112;4;2;0;0;0;1;1;1;0;0;1;0;2;1;2;4;2;0;0;4;2;0;0;0;2;1;1;1;5;4;0;0;0;0;1;1;0;0;0;0;0;0;1;0;0;0;0;4;0;0;0;2;1;2;2;1;0;0;0;5;0;0;0;2;1;3;0;1;0;0;1;0;1;1;0;0;1;2;0;1;0;1;0;2;2;0;0;1;7;2;1;1;0;1;0;0;0;1;1;0;2;3;1;1;0;2;0;0;0;0;0;2;1;2;0;0;3;0
;;6;Sahbaz, T.;203;11;1;4;0;1;4;2;4;0;0;0;1;7;4;0;0;1;2;2;0;0;1;1;1;2;1;0;1;0;2;1;0;2;1;1;3;4;2;2;3;5;1;7;12;2;0;3;0;0;1;1;3;0;1;1;2;0;2;0;3;4;1;0;0;0;0;8;0;0;1;0;1;1;3;4;3;15;0;0;0;0;0;0;0;0;2;0;2;3;0;0;0;0;0;0;0;1;2;4;0;0;1;3;1;2;4;0;2;0;0;5;0;0;4;1;0;9;0
;;7;Deben, J.;38;0;0;1;0;0;0;0;0;0;1;0;0;0;0;0;2;0;0;0;0;1;0;0;0;0;1;0;0;0;2;2;1;1;0;1;0;0;2;0;0;0;0;1;1;0;0;0;0;0;0;1;0;5;0;0;0;1;0;0;0;1;0;0;0;1;1;0;0;2;0;0;1;0;0;0;0;1;0;0;0;1;0;0;0;0;0;0;1;0;0;0;0;0;0;0;0;0;0;0;0;2;0;0;0;0;0;0;0;0;0;3;0;0;0;0;0;0;0
;;8;Vlak, M.M.N.;45;1;0;0;0;0;0;0;0;1;0;0;0;0;0;0;0;0;0;1;1;0;0;0;0;0;1;1;0;1;1;0;0;0;1;2;1;0;0;0;2;1;0;0;0;0;0;3;0;0;1;0;1;1;0;0;1;0;0;0;0;0;1;0;0;0;0;0;0;2;0;0;1;1;3;0;0;1;0;0;1;1;0;0;1;0;1;0;1;1;0;0;3;0;0;0;1;0;0;0;0;0;0;0;0;0;0;1;0;0;1;1;0;0;0;1;0;0;0
;;9;Gefferie, F.E.;87;3;2;0;1;0;2;2;1;0;2;1;2;1;0;0;1;1;0;1;0;0;3;0;2;0;2;1;0;2;1;0;0;0;0;0;0;1;4;0;0;0;0;3;0;0;0;1;1;0;0;3;0;0;1;0;1;1;0;0;0;2;0;0;0;0;0;0;0;0;1;0;0;0;2;3;5;1;0;2;0;1;0;0;2;0;0;0;2;0;0;0;0;0;0;1;1;0;2;1;1;1;0;0;0;2;0;0;0;0;0;3;0;0;1;3;1;1;1
;;10;Monen, M.E.R.M.;206;3;1;0;2;2;1;1;2;3;2;1;2;1;0;3;1;0;1;2;1;5;3;3;2;0;3;0;2;3;5;4;2;0;0;1;3;1;0;3;5;4;3;0;3;1;0;2;2;2;2;3;1;4;2;0;5;7;1;1;2;0;1;0;2;3;4;1;1;4;3;3;1;0;2;7;0;2;1;0;1;2;2;0;4;2;1;0;3;1;2;1;0;1;1;2;1;3;0;1;2;0;1;1;1;1;0;2;0;3;2;0;0;1;0;3;1;3;3
;;11;Heyser, R.;77;5;0;0;0;0;1;0;4;1;0;0;1;0;3;1;0;0;0;1;0;0;1;0;0;0;1;1;0;0;0;1;0;0;0;0;0;0;1;0;3;3;0;1;0;0;0;1;1;0;0;1;0;2;0;0;1;0;1;1;0;0;0;1;0;1;2;0;0;0;0;0;0;0;0;0;1;1;0;0;2;1;0;2;0;0;6;0;0;0;0;0;0;0;1;1;0;5;1;0;0;0;0;2;0;0;2;1;1;1;3;2;1;0;0;1;0;1;0
;;12;Soetens, P.;8;0;0;0;0;0;0;1;0;0;0;0;0;0;0;0;1;0;0;0;0;0;0;0;0;0;0;0;0;0;0;0;0;0;0;0;0;0;0;0;0;1;0;0;1;0;0;0;0;0;0;0;0;0;0;0;0;0;0;0;0;0;0;0;0;0;0;0;0;0;0;0;0;0;0;0;0;0;0;0;0;0;0;0;0;0;0;0;0;0;0;1;2;0;0;0;0;0;0;0;0;0;0;0;0;1;0;0;0;0;0;0;0;0;0;0;0;0;0
;;13;Vleugel, A.J.;96;3;1;0;1;1;1;0;1;0;1;0;0;1;0;2;0;3;1;0;1;0;3;0;0;1;1;0;0;0;1;2;0;1;1;1;1;0;0;1;1;2;2;4;0;0;0;3;0;0;0;1;0;3;1;1;0;1;0;0;3;0;0;0;0;0;0;0;0;1;1;3;0;5;0;1;2;2;1;0;0;0;1;0;2;0;0;0;1;0;4;2;2;0;3;1;0;0;0;0;0;0;0;0;0;2;2;1;4;0;0;0;0;1;0;0;0;2;0
3;PVV (Partij voor de Vrijheid);;;6324;81;44;29;8;57;33;68;117;96;10;5;74;43;58;83;57;66;66;27;41;61;110;27;59;133;77;66;34;103;125;85;64;47;26;70;41;34;55;51;49;66;51;91;62;61;58;79;91;3;80;60;30;60;64;18;59;95;32;13;53;33;34;9;27;42;115;32;26;31;52;43;47;46;97;106;80;100;40;23;71;69;40;22;47;37;52;15;44;24;44;63;55;21;39;27;78;74;33;49;15;53;39;55;16;48;62;26;52;41;104;86;31;55;46;65;28;74;35
;;1;van Dijk, A.J.A.;4665;53;30;22;5;41;19;51;90;78;8;5;51;38;38;64;44;51;50;21;36;50;84;13;40;102;52;53;22;80;90;63;41;36;17;49;28;27;42;33;25;42;43;72;39;44;31;52;74;1;51;45;24;44;48;9;41;76;28;9;34;18;27;7;23;32;102;26;20;22;36;31;31;34;68;73;58;64;25;15;53;54;30;12;35;26;35;14;31;15;39;49;47;17;31;17;63;58;27;40;11;48;27;38;11;39;43;21;37;31;82;70;25;50;29;54;16;52;27
;;2;Boutkan, W.;197;3;5;0;0;1;2;1;2;2;0;0;5;0;6;2;1;2;1;2;0;1;4;1;0;2;2;1;1;1;5;1;5;1;1;3;1;1;0;0;7;2;0;2;2;0;0;3;2;0;3;3;0;2;5;0;1;5;0;3;2;3;0;0;1;1;2;1;0;1;2;0;4;4;5;0;1;2;0;0;1;1;0;2;2;1;0;0;3;1;0;3;2;1;1;3;1;3;1;0;0;0;4;6;1;3;2;1;2;2;3;2;1;0;2;0;0;5;2
;;3;Raijer, A.J.;759;8;3;5;0;8;6;7;15;6;2;0;4;4;9;3;6;5;8;1;2;8;15;9;11;15;6;9;1;13;16;11;10;6;2;10;6;5;6;11;11;10;4;8;13;8;13;16;8;1;14;7;5;4;5;7;12;8;4;1;13;6;6;1;1;4;9;3;3;1;6;8;7;5;16;20;9;19;2;6;11;5;7;5;4;6;6;0;5;7;3;5;1;0;3;4;9;5;2;8;2;2;4;7;3;3;4;4;3;4;8;5;0;2;8;8;6;9;5
;;4;Jansen, C.A.;205;5;2;1;1;3;1;4;3;3;0;0;8;0;1;5;0;2;0;1;0;1;1;1;4;6;2;0;6;4;6;6;1;0;2;3;2;0;2;1;4;1;1;0;2;2;4;2;3;0;4;1;1;2;5;0;1;2;0;0;1;0;0;0;0;2;0;0;2;4;3;2;0;2;1;2;1;2;4;0;4;2;0;0;3;0;8;0;3;0;0;2;1;1;2;0;2;2;1;1;0;2;1;2;0;1;4;0;0;1;2;3;1;0;3;0;0;4;0
;;5;Fesevur, F.J.;38;0;0;0;0;2;0;0;0;0;0;0;0;0;0;1;0;0;1;0;0;0;1;0;1;2;0;0;0;0;3;0;0;0;1;0;2;0;0;0;0;2;0;1;0;0;0;1;0;0;0;0;0;2;0;0;0;1;0;0;0;2;0;0;0;0;0;0;0;0;1;2;1;0;0;0;0;0;1;0;0;0;1;0;0;0;1;0;0;0;0;0;0;0;0;0;0;0;0;0;0;0;0;1;0;0;1;0;0;0;1;2;0;1;0;1;1;0;0
;;6;van der Kolk, J.;85;1;0;0;0;0;0;2;2;1;0;0;2;0;0;1;1;0;1;1;0;1;0;0;0;4;0;1;2;1;0;0;1;1;0;1;0;0;0;1;0;0;1;2;0;0;2;1;1;0;3;0;0;2;1;0;1;1;0;0;0;0;1;0;0;0;0;0;0;0;1;0;0;0;0;2;7;3;1;1;1;1;0;0;0;0;0;0;0;0;0;3;0;1;0;1;0;1;1;0;0;0;0;0;1;2;2;0;8;0;2;0;0;0;0;1;2;2;0
;;7;Zerfowski, J.D.;107;9;1;1;2;0;1;0;0;1;0;0;1;1;2;1;2;1;0;0;2;0;2;0;0;1;2;1;1;1;1;0;0;3;0;2;2;1;0;0;1;3;0;1;2;1;1;2;2;0;2;1;0;2;0;2;0;0;0;0;1;2;0;0;1;2;1;0;0;1;1;0;1;0;2;4;1;2;4;0;1;1;1;0;2;0;1;0;0;0;0;0;0;0;2;1;1;2;1;0;2;0;1;0;0;0;0;0;1;0;0;0;2;0;1;0;1;1;0
;;8;Aukes, R.J.;74;0;2;0;0;0;1;0;0;3;0;0;2;0;2;1;1;4;1;0;1;0;1;1;1;0;4;0;0;1;1;1;1;0;3;1;0;0;2;1;1;0;0;2;2;3;5;0;0;0;1;1;0;0;0;0;0;1;0;0;0;0;0;0;0;0;0;1;0;0;0;0;1;0;0;1;2;3;2;1;0;0;0;0;0;1;0;0;0;0;0;0;1;1;0;0;0;2;0;0;0;0;0;1;0;0;0;0;0;3;0;1;0;0;1;0;0;0;0
;;9;Hiraki, J.M.;38;0;0;0;0;0;2;0;0;0;0;0;0;0;0;0;0;1;1;0;0;0;0;1;1;0;3;0;0;2;2;0;1;0;0;0;0;0;0;1;0;4;0;0;0;0;1;0;0;0;2;1;0;0;0;0;0;0;0;0;0;0;0;0;0;1;0;0;0;2;0;0;0;1;2;0;0;2;0;0;0;1;0;0;0;0;1;0;0;0;0;0;0;0;0;0;0;1;0;0;0;0;0;0;0;0;1;0;0;0;0;0;0;0;0;1;2;0;0
;;10;Joosse, I.B.;156;2;1;0;0;2;1;3;5;2;0;0;1;0;0;5;2;0;3;1;0;0;2;1;1;1;6;1;1;0;1;3;4;0;0;1;0;0;3;3;0;2;2;3;2;3;1;2;1;1;0;1;0;2;0;0;3;1;0;0;2;2;0;1;1;0;1;1;1;0;2;0;2;0;3;4;1;3;1;0;0;4;1;3;1;3;0;1;2;1;2;1;3;0;0;1;2;0;0;0;0;1;2;0;0;0;5;0;1;0;6;3;2;2;2;0;0;1;1
4;D66;;;5482;99;16;26;12;33;69;36;76;80;6;14;35;36;28;41;24;43;83;32;22;39;43;25;53;84;40;60;58;50;100;78;112;53;30;92;53;29;45;70;43;54;52;71;67;73;87;44;60;7;42;59;41;138;35;39;123;74;35;15;60;76;50;24;22;32;67;22;2;27;49;52;74;35;101;173;122;40;28;17;23;77;31;29;27;28;53;22;59;43;17;43;29;26;26;27;54;48;36;24;16;23;28;30;11;24;40;48;28;33;61;75;9;36;33;40;24;26;18
;;1;van Bemmel, M.E.;3333;70;8;18;7;24;38;22;52;58;3;9;26;16;19;29;9;22;52;20;13;25;19;21;34;53;17;37;35;31;60;50;70;29;19;53;35;20;29;45;28;28;34;43;42;43;55;27;38;6;33;41;22;84;23;17;68;39;24;6;34;44;32;16;13;20;42;10;1;17;33;32;40;21;52;94;72;24;16;6;12;43;19;17;20;17;31;10;37;28;12;25;14;13;17;18;42;29;23;18;11;16;18;18;8;17;27;36;19;14;31;53;6;24;15;20;11;13;14
;;2;Smeulders, F.B.;345;5;1;1;1;3;8;1;3;6;0;1;3;7;1;2;2;4;3;1;3;1;6;3;9;5;3;4;3;3;7;2;5;1;1;2;0;1;2;4;2;4;4;3;1;3;3;2;5;1;2;2;4;16;2;3;6;8;1;0;4;5;2;3;2;2;7;2;0;0;1;5;7;2;5;7;8;2;2;1;4;4;3;0;1;0;3;3;1;2;3;3;4;0;2;2;5;6;2;0;1;1;2;1;0;1;6;0;1;8;5;1;0;2;3;6;1;1;0
;;3;van de Laar, S.M.;546;5;2;0;0;0;7;2;3;8;1;1;1;0;4;4;4;6;8;4;1;2;5;1;6;8;4;8;8;5;11;12;16;9;3;10;3;0;6;4;1;6;5;3;6;11;6;3;4;0;3;5;9;10;3;7;11;12;2;1;5;10;3;3;3;5;8;2;1;3;5;3;12;3;21;11;6;6;2;6;1;10;1;3;1;2;2;1;10;3;2;3;3;3;1;2;2;7;4;2;4;2;5;2;1;3;4;6;3;4;7;8;2;2;5;5;4;5;3
;;4;Alberg, S.T.;201;3;0;5;2;2;3;1;0;2;2;2;0;0;0;1;0;3;5;2;0;2;2;0;3;4;0;1;3;1;3;1;1;5;2;1;4;1;2;4;6;3;0;0;2;3;4;1;1;0;1;1;3;4;2;4;7;4;1;3;2;0;1;0;1;0;0;2;0;0;2;1;3;3;3;6;3;0;1;0;2;3;1;0;0;1;3;3;1;0;0;3;5;1;1;0;0;1;0;0;0;0;1;2;1;0;0;0;0;2;2;3;0;2;2;2;5;3;0
;;5;Lindeboom, G.;54;1;1;0;0;0;1;0;1;1;0;0;0;2;0;0;0;1;1;0;0;0;0;0;0;1;1;0;0;1;2;0;1;0;0;2;0;0;0;0;0;0;1;0;0;3;2;1;1;0;1;1;0;2;1;0;1;0;0;0;1;0;0;0;0;0;0;0;0;2;1;0;0;0;0;0;0;1;1;0;0;2;1;0;0;3;0;0;2;1;0;0;0;0;0;0;0;0;1;0;0;0;0;0;0;0;0;0;0;0;0;3;0;1;1;0;0;1;1
;;6;van Rijn, I.;92;0;1;0;0;0;0;1;0;1;0;0;0;2;0;2;2;0;2;0;0;1;0;0;0;1;0;0;0;1;6;1;0;0;1;1;2;1;0;0;1;4;1;2;2;1;3;0;0;0;0;2;0;3;1;0;7;0;0;0;0;1;2;0;1;0;3;0;0;1;2;2;0;0;3;4;0;0;1;0;1;0;0;2;0;0;0;1;1;4;0;0;0;1;1;0;0;1;0;1;0;0;0;1;0;0;2;1;0;0;0;1;1;0;0;0;0;0;0
;;7;Moreira Figueiredo - van Vegten, M.A.F.R.;319;6;2;0;1;0;5;5;4;1;0;0;3;2;1;1;2;1;6;3;0;3;2;0;0;3;7;0;2;3;7;4;5;4;2;6;4;4;1;8;1;2;4;5;7;2;2;4;5;0;1;2;1;5;1;5;6;3;3;2;5;4;6;0;0;1;3;4;0;2;3;1;2;4;3;22;9;3;2;1;1;9;5;2;3;3;4;1;2;3;0;3;3;0;2;0;0;3;4;1;0;0;1;4;1;1;0;2;3;1;3;3;0;2;2;1;1;1;0
;;8;Buizer, R.H.H.;75;1;0;0;0;0;1;0;1;1;0;0;0;1;1;0;2;1;3;0;2;0;0;0;0;0;0;3;0;1;0;0;4;1;0;5;0;1;1;0;0;3;1;1;2;2;1;0;0;0;0;0;0;4;0;1;0;0;0;0;1;2;0;0;0;2;0;0;0;0;0;1;1;0;1;1;1;0;1;1;1;0;0;3;2;1;2;0;1;0;0;2;0;1;0;0;0;0;0;0;0;0;0;0;0;1;0;0;1;0;1;0;0;0;2;0;0;0;0
;;9;Huizenga, K.;29;0;0;0;0;0;0;1;1;0;0;0;0;0;0;0;0;0;0;0;0;1;0;0;0;0;1;0;0;0;0;1;0;0;0;0;0;0;0;1;0;0;0;0;0;1;0;0;0;0;0;0;0;3;0;0;0;0;1;0;1;1;0;1;0;0;0;0;0;0;0;0;1;0;0;2;8;1;1;0;1;0;0;0;0;0;0;0;0;0;0;0;0;0;0;0;0;0;0;0;0;0;0;0;0;0;0;0;0;0;0;0;0;1;0;0;0;0;0
;;10;Holtkamp, T.D.;40;0;0;0;0;0;0;0;1;0;0;1;0;0;0;1;0;0;1;0;0;1;0;0;0;1;0;0;0;1;0;2;1;0;0;0;2;0;0;0;2;0;0;0;0;0;0;6;0;0;0;1;0;1;0;1;1;1;0;2;0;0;0;0;0;0;0;0;0;0;0;2;0;0;0;0;1;0;0;2;0;0;0;0;0;0;1;0;1;0;0;2;0;3;0;0;0;0;0;0;0;0;0;0;0;0;0;0;0;0;0;1;0;0;0;0;0;0;0
;;11;Pelleboer, E.;36;1;1;0;0;0;2;0;0;0;0;0;0;0;0;0;0;0;0;0;0;0;0;0;1;3;0;0;1;0;0;0;0;0;0;1;0;0;0;0;0;0;0;1;0;1;1;0;0;0;0;0;0;0;0;0;2;0;1;0;0;0;0;0;0;0;0;0;0;0;0;0;0;0;1;12;4;0;0;0;0;0;0;0;0;0;1;0;0;0;0;0;0;0;0;0;0;0;0;0;0;0;0;1;0;0;0;0;0;1;0;0;0;0;0;0;0;0;0
;;12;Noordhoek, J.J.;47;0;0;0;0;0;0;0;1;1;0;0;0;1;1;0;0;1;0;0;0;0;0;0;0;2;1;1;2;1;2;0;4;0;0;0;0;0;1;0;0;0;0;0;1;0;0;0;1;0;0;2;0;1;0;0;3;0;0;0;0;1;0;0;0;0;0;0;0;0;0;1;0;1;2;2;0;0;0;0;0;0;0;1;0;0;0;0;0;0;0;0;0;4;1;1;2;0;0;0;0;0;0;0;0;0;0;0;0;0;0;0;0;0;0;3;1;0;0
;;13;de Jongh, J.W.;9;0;0;1;0;0;0;0;0;0;0;0;0;1;0;0;0;0;0;0;0;0;0;0;0;0;2;0;0;0;0;0;0;0;0;0;0;0;0;0;0;0;0;1;0;0;0;0;0;0;0;0;0;1;0;0;0;0;0;0;0;0;0;0;1;0;0;0;0;0;0;0;0;0;0;0;0;0;0;0;0;0;0;0;0;0;0;0;0;0;0;0;0;0;0;0;0;1;0;0;0;0;0;0;0;0;0;0;0;0;0;0;0;1;0;0;0;0;0
;;14;van Haarlem, C.M.J.;29;0;0;0;0;0;0;1;1;0;0;0;1;0;0;0;0;0;0;1;0;0;1;0;0;0;0;0;1;0;0;0;0;0;0;0;0;0;0;0;0;1;0;1;1;1;3;0;2;0;0;0;0;0;0;0;3;1;0;0;1;0;1;0;0;0;0;0;0;0;0;0;1;0;0;2;0;0;0;0;0;1;0;0;0;0;0;0;0;1;0;2;0;0;0;0;0;0;0;0;0;0;0;0;0;1;0;0;0;0;0;0;0;0;0;0;0;0;0
;;15;van Klompenburg, H.B.;21;0;0;0;0;0;0;0;0;0;0;0;0;1;0;0;0;0;0;0;0;0;0;0;0;0;0;0;0;0;0;0;1;1;1;1;0;0;0;0;0;1;1;0;0;0;0;0;0;0;1;1;0;0;1;0;0;1;0;1;0;0;0;0;0;0;0;0;0;0;0;0;0;0;1;0;1;0;0;0;0;3;0;0;0;0;0;1;0;0;0;0;0;0;0;1;0;0;0;0;0;0;0;1;0;0;0;1;0;0;0;0;0;0;0;0;0;0;0
;;16;Visser, N.A.M.;59;2;0;0;0;1;1;0;2;0;0;0;0;2;0;0;1;2;0;0;0;0;3;0;0;2;0;2;1;0;0;3;1;1;0;1;0;1;0;0;0;0;0;4;0;0;0;0;0;0;0;0;0;0;0;0;5;1;0;0;1;1;0;0;0;0;0;0;0;0;1;0;4;0;3;2;2;0;0;0;0;0;0;0;0;0;0;0;1;0;0;0;0;0;0;0;1;0;1;0;0;0;0;0;0;0;0;0;0;0;2;0;0;0;1;2;0;1;0
;;17;van de Kamp, R.C.;10;0;0;0;0;0;0;0;0;0;0;0;1;0;0;0;0;0;0;0;0;0;0;0;0;0;0;1;0;0;0;0;0;0;0;1;0;0;0;0;1;0;0;0;0;1;0;0;0;0;0;0;0;0;0;0;0;0;0;0;1;0;0;0;0;0;0;0;0;0;1;0;0;1;1;0;0;0;0;0;0;0;0;0;0;0;0;0;0;0;0;0;0;0;0;0;0;0;0;0;0;0;0;0;0;0;0;0;0;0;0;1;0;0;0;0;0;0;0
;;18;Lems, J.;25;0;0;1;0;0;0;0;0;0;0;0;0;0;0;0;0;0;0;1;0;0;2;0;0;0;0;1;0;1;0;0;0;1;0;1;0;0;2;1;0;1;0;1;1;0;0;0;1;0;0;0;0;1;0;0;0;1;0;0;0;0;0;0;0;0;0;0;0;0;0;0;0;0;0;0;1;0;1;0;0;0;0;0;0;0;1;1;0;0;0;0;0;0;0;0;1;0;0;0;0;0;0;0;0;0;0;0;0;0;2;0;0;0;1;0;0;0;0
;;19;Rotscheid, S.;29;2;0;0;0;0;0;0;2;1;0;0;0;0;0;0;0;0;0;0;1;0;0;0;0;0;0;0;1;1;0;1;0;0;0;1;0;0;0;0;0;0;1;2;0;0;3;0;0;0;0;0;0;0;0;0;1;0;0;0;0;0;0;0;0;0;0;0;0;1;0;1;0;0;1;0;3;0;0;0;0;0;0;1;0;0;0;1;0;1;0;0;0;0;0;0;0;0;0;0;0;0;0;0;0;0;0;2;0;0;0;0;0;0;1;0;0;0;0
;;20;van der Ham, A.S.;23;2;0;0;0;0;0;0;0;0;0;0;0;0;0;0;0;0;1;0;0;2;0;0;0;0;1;0;1;0;0;0;0;0;0;1;0;0;0;0;0;0;0;1;0;0;0;0;0;0;0;0;0;0;0;0;1;0;2;0;2;0;0;0;1;0;1;0;0;0;0;0;2;0;1;0;0;0;0;0;0;0;0;0;0;0;0;0;0;0;0;0;0;0;0;0;0;0;0;0;0;2;1;0;0;0;1;0;0;0;0;0;0;0;0;0;0;0;0
;;21;Peeters, R.H.M.;31;0;0;0;0;0;0;1;1;0;0;0;0;0;0;1;0;1;0;0;0;1;1;0;0;0;0;0;0;0;0;1;1;0;1;0;1;0;0;1;0;0;0;0;0;0;0;0;0;0;0;1;0;0;0;0;0;0;0;0;0;2;0;0;0;0;0;2;0;0;0;2;0;0;0;2;1;3;0;0;0;2;0;0;0;0;2;0;1;0;0;0;0;0;0;0;0;0;0;0;0;0;0;0;0;0;0;0;0;0;0;1;0;1;0;0;0;0;0
;;22;Veeningen, M.;129;1;0;0;1;3;3;1;3;0;0;0;0;1;1;0;2;1;1;0;2;0;2;0;0;1;3;2;0;0;2;0;2;1;0;5;2;0;1;2;1;1;0;3;2;1;4;0;2;0;0;0;2;3;1;1;1;3;0;0;2;5;3;1;0;2;3;0;0;1;0;1;1;0;3;6;2;0;0;0;0;0;1;0;0;1;3;0;1;0;0;0;0;0;1;3;1;0;1;2;0;2;0;0;0;0;0;0;1;3;8;0;0;0;0;1;1;1;0
5;GROENLINKS;;;4912;119;29;21;15;46;37;30;86;78;4;36;51;41;34;40;43;61;61;27;27;30;56;17;52;62;63;33;53;48;98;68;128;23;23;94;36;29;27;54;25;54;43;78;51;49;59;47;38;6;37;50;42;117;26;32;65;68;17;14;45;66;28;20;12;21;49;29;15;27;53;38;55;32;63;86;53;45;30;16;31;47;40;31;36;25;43;16;39;24;7;45;29;20;18;15;36;57;45;28;9;17;27;38;14;19;47;69;47;39;88;88;11;23;37;49;19;32;26
;;1;Steenkamer, J.H.;1367;31;7;9;3;11;10;10;29;17;1;8;16;16;8;12;16;19;21;6;8;14;22;3;25;17;22;7;16;9;29;21;27;7;4;19;9;3;6;12;4;14;8;16;9;16;18;9;8;0;10;17;14;30;12;10;9;14;5;4;20;20;7;4;1;10;8;13;2;15;7;7;14;8;21;28;14;10;9;8;12;9;9;3;6;11;13;6;9;7;0;13;4;5;4;7;16;14;16;10;3;7;10;8;4;5;5;25;16;12;30;33;3;11;14;13;2;4;5
;;2;Hagelaar - van Dijk, E.A.H.;1707;32;10;4;3;18;14;11;35;43;1;9;18;13;12;11;11;28;20;8;10;10;16;5;16;22;22;15;12;18;31;26;56;9;13;40;13;10;12;22;9;14;13;22;20;16;19;15;15;4;12;14;11;43;6;16;20;35;2;7;15;17;13;11;4;6;17;6;4;8;24;10;17;7;15;29;18;18;9;5;14;16;17;11;11;5;21;5;9;4;3;20;9;10;7;3;14;16;10;7;2;5;7;18;8;11;14;23;15;11;35;33;2;6;13;19;9;10;9
;;3;Waninge, A.;36;0;0;0;0;1;0;0;1;0;0;0;0;0;1;0;0;0;1;0;0;1;0;0;0;2;0;1;0;0;0;1;1;0;0;1;0;0;0;0;0;0;0;4;0;0;0;0;0;0;0;0;1;1;0;0;0;0;1;0;0;0;0;0;0;0;0;1;0;0;0;0;1;1;0;1;0;1;0;1;0;0;0;1;0;0;0;0;0;0;0;0;0;1;0;0;0;0;0;1;0;0;1;1;0;0;2;2;1;0;0;0;0;1;0;0;0;0;1
;;4;Nikshomar, S.;529;23;2;5;3;4;1;0;9;4;1;4;3;5;3;4;4;4;6;2;5;2;7;2;5;7;8;2;5;4;12;9;17;2;4;7;9;10;2;7;4;12;7;9;4;4;4;6;2;0;3;8;7;10;2;2;5;4;3;1;5;13;2;1;0;4;3;5;0;1;4;2;9;2;8;13;4;3;7;0;1;9;5;1;7;3;3;2;6;1;1;5;4;2;2;0;1;11;8;1;1;1;0;2;0;2;9;7;8;6;4;6;3;1;3;2;0;3;2
;;5;de Jonge, A.;370;12;3;1;0;2;3;3;3;3;0;2;3;3;1;4;4;4;6;5;2;2;5;1;2;5;4;1;10;6;12;4;8;1;0;1;1;2;1;0;3;5;2;9;4;2;5;6;5;1;1;1;3;8;0;0;9;7;1;0;2;5;3;1;0;1;9;2;0;2;8;5;1;2;6;6;9;3;3;1;1;5;3;6;3;2;3;1;6;7;1;1;1;0;1;2;1;2;3;1;0;2;2;2;0;0;10;5;1;0;4;2;2;1;1;4;3;6;4
;;6;Beemer, K.;34;1;0;0;0;0;0;0;0;0;0;2;1;0;0;0;0;0;0;0;0;0;0;0;0;0;0;0;0;0;0;0;2;1;0;1;0;0;1;3;0;1;4;1;1;0;0;0;0;0;1;0;0;2;0;0;1;0;0;0;0;0;1;0;1;0;0;0;0;0;0;0;0;1;0;0;1;0;0;0;0;1;0;1;0;0;0;0;0;0;0;0;0;0;0;0;0;0;2;0;0;0;0;0;0;0;1;0;0;1;0;0;0;0;0;0;0;1;0
;;7;Bouljhaf, Z.;230;3;1;1;4;3;2;0;2;3;0;2;5;1;3;2;4;2;3;2;0;0;2;2;2;0;1;2;1;2;3;5;10;0;1;10;2;0;2;2;0;2;4;8;1;6;3;2;0;0;1;3;1;9;2;0;4;3;1;0;0;4;0;0;1;0;0;0;3;0;4;5;2;9;3;3;0;3;0;0;0;3;1;2;0;1;0;0;3;0;0;3;3;2;0;2;0;2;2;1;0;0;0;1;0;0;2;4;2;4;4;4;0;0;1;3;0;1;2
;;8;Sint Jago, L.P.;111;3;2;0;1;1;1;1;2;1;0;0;2;0;0;0;1;0;2;1;1;0;0;1;0;2;1;0;1;4;1;0;1;0;0;5;1;1;0;2;0;2;1;2;0;1;2;0;1;0;0;2;1;2;1;3;2;1;0;1;1;1;1;1;1;0;3;0;1;0;0;2;2;0;2;1;2;0;1;0;0;0;1;2;4;0;0;0;1;1;0;0;1;0;2;0;2;2;2;0;1;1;0;1;1;0;0;0;0;1;0;2;1;1;1;1;0;0;2
;;9;Draijer, I.M.;70;3;2;0;0;0;0;0;1;1;0;1;1;0;1;0;1;0;0;2;0;0;0;1;0;1;0;1;0;1;1;0;3;0;1;2;0;1;1;2;2;0;0;0;3;0;1;0;0;0;0;1;1;3;0;0;7;0;1;1;0;4;0;0;0;0;1;0;0;0;2;1;0;0;0;0;0;1;1;0;1;0;1;0;0;0;0;0;0;2;0;2;0;0;0;1;0;1;0;0;0;0;1;0;0;0;0;0;0;2;0;0;0;0;0;1;0;0;0
;;10;Rozeboom, A.J.;62;3;1;0;0;0;2;0;0;3;0;0;1;0;0;0;0;1;1;1;0;0;1;0;0;1;0;2;0;0;0;0;1;1;0;1;0;0;0;0;0;0;1;0;1;1;1;1;2;0;1;0;0;1;0;0;2;1;0;0;0;1;0;0;2;0;0;2;1;0;0;1;1;0;0;0;2;1;0;0;0;0;1;0;1;1;0;0;4;0;0;0;0;0;0;0;0;1;2;0;0;0;0;1;0;1;0;0;0;0;1;2;0;0;0;0;0;4;0
;;11;van der Wal, T.O.M.;20;1;0;0;0;0;0;0;0;0;0;0;0;1;0;0;0;0;0;0;1;1;0;0;0;0;0;0;0;0;0;0;0;0;0;1;0;0;0;0;0;0;0;0;0;0;1;0;0;0;2;0;1;0;0;0;1;0;0;0;0;0;0;0;0;0;1;0;0;0;0;0;0;0;0;0;0;0;0;1;0;0;0;0;0;0;0;0;0;0;0;1;0;0;0;0;0;0;0;2;0;1;0;0;0;0;0;0;0;0;2;1;0;0;1;0;0;0;0
;;12;Vrouwenvelder, S.V.;29;0;0;0;0;3;0;0;0;0;0;0;0;0;0;0;2;0;0;0;0;0;0;0;0;1;1;0;0;0;0;0;0;0;0;0;0;0;0;0;0;0;0;0;2;0;2;0;0;0;0;0;0;2;1;0;0;0;1;0;0;0;0;0;1;0;0;0;0;0;0;3;0;0;0;0;0;0;0;0;1;0;0;0;0;0;1;0;0;0;0;0;2;0;0;0;0;0;0;0;0;0;1;0;0;0;0;0;1;0;0;1;0;1;0;2;0;0;0
;;13;Kips, J.;81;0;1;1;0;0;3;2;1;0;0;0;1;0;1;1;0;1;1;0;0;0;0;1;0;2;1;1;3;1;2;1;0;0;0;2;1;2;1;0;0;1;1;1;2;0;0;0;3;0;2;3;0;1;0;1;4;1;0;0;0;1;0;0;1;0;2;0;2;0;0;1;0;0;0;1;0;1;0;0;0;1;1;1;3;1;0;0;0;0;1;0;1;0;0;0;1;2;0;0;0;0;2;1;0;0;0;1;0;0;2;0;0;0;1;1;1;0;0
;;14;Neel, V.A.P.;7;0;0;0;0;0;0;0;0;0;0;0;0;0;0;0;0;0;0;0;0;0;0;0;0;0;0;0;0;0;0;0;0;0;0;0;0;0;0;0;0;0;0;1;0;0;0;0;0;0;1;0;0;0;0;0;0;0;0;0;0;0;0;0;0;0;0;0;0;0;1;0;1;0;0;0;0;0;0;0;0;0;0;0;0;0;0;0;0;1;0;0;0;0;1;0;0;0;0;0;0;0;0;0;0;0;0;0;0;0;0;0;0;0;1;0;0;0;0
;;15;van Gerven, J.T.J.;9;0;0;0;0;2;0;0;0;0;0;0;0;0;0;0;0;0;0;0;0;0;0;0;0;0;0;0;0;0;0;0;0;0;0;0;0;0;0;0;0;0;0;0;0;0;0;4;0;0;0;0;0;0;0;0;0;0;0;0;0;0;0;0;0;0;0;0;0;0;0;0;1;0;1;0;0;0;0;0;0;0;0;0;0;0;0;0;0;0;0;0;0;0;0;0;0;0;0;0;0;0;0;0;0;0;1;0;0;0;0;0;0;0;0;0;0;0;0
;;16;Kampschöer, V.M.;62;0;0;0;0;1;0;1;1;0;0;1;0;0;2;2;0;1;0;0;0;0;0;0;0;0;2;0;1;2;4;0;1;0;0;2;0;0;0;2;1;0;0;1;0;0;0;0;0;0;0;1;1;0;0;0;0;0;0;0;1;0;0;0;0;0;3;0;0;0;1;1;1;0;0;1;2;1;0;0;1;0;0;0;0;0;0;1;1;0;0;0;3;0;0;0;1;1;0;3;0;0;1;2;0;0;2;0;1;1;1;3;0;1;0;0;0;1;0
;;17;Bordes, W.;22;0;0;0;0;0;0;2;0;0;0;1;0;0;0;0;0;0;0;0;0;0;0;0;0;1;0;0;0;0;0;1;0;1;0;0;0;0;0;0;0;0;0;0;0;1;0;1;0;0;0;0;0;0;0;0;0;1;0;0;0;0;0;0;0;0;1;0;0;0;0;0;2;0;2;0;0;1;0;0;0;0;0;0;0;1;0;0;0;0;0;0;0;0;1;0;0;3;0;0;0;0;0;0;0;0;0;0;1;0;0;0;0;0;0;1;0;0;0
;;18;Spanier, R.;18;2;0;0;0;0;0;0;0;2;0;1;0;0;0;0;0;0;0;0;0;0;0;0;0;0;1;0;1;0;0;0;0;1;0;0;0;0;0;0;0;0;0;0;0;0;0;2;0;0;0;0;0;1;0;0;0;1;1;0;0;0;0;0;0;0;0;0;0;0;0;0;0;0;0;0;0;0;0;0;0;0;0;0;0;0;0;0;0;0;0;0;0;0;0;0;0;0;0;1;0;0;0;0;0;0;0;1;0;0;0;0;0;0;0;0;3;0;0
;;19;Gadellaa, I.;26;0;0;0;0;0;1;0;0;1;0;0;0;0;0;2;0;0;0;0;0;0;0;0;0;0;0;0;0;0;0;0;0;0;0;1;0;0;0;1;1;0;0;1;0;1;0;0;0;0;0;0;0;0;0;0;0;0;0;0;0;0;0;0;0;0;0;0;0;1;1;0;0;2;0;2;0;0;0;0;0;2;0;1;0;0;1;0;0;1;0;0;1;0;0;0;0;2;0;0;0;0;0;0;0;0;0;0;0;1;0;1;0;0;1;0;0;0;0
;;20;Dekking, A.J.G.;6;0;0;0;0;0;0;0;0;0;0;0;0;1;0;1;0;0;0;0;0;0;0;0;0;0;0;0;0;0;0;0;0;0;0;0;0;0;0;0;0;0;0;0;0;0;0;0;0;0;1;0;0;0;0;0;0;0;0;0;0;0;0;0;0;0;0;0;0;0;0;0;1;0;1;0;0;0;0;0;0;0;0;0;0;0;0;0;0;0;0;0;0;0;0;0;0;0;0;0;0;0;0;0;0;0;1;0;0;0;0;0;0;0;0;0;0;0;0
;;21;Maas, J.J.M.;7;0;0;0;0;0;0;0;1;0;0;0;0;0;0;0;0;0;0;0;0;0;0;0;0;0;0;0;0;0;1;0;0;0;0;0;0;0;0;0;0;0;0;0;0;0;0;0;0;0;0;0;0;0;0;0;0;0;0;0;0;0;0;0;0;0;0;0;0;0;0;0;1;0;3;0;0;0;0;0;0;0;0;0;0;0;1;0;0;0;0;0;0;0;0;0;0;0;0;0;0;0;0;0;0;0;0;0;0;0;0;0;0;0;0;0;0;0;0
;;22;Lenselink, G.;16;2;0;0;0;0;0;0;1;0;0;2;0;0;0;0;0;0;0;0;0;0;0;0;0;0;0;0;0;0;0;0;0;0;0;0;0;0;0;0;0;0;1;0;0;0;1;0;0;0;0;0;0;2;0;0;0;0;0;0;0;0;0;2;0;0;0;0;0;0;0;0;0;0;0;0;0;0;0;0;0;0;0;0;0;0;0;0;0;0;0;0;0;0;0;0;0;0;0;0;0;0;0;0;1;0;0;1;0;0;0;0;0;0;0;2;1;0;0
;;23;van Dijk, P.B.M.;8;0;0;0;0;0;0;0;0;0;0;0;0;0;0;0;0;0;0;0;0;0;0;0;0;0;0;0;1;0;0;0;0;0;0;0;0;0;0;1;0;0;1;1;0;0;0;0;0;0;1;0;0;0;0;0;0;0;0;0;0;0;0;0;0;0;0;0;0;0;0;0;0;0;1;0;0;0;0;0;0;0;0;0;1;0;0;0;0;0;0;0;0;0;0;0;0;0;0;0;1;0;0;0;0;0;0;0;0;0;0;0;0;0;0;0;0;0;0
;;24;Adahchour, L.;24;2;0;0;0;0;0;0;0;0;0;1;0;0;0;0;0;0;0;0;0;0;2;0;0;1;0;0;0;0;0;0;1;0;0;0;0;0;0;0;1;2;0;1;1;0;1;0;0;0;0;0;0;2;1;0;0;0;0;0;0;0;1;0;0;0;0;0;2;0;0;0;1;0;0;0;0;0;0;0;0;1;0;1;0;0;0;1;0;0;0;0;0;0;0;0;0;0;0;0;0;0;0;0;0;0;0;0;0;0;0;0;0;0;0;0;0;1;0
;;25;Straatsma, C.;26;0;0;0;0;0;0;0;0;0;1;0;0;1;0;0;0;1;0;0;0;0;1;1;0;0;0;1;0;0;1;0;0;0;0;0;0;0;0;0;0;1;0;1;2;1;0;1;0;0;1;0;1;0;1;0;1;0;1;0;0;0;0;0;0;0;0;0;0;0;0;0;0;0;0;0;0;0;0;0;0;0;1;1;0;0;0;0;0;0;0;0;0;0;0;0;0;0;0;0;0;0;0;1;0;0;0;0;1;0;3;0;0;0;0;0;0;0;1
;;26;Hoek, J.;35;1;0;0;1;0;0;0;0;0;0;2;0;0;2;1;0;0;0;0;0;0;0;0;2;0;0;0;2;1;1;0;0;0;0;1;0;0;1;0;0;0;0;0;1;0;1;0;2;1;0;0;0;0;0;0;0;0;0;0;1;0;0;0;0;0;1;0;0;0;1;0;0;0;0;1;1;2;0;0;0;0;0;0;0;0;0;0;0;0;1;0;0;0;0;0;0;0;0;1;1;0;2;0;0;0;0;0;0;0;2;0;0;0;0;0;0;1;0
6;SP (Socialistische Partij);;;5346;73;46;26;11;46;44;43;124;92;6;10;56;56;44;84;65;70;61;37;30;44;90;18;46;94;64;58;29;82;105;58;39;39;24;37;19;21;48;50;46;56;35;91;34;60;53;69;62;17;57;51;36;57;50;27;99;73;22;15;55;43;27;8;21;59;72;31;30;35;40;27;39;47;69;56;39;58;32;21;58;73;34;11;77;34;42;26;28;27;41;42;35;14;35;25;91;39;23;55;13;26;22;30;10;53;32;18;41;33;98;69;19;41;38;74;28;55;28
;;1;de Vreede, D.F.B.;2528;36;24;20;4;22;16;20;68;32;2;2;31;25;20;47;36;43;28;24;17;17;40;6;19;42;36;33;12;40;49;23;18;19;11;13;10;11;26;17;23;26;17;40;20;33;29;21;30;8;24;24;15;27;22;14;31;27;6;5;23;20;14;2;7;32;41;16;13;17;21;18;18;25;28;26;20;22;14;11;18;33;13;7;35;20;20;13;6;12;21;20;11;6;21;12;47;18;12;20;7;14;12;18;3;29;16;5;23;18;55;34;9;22;18;36;16;25;14
;;2;Everhard, J.J.C.;279;3;0;1;0;3;4;0;5;7;0;1;3;2;5;6;0;5;5;1;4;1;5;0;4;3;5;4;1;6;6;4;6;1;1;3;0;1;1;2;3;2;2;4;2;0;3;4;6;0;3;0;3;2;0;1;3;1;3;1;7;1;0;0;0;0;1;0;0;0;2;0;0;2;8;11;5;6;3;0;2;7;5;0;1;0;4;2;1;2;0;1;2;0;2;0;2;7;1;7;0;2;0;3;0;3;1;0;1;1;7;5;2;1;2;5;0;2;0
;;3;van de Baan, E.J.;1683;23;17;4;6;16;19;14;30;34;3;4;16;15;10;19;14;12;20;8;4;19;29;6;19;39;17;18;9;31;32;26;11;13;12;20;7;7;16;24;12;18;9;23;9;17;11;29;14;5;23;13;11;20;17;9;44;26;5;3;19;15;12;4;10;14;17;13;10;13;13;6;14;17;25;10;9;12;10;3;23;28;14;4;26;12;13;8;16;3;13;13;15;6;9;4;32;9;9;15;4;6;6;7;5;13;9;10;11;10;19;19;5;13;13;23;7;13;11
;;4;Draisma, E.;108;0;1;0;0;0;0;0;3;5;0;1;0;2;2;1;1;1;0;0;0;0;3;0;0;3;0;1;0;0;1;0;0;1;0;0;0;0;1;0;0;1;1;3;0;0;0;2;2;0;0;1;1;0;2;0;4;1;0;0;0;1;1;1;0;7;3;0;0;0;0;0;2;0;0;1;2;10;1;0;2;1;0;0;2;0;0;0;1;1;0;0;2;0;0;6;3;0;0;2;1;0;0;0;0;2;0;0;0;0;4;1;0;0;0;0;0;5;1
;;5;Ravestein, R.;37;0;0;0;0;0;0;1;1;0;0;0;0;1;1;1;1;1;0;1;0;0;0;1;0;0;0;0;0;1;2;0;0;0;0;0;0;0;0;0;0;0;0;1;0;1;2;2;1;0;1;0;0;0;0;0;0;2;0;0;0;0;0;0;0;1;0;0;0;0;0;0;0;1;0;1;0;1;1;0;0;2;0;0;0;0;0;0;0;0;0;0;0;0;0;2;0;0;0;0;0;1;0;0;0;2;0;0;0;1;1;0;0;0;1;0;0;0;0
;;6;van den Berg, A.F.;67;2;1;0;0;2;0;1;1;0;0;0;0;2;0;2;3;0;0;0;0;0;3;0;0;0;0;0;1;0;1;0;1;0;0;0;0;1;0;1;0;0;0;1;0;0;0;1;1;3;3;0;0;0;1;0;0;1;0;0;1;0;0;1;1;1;2;0;3;2;0;1;0;0;1;0;0;0;0;0;0;1;0;0;0;0;0;1;0;0;0;0;0;1;0;0;3;1;0;0;0;1;0;0;0;1;0;2;2;0;4;3;0;0;0;0;0;1;0
;;7;Naeem, A.A.;81;2;0;0;0;0;0;0;2;0;0;0;1;4;0;1;0;3;2;0;1;0;1;1;0;0;0;0;0;1;0;1;0;0;0;0;0;0;1;0;1;3;2;3;0;3;1;0;0;0;0;4;1;2;3;2;5;0;0;1;1;2;0;0;0;0;0;0;0;0;2;1;0;0;1;2;0;0;0;0;1;0;0;0;2;0;0;1;1;0;1;0;0;0;0;0;0;2;0;0;1;1;1;0;1;0;1;0;2;0;0;1;1;1;0;1;0;1;0
;;8;Prins, E.S.;29;0;1;0;0;0;0;0;2;0;0;0;0;0;1;0;1;0;0;0;0;0;0;0;1;1;0;0;0;0;1;0;0;1;0;0;0;0;0;0;1;0;0;0;0;1;0;0;0;0;0;0;1;0;0;0;1;0;0;2;0;0;0;0;0;0;0;0;0;0;0;0;0;0;0;0;0;2;0;2;0;0;0;0;1;0;0;0;0;1;0;0;0;0;0;0;1;0;0;1;0;0;0;0;0;0;0;0;0;1;1;1;1;1;0;0;0;0;1
;;9;Haft, J.J.M.;131;1;0;0;1;1;1;3;4;6;0;1;2;1;1;1;5;1;2;1;0;1;4;1;1;1;2;1;1;1;4;0;0;1;0;1;0;1;1;0;0;1;0;4;1;0;5;1;2;0;1;4;3;4;0;1;3;2;1;1;1;2;0;0;1;1;1;0;0;0;1;0;1;1;0;1;0;4;0;0;4;1;1;0;2;0;0;0;1;2;1;0;1;0;1;0;0;0;0;3;0;0;0;0;1;2;0;1;1;0;1;0;0;3;1;1;0;2;0
;;10;de Jong, R.;26;0;0;0;0;0;0;0;0;0;0;0;0;1;0;0;0;0;0;1;1;0;0;0;0;0;0;0;0;0;1;2;1;3;0;0;0;0;0;0;0;0;0;2;0;0;0;0;0;0;0;0;0;0;0;0;1;0;0;0;0;1;0;0;0;1;0;0;0;0;0;0;2;0;0;0;0;0;0;0;1;0;1;0;0;0;1;0;0;0;0;0;1;0;0;1;0;0;0;0;0;0;0;0;0;0;0;0;0;1;1;0;0;0;0;1;1;0;0
;;11;Stavenhagen, G.E.I.G.;50;0;0;0;0;0;0;4;0;0;0;0;1;0;0;0;0;1;1;0;1;0;3;0;1;0;2;0;0;0;3;0;1;0;0;0;1;0;0;0;2;0;0;1;0;2;1;4;1;0;0;3;1;0;0;0;0;3;0;0;0;1;0;0;0;0;1;0;0;0;0;0;0;0;0;1;0;0;0;0;1;0;0;0;0;0;0;0;0;1;0;1;0;0;0;0;0;0;0;0;0;0;0;0;0;0;1;0;0;0;1;2;0;0;1;0;1;1;0
;;12;Haft, R.R.;7;1;0;0;0;0;0;0;0;0;0;0;0;0;1;0;0;0;0;0;0;0;0;0;0;0;0;0;0;0;0;0;0;0;0;0;0;0;0;0;0;0;0;0;0;0;1;0;0;0;0;0;0;0;0;0;0;0;0;0;0;0;0;0;0;0;0;1;0;0;0;0;0;0;0;0;0;0;0;0;0;0;0;0;0;0;0;0;0;0;1;1;0;0;0;0;0;0;0;0;0;0;0;0;0;0;0;0;0;0;1;0;0;0;0;0;0;0;0
;;13;van Eck, J.E.M.;48;2;0;0;0;0;0;0;1;2;0;0;0;0;1;2;0;0;1;0;0;1;0;0;0;0;0;0;0;2;2;0;1;0;0;0;1;0;0;1;1;0;3;0;0;2;0;0;0;0;0;0;0;2;0;0;0;1;2;0;0;0;0;0;0;0;2;0;1;1;0;1;0;0;1;1;0;0;1;1;1;0;0;0;0;0;0;0;0;0;1;1;1;0;0;0;0;1;0;0;0;0;0;0;0;0;2;0;0;0;0;0;0;0;2;0;1;1;0
;;14;Schuuring, J.H.;16;0;1;1;0;0;0;0;1;2;1;0;0;0;1;0;0;0;0;0;0;0;0;0;0;0;0;1;0;0;0;0;0;0;0;0;0;0;0;1;0;0;0;1;0;0;0;0;0;0;1;0;0;0;0;0;0;0;0;0;0;0;0;0;0;0;0;0;0;0;1;0;0;0;1;0;0;0;0;0;0;0;0;0;0;0;0;0;0;0;0;2;0;0;0;0;0;0;0;0;0;0;0;0;0;0;0;0;0;0;0;0;0;0;0;0;0;1;0
;;15;Verhofstad, K.;3;0;0;0;0;0;0;0;0;0;0;0;0;0;0;0;0;0;0;0;0;0;0;0;0;0;0;0;0;0;0;0;0;0;0;0;0;0;0;0;0;0;0;0;0;0;0;0;0;0;0;0;0;0;0;0;0;0;0;0;0;0;0;0;0;0;0;0;0;0;0;0;0;0;0;0;1;0;0;0;0;0;0;0;0;0;0;0;0;1;0;0;0;0;0;0;0;0;0;0;0;0;1;0;0;0;0;0;0;0;0;0;0;0;0;0;0;0;0
;;16;Roomer, J.C.;47;0;0;0;0;0;1;0;0;2;0;1;0;1;0;1;1;1;0;0;1;0;0;0;0;0;0;0;1;0;1;0;0;0;0;0;0;0;0;0;0;0;0;2;0;0;0;1;0;0;0;1;0;0;1;0;2;1;1;1;1;0;0;0;1;1;1;0;0;1;0;0;0;0;2;1;0;1;1;2;3;0;0;0;0;0;0;0;0;0;0;0;0;0;1;0;2;0;0;1;0;0;0;2;0;0;0;0;0;0;3;0;0;0;0;1;0;0;1
;;17;Fransen, G.G.;10;0;0;0;0;0;0;0;1;1;0;0;1;0;0;0;0;0;0;0;0;0;0;0;0;0;0;0;0;0;0;0;0;0;0;0;0;0;0;0;0;0;0;0;0;0;0;0;1;0;0;0;0;0;1;0;0;0;0;0;1;0;0;0;0;0;0;0;0;0;0;0;0;0;0;0;0;0;0;1;0;0;0;0;0;0;0;0;0;0;0;0;0;0;1;0;0;0;0;1;0;0;0;0;0;0;0;0;0;0;0;0;0;0;0;1;0;0;0
;;18;Szalai, K.;52;0;0;0;0;0;0;0;0;0;0;0;0;0;0;1;3;0;0;1;0;2;1;2;0;1;1;0;0;0;1;1;0;0;0;0;0;0;1;0;1;1;0;1;2;0;0;1;0;0;0;1;0;0;1;0;3;2;2;1;0;0;0;0;1;0;0;0;0;0;0;0;2;0;2;0;1;0;0;0;1;0;0;0;2;0;1;0;0;1;1;1;0;1;0;0;0;1;1;0;0;0;1;0;0;0;1;0;1;0;0;1;0;0;0;0;1;0;0
;;19;Hompe, A.J.;13;0;0;0;0;0;0;0;0;0;0;0;0;0;0;0;0;0;0;0;0;0;0;0;0;0;0;0;0;0;1;0;0;0;0;0;0;0;0;0;1;0;1;0;0;0;0;0;0;0;0;0;0;0;0;0;0;3;0;0;0;0;0;0;0;1;1;0;0;0;0;0;0;0;0;0;0;0;0;1;0;0;0;0;0;2;0;0;0;0;0;0;0;0;0;0;1;0;0;0;0;0;0;0;0;0;1;0;0;0;0;0;0;0;0;0;0;0;0
;;20;Cocu, J.;16;0;0;0;0;1;0;0;1;0;0;0;0;0;0;0;0;1;0;0;0;0;0;0;0;0;0;0;0;0;0;0;0;0;0;0;0;0;0;1;0;0;0;1;0;0;0;1;0;0;0;0;0;0;1;0;0;0;0;0;0;0;0;0;0;0;0;0;0;0;0;0;0;0;0;0;0;0;0;0;1;0;0;0;1;0;0;0;0;1;0;0;0;0;0;0;0;0;0;1;0;0;0;0;0;1;0;0;0;1;0;2;0;0;0;1;0;0;0
;;21;Louweret, I.J.;2;0;0;0;0;0;0;0;0;0;0;0;0;0;0;0;0;0;0;0;0;0;0;0;0;0;0;0;0;0;0;0;0;0;0;0;0;0;0;0;0;0;0;0;0;0;0;0;0;0;0;0;0;0;0;0;0;0;0;0;0;0;0;0;0;0;0;1;0;0;0;0;0;0;0;0;0;0;0;0;0;0;0;0;0;0;0;0;0;0;0;0;0;0;0;0;0;0;0;1;0;0;0;0;0;0;0;0;0;0;0;0;0;0;0;0;0;0;0
;;22;de Vries, J.P.;15;0;1;0;0;0;1;0;1;0;0;0;1;0;0;0;0;0;0;0;0;1;0;0;0;0;0;0;3;0;0;0;0;0;0;0;0;0;0;0;0;1;0;1;0;0;0;0;0;1;0;0;0;0;0;0;0;0;0;0;0;0;0;0;0;0;0;0;0;0;0;0;0;0;0;0;0;0;0;0;0;0;0;0;1;0;3;0;0;0;0;0;0;0;0;0;0;0;0;0;0;0;0;0;0;0;0;0;0;0;0;0;0;0;0;0;0;0;0
;;23;Schuuring, N.J.;5;0;0;0;0;0;0;0;1;0;0;0;0;0;0;0;0;1;0;0;0;0;0;0;0;0;0;0;0;0;0;0;0;0;0;0;0;0;0;0;0;0;0;0;0;0;0;0;0;0;1;0;0;0;0;0;0;0;0;0;0;0;0;0;0;0;0;0;0;0;0;0;0;0;0;0;0;0;0;0;0;0;0;0;0;0;0;0;0;0;0;0;0;0;0;0;0;0;0;0;0;0;0;0;0;0;0;0;0;0;0;0;0;0;0;0;0;2;0
;;24;Kreelekamp, J.M;93;3;0;0;0;1;2;0;2;1;0;0;0;2;1;2;0;0;2;0;1;2;1;1;1;4;1;0;1;0;0;1;0;0;0;0;0;0;1;3;1;3;0;3;0;1;0;2;4;0;0;0;0;0;1;0;2;3;2;0;1;0;0;0;0;0;2;0;3;1;0;0;0;1;0;1;1;0;1;0;0;0;0;0;4;0;0;1;2;2;2;2;2;0;0;0;0;0;0;3;0;1;1;0;0;0;0;0;0;0;0;0;1;0;0;4;1;1;0
7;Leefbaar Almere;;;3892;65;21;15;6;42;33;24;81;55;7;7;37;29;28;42;34;48;41;20;22;33;59;9;40;61;68;60;36;56;84;51;85;27;18;73;22;19;41;36;26;43;27;51;47;46;43;38;50;6;45;44;21;51;24;8;49;65;22;11;61;34;20;19;19;49;55;15;7;24;39;16;34;25;74;55;32;37;24;21;27;30;24;17;30;26;38;14;23;17;21;42;22;13;11;16;35;36;21;30;17;14;23;20;16;11;32;39;25;36;73;40;16;28;32;21;8;22;14
;;1;Ahles, C.;1596;18;7;8;1;16;14;5;37;23;4;2;18;11;15;17;21;21;18;11;4;15;30;3;13;29;28;17;15;22;44;16;25;12;9;17;9;8;14;12;7;17;11;15;20;18;13;9;26;6;21;25;9;15;13;3;18;29;12;2;31;14;11;3;9;16;23;5;0;12;16;9;15;11;28;13;10;10;12;9;15;13;13;4;9;12;20;5;11;9;8;15;13;5;9;6;21;23;11;14;9;7;16;10;5;7;12;10;11;20;24;16;7;19;11;6;3;9;3
;;2;van Nunen, P.A.M.;935;24;3;2;2;9;6;9;17;13;1;5;11;4;6;8;2;7;8;2;9;2;16;3;16;13;14;23;5;14;13;11;35;8;1;29;4;8;10;9;9;13;7;8;17;6;13;12;13;0;9;9;3;17;6;2;9;17;3;6;17;10;4;13;3;11;10;7;2;3;10;2;10;6;17;14;8;9;8;4;2;11;2;3;2;3;7;1;4;2;6;11;1;3;1;2;3;7;5;7;2;3;2;3;5;1;12;7;9;7;23;8;1;7;9;7;4;7;6
;;3;de Kat, M.;254;5;1;0;1;1;0;2;3;1;2;0;0;3;0;1;1;0;4;1;2;7;3;2;2;5;6;4;4;2;6;1;13;1;2;7;5;0;4;3;1;3;2;4;1;1;4;4;0;0;3;3;2;3;0;0;6;2;0;0;5;2;0;3;1;0;8;0;1;5;3;0;4;3;3;4;0;5;0;1;3;1;2;2;2;2;2;3;2;2;2;2;1;1;0;0;0;0;2;1;0;0;1;3;1;0;2;5;1;0;4;8;1;0;4;2;0;0;0
;;4;Bakker, M.;116;2;1;1;0;1;2;2;3;3;0;0;0;0;0;0;1;0;0;1;1;0;2;1;0;2;0;1;1;0;1;1;1;1;0;2;0;0;2;0;0;2;0;7;0;1;3;4;1;0;3;0;0;1;0;1;1;0;0;0;0;1;0;0;2;2;0;0;0;2;0;0;0;0;2;8;2;2;0;3;1;1;1;1;5;1;1;2;0;0;2;0;0;0;0;1;1;0;0;0;0;0;1;0;0;0;1;4;1;3;2;0;3;0;0;2;1;0;0
;;5;Hulzebos, J.S.;99;1;2;1;0;0;4;0;2;0;0;0;0;1;0;3;0;0;2;1;1;2;0;0;0;3;0;4;1;0;3;4;1;0;1;0;0;1;0;1;0;0;0;1;1;2;2;0;1;0;0;2;0;2;0;1;1;2;0;0;2;0;0;0;2;0;0;1;0;0;1;3;0;0;2;0;2;1;0;0;0;1;1;2;1;2;0;1;0;1;0;6;2;0;0;1;1;0;0;0;0;0;2;0;2;0;0;0;0;2;1;2;1;1;0;0;0;0;1
;;6;Soek, D.;39;0;0;0;0;1;0;0;2;1;0;0;0;0;0;1;0;1;0;0;1;0;1;0;0;0;0;1;1;1;0;0;0;1;0;0;1;0;0;0;0;0;0;2;0;5;1;0;0;0;0;1;1;0;0;0;3;1;1;0;0;1;0;0;0;0;0;0;0;0;0;0;0;1;1;1;0;0;0;0;0;0;0;0;1;0;0;0;0;0;0;0;0;0;0;2;0;0;0;1;0;0;0;0;1;0;0;0;0;0;1;0;0;1;0;0;0;0;0
;;7;van den Bosch, G.P.;46;1;1;0;1;0;1;1;1;1;0;0;1;0;0;1;0;2;0;0;0;0;0;0;1;0;0;1;0;0;0;0;0;0;0;0;1;1;1;0;0;0;0;0;0;0;1;0;0;0;0;0;1;0;1;0;1;0;2;0;0;0;0;0;0;4;0;0;0;0;0;0;1;2;2;0;0;0;0;0;3;1;0;1;0;0;0;0;0;0;0;1;0;0;1;0;0;0;0;1;0;0;0;0;0;2;1;1;0;0;0;1;0;0;1;0;0;1;0
;;8;Hamminga, G.M.;48;0;0;0;0;0;0;0;0;0;0;0;4;0;0;0;4;8;0;1;0;0;0;0;0;2;1;1;0;0;0;4;0;0;0;0;0;0;0;0;0;0;1;0;0;4;0;0;0;0;0;0;0;0;1;0;1;2;0;0;0;0;0;0;0;0;0;0;0;0;0;0;0;0;0;1;0;1;0;1;0;0;0;0;1;0;0;0;0;0;0;0;0;1;0;1;0;0;0;1;1;0;0;0;0;0;0;0;0;0;1;1;0;0;3;0;0;1;0
;;9;van Os de Man, J.I.;326;5;2;2;1;2;1;2;5;8;0;0;0;5;4;6;4;3;4;2;1;1;3;0;3;1;7;5;3;10;11;6;5;4;1;10;1;1;5;6;5;5;4;6;3;3;0;7;2;0;2;3;1;6;2;1;4;2;0;2;4;3;2;0;1;3;9;0;0;1;2;2;0;0;9;4;7;3;3;2;2;0;2;1;5;5;4;0;2;3;2;3;4;1;0;2;3;3;3;1;1;1;0;0;1;0;1;3;2;1;6;2;1;0;2;3;0;2;1
;;10;van de Peppel, C.;106;3;0;0;0;1;2;1;2;1;0;0;0;2;0;1;1;3;1;0;1;5;2;0;1;2;3;0;0;4;2;2;3;0;2;3;1;0;2;0;3;1;0;1;0;1;1;1;2;0;4;0;0;0;0;0;2;0;0;0;0;0;0;0;1;1;0;1;1;0;0;0;2;1;2;4;0;2;0;1;1;0;3;1;1;0;2;0;2;0;0;0;1;0;0;0;3;0;0;0;1;0;0;1;1;0;2;0;0;0;2;0;0;0;1;0;0;0;1
;;11;Dobber, J.C.;43;1;0;0;0;1;0;0;1;0;0;0;0;1;1;2;0;0;1;0;0;1;0;0;0;2;0;1;0;1;0;0;2;0;0;1;0;0;0;0;0;1;0;1;0;1;1;0;0;0;0;0;1;0;0;0;0;0;1;0;1;1;0;0;0;0;1;0;0;0;2;0;0;0;3;1;0;0;0;0;0;0;0;0;0;0;1;0;0;0;0;0;0;1;0;0;0;0;0;0;2;1;0;0;0;0;0;3;0;0;1;0;1;0;1;0;0;0;1
;;12;Dijkstra, Y.L.;73;1;2;1;0;5;0;1;3;1;0;0;0;0;1;0;0;0;0;1;0;0;1;0;0;0;0;0;4;0;0;0;0;0;0;1;0;0;0;0;0;0;0;2;0;1;1;0;1;0;0;0;1;6;0;0;2;1;0;0;0;1;0;0;0;6;2;0;0;0;1;0;1;0;2;1;1;2;0;0;0;0;0;1;1;1;0;0;0;0;0;1;0;0;0;1;3;0;0;2;0;0;0;2;0;0;0;2;0;1;2;2;0;0;0;0;0;0;0
;;13;de Ruiter, P.G.;23;0;0;0;0;0;2;0;0;0;0;0;0;0;0;1;0;0;1;0;0;0;0;0;0;2;0;0;0;0;0;1;0;0;0;0;0;0;1;0;0;0;0;0;1;1;0;0;0;0;0;0;0;1;0;0;0;0;2;0;0;0;0;0;0;0;0;0;3;0;1;0;0;0;0;0;0;0;0;0;0;0;0;0;0;0;1;0;0;0;0;1;0;0;0;0;0;2;0;0;0;1;0;0;0;0;0;0;0;1;0;0;0;0;0;0;0;0;0
;;14;Pieron, P.J.A.;32;1;0;0;0;3;0;0;3;0;0;0;1;0;0;0;0;0;1;0;2;0;0;0;1;0;1;0;0;0;0;1;0;0;0;0;0;0;0;2;0;0;0;1;1;0;0;1;1;0;0;0;0;0;0;0;0;1;1;0;0;0;1;0;0;3;0;0;0;0;1;0;0;1;0;0;1;1;0;0;0;0;0;0;0;0;0;0;0;0;0;0;0;0;0;0;0;0;0;0;0;1;1;0;0;0;0;0;0;0;0;0;0;0;0;0;0;0;0
;;15;Degenhardt-Bochem, J.M.;156;3;2;0;0;2;1;1;2;3;0;0;2;2;1;1;0;3;1;0;0;0;1;0;3;0;8;2;2;2;4;4;0;0;2;3;0;0;2;3;1;1;2;3;3;2;3;0;3;0;3;1;2;0;1;0;1;8;0;1;1;1;2;0;0;3;2;1;0;1;2;0;1;0;3;4;1;1;1;0;0;2;0;1;2;0;0;2;2;0;1;2;0;1;0;0;0;1;0;2;1;0;0;1;0;1;1;4;1;1;6;0;1;0;0;1;0;2;1
8;Partij voor de Dieren;;;4944;101;27;26;5;35;67;38;107;82;6;27;52;26;42;48;32;46;67;22;28;24;38;27;41;84;46;46;41;50;84;55;152;31;20;103;30;17;24;54;35;36;40;75;40;47;45;42;42;15;34;47;32;79;23;55;125;75;28;10;47;54;43;39;15;29;61;30;15;42;55;37;59;24;58;80;50;44;32;17;35;77;34;12;22;13;43;26;32;27;37;71;19;54;16;26;65;48;30;37;7;14;27;44;16;42;41;69;31;26;58;64;15;20;28;47;10;35;19
;;1;Luijendijk, J.;1925;28;8;12;1;14;32;13;50;28;2;10;22;9;17;24;12;23;25;5;15;12;17;9;12;30;14;20;18;25;39;22;62;13;8;35;12;5;13;28;12;14;18;32;16;15;17;21;16;4;14;13;12;35;7;13;44;31;9;2;24;17;14;17;4;13;22;11;6;23;29;17;14;12;23;29;19;17;11;10;12;27;10;6;11;5;14;9;8;11;19;30;9;17;7;10;27;21;10;16;4;7;14;12;9;9;16;20;14;8;32;20;6;4;13;18;1;15;3
;;2;Veenstra, M.;1733;30;10;9;3;15;19;17;31;33;2;10;19;12;13;15;14;10;31;8;9;4;9;10;12;32;19;13;18;15;27;22;67;11;7;46;8;7;9;11;17;11;9;27;13;19;17;10;15;3;10;25;10;25;6;26;41;22;11;6;15;25;19;15;7;9;22;5;5;12;12;13;28;8;20;29;12;14;14;7;14;24;8;2;5;3;14;8;10;6;12;27;2;21;5;12;24;21;12;10;2;6;10;22;3;19;17;37;10;7;15;21;5;7;9;11;3;8;10
;;3;van Wijlandt, K.;122;4;0;1;0;1;1;0;2;1;0;1;0;0;2;0;0;1;0;1;1;3;2;0;0;1;3;1;1;3;4;1;4;0;0;4;0;1;0;1;0;0;0;1;0;0;2;2;1;4;0;0;0;2;0;0;2;1;1;0;3;4;1;1;0;0;3;2;1;2;0;0;4;0;2;3;1;1;2;0;0;3;3;0;0;0;2;0;1;0;1;0;1;1;0;1;2;0;1;1;0;0;0;1;0;2;0;3;0;0;0;2;1;0;1;1;0;3;0
;;4;Lokhorst, A.;271;9;2;0;1;0;1;3;4;4;0;0;3;2;2;2;1;2;2;1;1;0;0;3;4;4;4;2;0;1;0;3;8;2;1;4;3;1;0;4;0;2;1;5;4;1;1;1;1;1;1;1;3;7;3;2;16;3;3;0;2;4;2;3;1;2;2;2;0;2;4;3;4;1;3;3;2;2;1;0;1;6;1;1;2;0;1;5;5;3;1;3;1;4;1;1;1;4;1;3;0;1;1;1;1;1;3;3;2;3;4;6;1;2;0;10;1;2;1
;;5;Puhl, M.C.J.;76;3;1;0;0;0;2;1;1;0;0;1;1;0;0;0;0;0;2;0;0;0;1;0;0;3;0;0;0;0;4;0;2;1;1;0;0;0;0;1;0;0;1;2;1;0;0;1;1;0;0;1;0;0;0;0;2;5;0;0;0;0;0;1;2;1;0;0;0;0;0;0;0;1;0;4;1;1;0;0;2;0;2;0;0;0;2;2;0;0;0;2;0;1;0;0;0;0;1;0;0;0;0;0;0;2;0;0;0;2;1;1;0;1;0;3;2;2;0
;;6;van der Pol, M.A.;155;7;2;0;0;2;0;0;5;8;0;2;2;1;0;1;0;1;2;1;0;0;1;3;2;2;0;0;0;3;3;1;1;0;2;2;1;0;1;4;2;4;1;4;0;0;1;0;6;0;2;1;0;1;0;3;4;4;2;0;1;2;2;0;0;2;5;2;0;2;2;0;1;0;0;4;1;1;0;0;1;4;1;0;1;1;2;0;0;0;0;0;0;5;0;2;6;1;1;1;0;0;0;0;1;2;0;0;0;0;1;2;0;0;2;0;0;0;1
;;7;Vrijdag, R.M.A.;219;13;0;1;0;2;1;0;1;3;0;1;0;1;2;1;0;3;2;3;0;2;4;2;3;8;1;2;1;1;3;1;1;1;1;4;2;0;1;2;0;0;4;1;5;6;4;1;1;2;3;4;3;6;2;5;6;3;2;1;1;2;2;0;0;0;2;2;1;1;2;2;3;1;2;4;5;1;2;0;2;1;2;1;2;0;3;1;2;0;1;0;3;2;1;0;1;1;1;0;1;0;1;1;1;2;0;3;0;3;0;4;1;2;1;2;1;3;3
;;8;Wessels, F.;59;2;1;0;0;0;3;2;3;1;2;0;1;0;2;1;0;0;0;1;0;1;0;0;2;1;1;0;0;1;1;0;1;0;0;2;0;0;0;0;0;0;0;0;0;0;0;1;0;1;0;0;0;0;0;1;2;2;0;0;1;0;0;0;0;0;0;0;2;0;1;1;0;0;1;0;2;0;0;0;0;0;0;0;0;0;0;0;0;0;0;0;2;0;0;0;0;0;2;1;0;0;0;1;1;0;0;0;1;1;2;1;0;2;1;0;0;0;0
;;9;Vlak, C.;34;0;0;0;0;0;0;0;1;0;0;0;0;0;2;0;1;0;0;0;0;0;0;0;0;0;1;1;0;0;0;0;1;0;0;0;0;1;0;0;2;2;0;1;0;0;0;0;0;0;1;0;0;0;0;0;0;0;0;0;0;0;0;0;0;0;0;4;0;0;0;0;0;0;1;0;0;0;0;0;1;2;1;0;0;1;2;0;0;0;1;0;1;0;1;0;0;0;0;0;0;0;0;0;0;0;2;0;1;0;1;0;0;1;0;0;0;0;0
;;10;Smits, H.J.;30;0;0;0;0;0;0;0;0;1;0;0;0;0;1;0;0;0;1;0;0;0;0;0;0;1;0;0;0;0;1;0;0;0;0;1;0;1;0;0;1;0;1;0;0;0;0;0;0;0;0;0;0;0;0;1;1;0;0;1;0;0;0;0;0;0;0;0;0;0;0;0;0;0;2;0;0;3;0;0;0;0;1;0;0;0;0;0;1;0;0;1;0;0;0;0;0;0;0;0;0;0;1;3;0;1;0;2;1;0;0;1;0;0;0;0;1;0;0
;;11;Kemper, J.;51;1;0;2;0;0;0;0;2;1;0;0;1;0;0;1;0;2;0;0;2;1;0;0;0;0;0;0;2;0;0;0;0;0;0;2;1;0;0;0;0;0;1;1;0;0;0;0;0;0;0;2;0;0;3;0;2;1;0;0;0;0;0;0;0;0;0;0;0;0;0;0;1;0;1;1;4;1;2;0;1;1;0;0;0;0;0;0;2;0;0;0;0;0;1;0;0;0;0;2;0;0;0;0;0;0;2;0;0;0;1;1;0;0;0;2;0;0;0
;;12;Breur, C.J.;28;2;0;0;0;0;0;0;1;0;0;0;0;0;0;0;0;3;0;0;0;0;1;0;0;0;0;1;1;0;0;0;0;0;0;0;2;0;0;0;1;0;1;0;0;0;0;1;0;0;0;0;0;1;0;0;0;2;0;0;0;0;1;0;0;0;3;0;0;0;0;1;0;0;1;0;0;0;0;0;0;0;1;0;0;0;0;0;1;0;0;1;0;0;0;0;0;0;0;0;0;0;0;0;0;0;0;0;0;2;0;0;0;0;0;0;0;0;0
;;13;Dekker, C.J.M.;41;0;0;1;0;0;1;0;0;0;0;0;0;0;0;0;2;1;0;0;0;1;1;0;0;0;3;0;0;0;2;3;1;1;0;0;0;0;0;0;0;0;0;0;0;1;2;0;0;0;1;0;4;0;0;0;0;0;0;0;0;0;0;0;0;0;0;0;0;0;1;0;0;0;1;0;1;0;0;0;0;1;0;0;0;1;1;0;0;0;0;4;0;1;0;0;1;0;0;1;0;0;0;0;0;0;0;0;0;0;0;0;1;0;1;0;0;0;1
;;14;Vrindts, V.J.I.;33;0;0;0;0;0;0;0;0;1;0;1;0;0;0;0;0;0;0;0;0;0;0;0;0;1;0;1;0;0;0;1;0;0;0;1;0;1;0;0;0;0;0;0;0;0;0;0;0;0;0;0;0;1;0;0;1;1;0;0;0;0;2;0;0;0;0;0;0;0;2;0;2;0;1;1;1;0;0;0;0;0;3;1;1;0;1;1;0;0;0;0;0;0;0;0;2;0;0;0;0;0;0;0;0;0;1;0;0;0;0;1;0;1;0;0;1;1;0
;;15;Moleman, P.;26;0;0;0;0;0;0;0;0;0;0;0;0;0;0;0;1;0;1;0;0;0;0;0;0;1;0;2;0;0;0;0;0;0;0;0;0;0;0;1;0;0;3;0;0;0;0;0;0;0;0;0;0;0;0;0;1;0;0;0;0;0;0;0;0;0;0;0;0;0;0;0;0;0;0;0;1;2;0;0;0;2;0;0;0;0;0;0;0;0;0;1;0;2;0;0;0;0;1;0;0;0;0;3;0;3;0;0;0;0;0;1;0;0;0;0;0;0;0
;;16;Vestering, L.;141;2;3;0;0;1;7;2;6;1;0;1;3;1;1;3;1;0;1;2;0;0;2;0;6;0;0;3;0;1;0;1;4;2;0;2;1;0;0;2;0;3;0;1;1;5;1;4;1;0;2;0;0;1;2;4;3;0;0;0;0;0;0;2;1;2;2;2;0;0;2;0;2;1;0;2;0;1;0;0;1;6;1;1;0;2;1;0;2;7;2;2;0;0;0;0;1;0;0;2;0;0;0;0;0;1;0;1;2;0;1;3;0;0;0;0;0;1;0
9;ChristenUnie;;;3073;68;19;11;3;17;29;20;39;23;10;1;26;18;16;31;25;22;42;17;37;17;15;9;41;60;62;28;19;24;72;40;60;21;15;41;15;21;24;46;17;44;14;40;39;33;39;30;34;37;22;51;13;41;17;19;58;29;17;11;25;35;13;7;15;20;28;22;17;24;33;28;56;33;69;46;25;32;20;24;19;33;19;15;22;16;54;8;17;22;2;35;37;10;9;5;21;17;12;19;8;19;20;18;14;10;57;17;20;24;44;24;2;22;29;26;11;26;9
;;1;van Dijk, J.;1069;16;6;3;1;11;6;10;16;13;5;0;10;8;7;7;5;10;21;0;16;3;5;7;16;26;17;13;4;8;27;15;26;5;9;19;6;8;7;17;7;12;6;7;14;9;9;13;13;6;8;15;2;21;4;4;16;9;6;1;11;12;5;2;9;10;12;7;7;6;14;12;12;11;29;14;8;14;7;4;8;11;6;5;15;3;12;3;7;10;0;7;9;2;5;3;6;5;5;5;2;7;6;7;6;3;19;7;6;4;20;11;0;10;12;8;6;9;2
;;2;Hart, E.J.;279;8;4;0;1;2;1;0;4;1;4;0;1;1;0;3;3;0;7;4;1;1;1;0;1;7;11;0;2;0;12;4;0;2;0;9;2;3;1;4;1;3;2;3;8;1;6;0;6;8;1;3;1;1;1;2;7;2;2;0;1;6;0;0;2;1;4;0;2;0;2;2;3;4;3;5;4;0;1;2;3;1;1;3;1;0;10;3;0;2;0;5;3;1;1;0;0;3;1;0;3;2;0;1;3;3;5;1;1;2;5;3;1;1;0;1;1;1;2
;;3;Hendriksen, C.;150;2;3;0;0;1;4;2;3;1;0;1;0;0;0;0;2;0;0;0;8;1;0;0;5;4;1;0;1;0;0;3;5;3;0;2;0;2;2;2;1;1;0;1;2;2;4;3;3;2;0;3;0;1;0;3;0;3;0;0;1;0;0;0;0;1;2;0;0;0;1;3;7;2;3;0;0;3;2;6;0;2;0;0;0;0;1;0;0;0;0;0;4;0;0;0;4;0;0;2;1;0;1;2;0;0;1;0;0;3;7;0;0;0;0;1;0;2;1
;;4;van der Snoek-Koning, R.H.;439;6;0;2;1;0;6;1;5;2;0;0;5;2;0;5;3;7;1;1;6;3;2;1;9;6;4;9;6;4;6;3;18;3;1;4;5;1;4;9;5;2;0;6;3;5;5;5;3;3;7;9;2;4;2;2;11;7;3;2;3;3;2;2;1;2;5;1;0;5;9;4;5;2;5;9;5;5;1;2;3;7;1;2;5;4;6;0;7;7;1;9;3;3;0;1;4;3;2;5;0;3;4;4;2;1;8;2;2;4;7;4;0;2;7;0;1;6;1
;;5;Tolkamp-de Vries, A.M.;123;8;1;0;0;0;4;0;2;1;0;0;1;3;0;3;1;0;2;2;0;2;2;0;1;0;2;0;2;1;4;0;3;1;0;1;0;0;2;0;1;5;0;1;1;2;0;0;1;2;2;5;1;0;0;1;1;0;0;1;1;1;0;0;1;1;2;0;0;2;0;1;2;0;2;2;0;0;3;0;0;2;1;1;1;0;2;0;0;0;0;0;0;0;0;0;4;0;1;0;0;1;3;1;0;0;4;0;1;1;0;0;0;1;1;5;1;1;0
;;6;Alberts, L.;125;1;0;1;0;1;0;1;3;1;1;0;3;0;2;5;1;1;3;2;1;0;1;1;1;1;5;1;2;1;2;1;2;0;1;1;0;1;4;1;0;1;3;1;1;0;2;0;0;0;0;5;0;2;0;0;4;2;2;0;0;0;2;1;0;1;1;0;0;2;0;2;0;3;5;2;1;0;0;0;0;1;2;4;0;1;1;0;1;1;1;1;0;0;0;0;0;1;0;0;0;0;1;0;1;1;2;1;1;0;1;0;0;2;0;1;0;2;2
;;7;Nawidjaja, L.I.;31;0;0;0;0;0;0;1;0;0;0;0;0;1;0;0;1;0;0;0;0;0;0;0;0;0;0;0;0;0;0;0;0;0;0;0;0;0;0;4;0;0;0;1;0;0;0;0;1;1;0;1;0;0;0;0;0;0;0;1;0;0;0;0;0;0;0;0;0;0;0;0;0;4;1;1;0;0;0;1;0;0;1;0;0;1;0;0;0;0;0;3;0;0;0;0;0;1;0;0;0;1;0;0;0;0;1;1;0;0;0;0;0;1;0;2;0;0;0
;;8;Madretsma, U.;16;0;0;0;0;0;1;0;0;0;0;0;0;0;0;0;0;0;0;0;0;0;0;0;0;1;1;0;0;0;1;0;0;0;0;0;0;0;0;1;0;0;0;0;0;0;0;0;0;0;0;0;0;0;0;0;2;0;0;0;0;0;0;0;0;0;0;0;0;0;0;0;0;0;2;0;0;0;0;0;0;1;0;0;0;0;0;2;0;0;0;2;0;0;0;0;0;0;0;0;0;0;0;0;0;0;0;0;0;0;0;0;1;0;0;0;1;0;0
;;9;de Boer, M.M.;66;5;0;1;0;1;0;1;0;0;0;0;0;0;0;1;0;2;0;0;0;2;0;0;0;0;0;0;0;0;1;2;0;0;1;0;0;1;0;0;0;0;0;0;0;1;6;2;0;0;0;0;1;0;0;0;0;0;0;0;2;2;0;0;0;0;0;0;0;0;1;0;15;0;1;0;0;0;0;1;2;0;0;0;0;0;1;0;0;0;0;1;0;0;0;0;0;0;0;0;0;2;2;0;0;0;1;0;0;2;0;0;0;1;2;2;0;0;0
;;10;Hosé-Molina, F.J.;49;2;0;0;0;0;3;0;3;0;0;0;0;0;0;0;0;1;1;1;0;0;0;0;0;0;3;0;0;0;0;0;0;0;0;0;0;1;0;0;0;0;0;1;1;0;0;0;0;0;0;1;1;1;0;0;0;0;2;1;1;4;2;0;0;0;0;0;4;3;0;0;1;1;1;1;1;0;0;0;0;0;0;0;0;2;0;0;0;0;0;0;1;0;0;0;0;0;0;0;0;0;0;0;0;0;0;2;0;2;0;0;0;0;0;0;0;0;0
;;11;Roep-Macintosch, L.L.;45;0;1;0;0;0;0;0;0;0;0;0;0;1;0;1;0;0;0;1;0;0;0;0;0;1;2;0;0;1;2;0;0;0;0;0;0;0;0;2;0;0;0;1;1;0;0;0;0;1;0;0;0;1;2;2;2;0;0;1;0;3;0;0;0;0;0;2;2;0;2;0;1;2;0;1;0;0;0;1;2;0;0;0;0;2;2;0;0;0;0;0;0;0;0;0;0;0;1;0;0;0;0;0;0;0;0;1;0;0;0;0;0;0;0;0;0;0;0
;;12;Seyed Mehdi, F.;41;2;0;0;0;0;0;0;0;1;0;0;0;0;2;1;0;0;0;0;0;3;1;0;0;1;0;0;0;1;2;1;0;0;0;0;0;0;0;0;0;0;0;0;0;1;0;0;1;0;0;2;0;0;0;0;0;0;0;0;2;0;0;1;1;0;0;0;0;0;0;0;0;0;1;0;0;2;0;4;0;0;0;0;0;1;1;0;0;0;0;1;0;0;0;0;0;0;0;0;0;0;0;0;0;0;2;0;0;1;1;1;0;2;0;0;0;1;0
;;13;de Groot, H.;17;0;0;0;0;0;1;1;0;0;0;0;1;0;0;1;0;0;0;0;0;0;0;0;0;0;0;1;1;0;0;0;0;0;0;0;0;1;0;0;0;0;0;1;0;0;0;0;0;0;0;0;0;0;1;0;0;0;0;0;0;0;0;0;0;0;0;2;0;0;0;0;0;0;1;2;0;0;0;0;0;0;0;0;0;0;0;0;0;0;0;0;0;0;0;0;0;0;0;0;0;0;2;0;0;0;0;0;0;1;0;0;0;0;0;0;0;0;0
;;14;Rekker-Schuring, G.J.;51;3;0;0;0;0;0;0;0;1;0;0;1;0;0;0;0;0;2;0;0;0;1;0;1;2;2;1;0;1;5;0;1;0;0;0;0;0;0;1;0;2;0;3;0;0;0;0;0;2;0;0;0;1;3;0;0;0;1;1;1;0;0;0;0;0;0;2;0;0;0;0;1;0;0;0;0;0;1;0;0;0;0;0;0;0;2;0;0;0;0;0;1;0;0;0;0;0;0;2;0;0;0;2;0;0;1;1;0;0;0;1;0;1;0;0;0;0;0
;;15;Zwarts, M.E.;35;1;0;0;0;0;0;0;0;0;0;0;0;0;1;0;2;0;0;0;0;0;0;0;0;1;0;0;0;0;0;0;0;3;0;0;0;0;0;0;0;0;0;0;0;0;0;1;0;3;0;0;0;0;0;0;0;0;0;1;0;0;0;0;0;0;1;0;0;0;0;0;3;0;2;1;1;0;0;0;0;0;0;0;0;0;2;0;0;0;0;0;7;1;0;0;0;0;0;0;0;0;0;0;0;0;4;0;0;0;0;0;0;0;0;0;0;0;0
;;16;Bakker, D.;13;0;0;0;0;0;0;0;0;0;0;0;0;0;1;0;0;0;0;0;0;0;0;0;0;0;0;0;0;0;0;0;0;0;0;0;0;0;0;2;0;1;0;0;0;0;0;0;0;0;0;0;0;2;0;0;0;0;0;0;0;0;0;0;0;0;0;0;1;0;0;0;0;0;0;0;1;0;0;0;0;0;0;0;0;0;4;0;0;0;0;0;0;0;0;0;0;0;0;0;0;0;0;0;0;0;1;0;0;0;0;0;0;0;0;0;0;0;0
;;17;Kromosoeto, N.M.S.;36;1;0;0;0;0;0;0;1;0;0;0;0;0;0;0;2;0;0;0;0;1;1;0;1;1;0;0;0;0;4;0;0;0;1;0;0;0;1;0;0;2;0;1;0;0;0;0;1;0;0;0;0;0;0;1;2;0;0;0;0;0;0;1;0;0;1;3;0;0;0;0;0;0;1;0;0;3;0;0;1;0;1;0;0;0;1;0;0;0;0;0;0;1;0;0;0;0;0;0;0;0;0;0;0;0;1;0;0;0;0;0;0;0;1;0;0;0;0
;;18;Oosterom, G.E.;5;0;0;0;0;0;0;0;0;0;0;0;0;0;0;0;0;0;0;0;0;0;0;0;1;0;0;0;0;0;0;2;0;0;0;0;0;0;0;0;0;0;0;0;0;0;0;0;0;0;0;0;0;0;0;0;0;0;0;0;0;0;0;0;0;0;0;0;0;0;0;0;0;0;0;0;0;0;0;2;0;0;0;0;0;0;0;0;0;0;0;0;0;0;0;0;0;0;0;0;0;0;0;0;0;0;0;0;0;0;0;0;0;0;0;0;0;0;0
;;19;Wienen-Miranda, U.B.;11;0;0;0;0;0;0;0;0;0;0;0;0;0;0;0;0;0;0;1;0;0;0;0;0;0;1;0;0;0;0;0;0;0;0;0;0;0;0;0;0;0;0;1;0;1;0;0;0;2;0;0;0;0;0;0;0;0;0;0;0;0;0;0;0;0;0;0;0;0;0;0;0;0;0;0;0;0;0;0;0;0;0;0;0;0;2;0;0;0;0;0;0;0;0;0;0;0;0;1;0;0;0;0;0;0;0;1;0;1;0;0;0;0;0;0;0;0;0
;;20;Castillion, A.E.;95;1;1;0;0;1;2;0;0;0;0;0;2;2;0;0;0;0;2;0;0;0;0;0;0;2;5;1;0;3;0;3;0;0;0;0;0;0;0;1;0;10;2;3;4;2;0;2;0;1;3;2;4;0;1;1;2;1;0;2;0;1;0;0;1;0;0;2;1;2;0;0;0;1;2;0;1;0;0;1;0;1;3;0;0;0;0;0;0;0;0;3;0;0;0;0;2;0;0;0;0;0;0;0;0;0;2;0;2;0;0;0;0;0;1;0;1;1;1
;;21;van Oord, P.M.A.;34;0;0;0;0;0;0;0;0;0;0;0;0;0;0;0;0;0;0;0;2;0;0;0;2;0;2;0;0;0;0;0;0;0;1;1;1;0;0;0;0;0;0;0;0;0;0;0;3;1;0;1;0;2;1;0;0;2;0;0;0;0;0;0;0;0;0;2;0;0;0;1;0;1;0;0;0;0;2;0;0;0;0;0;0;0;3;0;1;0;0;0;2;0;0;0;0;0;0;2;0;0;0;0;0;0;0;0;0;0;0;0;0;0;0;0;0;1;0
;;22;Telesford, S.C.;74;0;0;2;0;0;0;0;0;2;0;0;0;0;0;2;3;0;1;3;1;1;0;0;2;0;1;0;0;2;0;2;2;0;0;0;0;1;0;1;0;5;0;3;0;4;2;0;0;0;0;0;0;0;0;3;5;1;0;0;0;0;1;0;0;0;0;0;0;0;2;1;0;0;1;4;0;1;0;0;0;2;0;0;0;1;1;0;0;0;0;0;0;0;0;0;0;2;0;0;1;1;1;0;0;0;1;0;2;0;0;0;0;0;0;3;0;0;0
;;23;Sumter-Schreuders, Y.C.;52;5;1;0;0;0;0;2;0;0;0;0;0;0;3;0;0;0;0;0;1;0;0;0;0;2;1;0;0;0;2;0;0;0;0;0;0;0;2;0;2;0;0;4;0;1;1;0;0;0;1;0;0;0;0;0;2;0;0;0;0;0;0;0;0;2;0;0;0;0;0;0;0;1;2;0;0;1;0;0;0;1;0;0;0;0;1;0;0;0;0;0;1;0;3;0;0;0;0;2;0;1;0;1;0;0;0;0;3;0;0;1;0;0;1;0;0;1;0
;;24;van den Dool, F.D.;25;0;0;0;0;0;0;0;0;0;0;0;0;0;0;0;0;0;0;0;0;0;0;0;0;0;0;0;0;0;0;0;2;1;0;0;0;1;1;0;0;0;0;0;0;0;1;1;0;0;0;0;0;0;1;0;0;0;0;0;0;0;0;0;0;0;0;0;0;0;0;2;1;1;1;0;0;0;1;0;0;0;1;0;0;0;0;0;0;0;0;0;5;0;0;0;0;0;0;0;0;0;0;0;0;0;2;0;2;0;1;0;0;0;0;0;0;0;0
;;25;van der Maas, A.M.;18;0;0;0;0;0;0;0;0;0;0;0;0;0;0;0;0;1;0;0;1;0;0;0;0;1;0;0;0;0;0;0;0;0;0;0;0;0;0;0;0;0;0;0;0;0;1;0;0;4;0;0;0;0;0;0;0;0;0;0;0;0;0;0;0;0;0;0;0;2;1;0;2;0;1;0;0;0;0;0;0;0;0;0;0;0;0;0;0;0;0;0;0;0;0;0;0;0;0;0;1;0;0;0;0;0;0;0;0;0;0;0;0;0;0;2;0;1;0
;;26;Ferdinand, L.;18;0;0;0;0;0;0;0;0;0;0;0;0;0;0;0;0;0;1;0;0;0;0;0;0;2;0;0;0;0;1;0;0;1;0;0;0;0;0;1;0;0;0;0;0;0;1;1;0;0;0;0;0;0;0;0;0;0;0;0;0;2;0;0;0;2;0;0;0;0;0;0;0;0;0;0;0;0;0;0;0;1;0;0;0;0;0;0;0;1;0;0;0;0;0;0;0;2;0;0;0;1;0;0;0;0;0;0;0;0;0;0;0;0;1;0;0;0;0
;;27;Heng, Z.J.B.;36;3;0;1;0;0;0;0;1;0;0;0;0;0;0;0;0;0;1;0;0;0;0;0;0;1;0;0;0;1;0;0;0;0;0;0;0;0;0;0;0;0;0;0;2;0;1;1;0;0;0;2;0;3;0;0;1;0;0;0;1;1;0;0;0;0;0;0;0;1;0;0;0;0;0;1;1;0;0;0;0;1;2;0;0;0;0;0;0;0;0;1;0;0;0;0;1;0;0;0;0;0;0;0;2;0;2;0;0;0;1;1;0;0;2;0;0;0;0
;;28;Dijkstra, A.S.;7;0;0;0;0;0;0;0;0;0;0;0;0;0;0;0;0;0;0;0;0;0;0;0;0;0;0;0;0;0;0;0;0;0;0;0;0;1;0;0;0;0;0;0;0;0;0;0;0;0;0;0;0;0;0;0;1;2;0;0;0;0;0;0;0;0;0;0;0;0;0;0;0;0;0;1;1;0;0;0;0;0;0;0;0;0;0;0;0;0;0;0;0;0;0;0;0;0;0;0;0;0;0;0;0;1;0;0;0;0;0;0;0;0;0;0;0;0;0
;;29;Bosch, R.;113;4;2;1;0;0;1;1;1;0;0;0;2;0;0;2;2;0;0;2;0;0;1;0;1;1;4;2;1;1;3;4;1;2;1;4;1;0;0;0;0;0;1;2;2;4;0;1;2;1;0;2;1;2;1;0;2;0;1;0;1;0;1;0;0;0;0;1;0;1;1;0;3;0;5;2;1;3;2;0;0;2;0;0;0;1;2;0;1;1;0;2;1;2;0;1;0;0;2;0;0;0;0;0;0;1;0;0;0;3;1;2;0;1;1;1;0;0;0
10;CDA;;;2540;35;5;9;5;9;13;9;43;31;0;6;14;15;10;24;23;39;32;8;31;24;34;3;33;37;21;32;28;38;60;28;50;27;17;30;32;12;26;16;22;20;12;34;42;40;62;33;50;7;21;35;23;47;17;6;19;43;16;9;30;13;17;6;7;19;42;10;3;6;14;21;23;15;25;61;26;15;11;6;22;32;17;5;20;15;34;4;7;10;11;20;20;9;17;21;24;43;18;28;7;6;10;13;8;13;27;8;22;15;51;25;7;20;16;25;20;23;10
;;1;de Jonge, F.T.;1762;25;3;7;5;7;8;8;32;25;0;3;10;10;7;15;18;25;20;5;18;9;23;3;19;28;10;25;22;21;46;17;38;21;11;20;20;8;21;13;19;13;11;23;33;20;48;26;38;5;15;28;14;30;15;5;14;32;11;5;18;9;11;2;5;19;34;9;0;6;11;11;12;14;14;42;15;7;7;3;19;15;10;4;16;9;20;3;4;5;5;12;10;7;13;15;20;34;13;18;3;6;7;11;5;9;19;8;13;9;44;23;6;11;12;16;8;16;4
;;2;Nieuwenhuizen, N.M.;292;2;2;1;0;2;2;0;7;5;0;2;1;0;1;4;0;2;7;0;2;1;6;0;4;5;3;3;5;6;2;3;4;4;3;3;2;1;2;2;2;1;0;2;4;8;6;2;8;0;2;2;6;4;1;0;2;2;3;0;1;1;4;1;0;0;4;0;0;0;2;2;4;1;4;13;6;0;2;2;1;6;2;1;1;5;10;0;0;4;4;4;2;0;1;2;4;2;1;1;2;0;1;1;2;3;3;0;4;1;5;0;1;2;1;3;4;2;5
;;3;Sanderse, C.F.;70;3;0;1;0;0;0;0;0;0;0;0;0;0;0;0;2;0;0;1;0;1;1;0;0;0;2;1;1;0;6;0;3;0;0;3;0;0;0;1;0;0;0;1;1;6;0;0;0;0;0;1;0;6;0;0;1;2;0;0;3;0;0;1;0;0;1;0;0;0;0;0;0;0;0;1;0;1;1;0;1;3;1;0;0;0;1;0;0;0;0;1;1;0;1;0;0;0;0;0;0;0;1;0;0;0;1;0;2;2;0;0;0;0;0;1;2;0;0
;;4;de Block-Klein, E.A.D.;104;2;0;0;0;0;0;0;0;0;0;0;0;3;0;1;1;2;0;1;1;7;0;0;2;3;2;1;0;4;0;4;1;2;0;0;3;0;1;0;0;1;0;1;1;0;1;2;1;2;2;1;0;0;0;0;0;3;1;4;3;0;0;0;0;0;0;1;0;0;0;4;2;0;4;1;0;1;0;0;0;1;0;0;3;0;1;0;0;0;0;2;3;0;0;1;0;1;1;1;0;0;1;0;1;0;0;0;1;0;1;0;0;3;1;1;2;2;0
;;5;Vliegenthart-Kuiken, J.A.;56;0;0;0;0;0;1;0;0;0;0;0;0;0;0;0;1;0;0;0;8;3;0;0;7;0;0;1;0;3;0;1;0;0;1;0;0;0;0;0;0;0;0;0;0;0;0;0;0;0;1;0;1;0;1;0;0;0;1;0;3;0;0;0;0;0;0;0;0;0;1;0;1;0;0;0;0;2;1;0;0;0;1;0;0;0;0;1;1;0;0;1;1;0;0;1;0;0;2;0;0;0;0;0;0;0;0;0;1;0;0;1;0;2;1;0;4;0;1
;;6;Gansevoort, A.R.;14;0;0;0;0;0;0;0;0;1;0;1;0;0;1;0;0;0;0;0;1;0;0;0;0;0;0;0;0;0;0;0;1;0;2;3;1;0;0;0;0;0;0;0;0;0;0;0;0;0;0;0;0;0;0;0;0;0;0;0;0;0;0;0;1;0;0;0;0;0;0;0;0;0;0;0;0;0;0;0;0;0;0;0;0;0;0;0;0;0;0;0;0;1;0;0;0;1;0;0;0;0;0;0;0;0;0;0;0;0;0;0;0;0;0;0;0;0;0
;;7;van Belle, H.W.;22;0;0;0;0;0;0;0;1;0;0;0;0;0;0;0;0;0;1;0;0;0;0;0;0;0;2;0;0;0;2;0;1;0;0;0;1;0;0;0;0;0;0;3;2;0;0;0;0;0;0;0;0;1;0;0;0;0;0;0;0;0;0;0;1;0;0;0;0;0;0;0;0;0;0;0;0;0;0;0;0;2;0;0;0;0;0;0;0;0;0;0;2;0;0;0;0;0;0;1;0;0;0;0;0;0;0;0;0;1;0;0;0;1;0;0;0;0;0
;;8;Khemradj, A.Y.M.P.;34;1;0;0;0;0;0;0;0;0;0;0;0;1;0;0;0;0;2;0;0;0;0;0;0;0;0;0;0;1;0;0;1;0;0;0;1;0;0;0;0;1;0;3;0;2;3;0;2;0;0;0;0;0;0;0;0;0;0;0;0;0;0;2;0;0;0;0;0;0;0;0;0;0;0;1;0;0;0;0;0;0;3;0;0;1;1;0;0;1;0;0;0;0;0;0;0;1;0;0;2;0;0;0;0;0;0;0;0;2;0;0;0;1;1;0;0;0;0
;;9;Douve, T.H.;4;0;0;0;0;0;0;0;0;0;0;0;0;0;1;0;0;0;0;0;0;0;0;0;0;0;0;0;0;0;0;0;0;0;0;0;0;0;0;0;0;0;0;0;0;0;0;0;0;0;0;0;0;0;0;0;0;0;0;0;0;0;0;0;0;0;0;0;0;0;0;0;0;0;0;0;0;1;0;0;0;0;0;0;0;0;0;0;0;0;1;0;0;0;0;0;0;0;0;0;0;0;0;0;0;0;1;0;0;0;0;0;0;0;0;0;0;0;0
;;10;Boogaard, J.P.P.S.;43;1;0;0;0;0;1;0;0;0;0;0;0;0;0;2;0;6;0;0;0;2;1;0;0;0;0;0;0;0;0;0;0;0;0;0;1;3;1;0;0;0;1;0;0;1;1;0;0;0;0;2;0;0;0;0;1;1;0;0;0;0;1;0;0;0;0;0;0;0;0;0;0;0;1;1;2;1;0;0;0;1;0;0;0;0;0;0;0;0;0;0;1;0;1;1;0;2;0;0;0;0;0;1;0;0;1;0;0;0;0;0;0;0;0;1;0;3;0
;;11;Malotaux, B.;19;0;0;0;0;0;0;1;1;0;0;0;0;0;0;0;1;0;0;1;0;0;0;0;0;0;0;0;0;2;0;2;0;0;0;0;1;0;0;0;0;0;0;0;0;1;2;2;0;0;0;0;0;0;0;0;0;1;0;0;0;0;0;0;0;0;0;0;0;0;0;0;2;0;0;1;0;0;0;0;0;0;0;0;0;0;0;0;0;0;0;0;0;0;0;0;0;1;0;0;0;0;0;0;0;0;0;0;0;0;0;0;0;0;0;0;0;0;0
;;12;Hasper-Wolters, K.J.H.;19;1;0;0;0;0;0;0;0;0;0;0;0;0;0;0;0;2;0;0;0;1;0;0;0;1;0;0;0;0;0;0;0;0;0;0;1;0;0;0;0;0;0;0;0;0;0;1;0;0;0;1;0;0;0;1;1;0;0;0;0;0;0;0;0;0;0;0;0;0;0;1;1;0;0;1;0;1;0;0;0;0;0;0;0;0;1;0;0;0;0;0;0;0;0;0;0;0;0;3;0;0;0;0;0;0;0;0;0;0;0;0;0;0;0;1;0;0;0
;;13;Jongman, M.S.D.;14;0;0;0;0;0;0;0;0;0;0;0;0;0;0;1;0;0;2;0;0;0;0;0;0;0;0;0;0;1;1;1;0;0;0;0;0;0;0;0;0;0;0;1;0;0;0;0;0;0;0;0;1;0;0;0;0;0;0;0;1;0;0;0;0;0;0;0;0;0;0;0;0;0;0;0;1;0;0;0;0;0;0;0;0;0;0;0;0;0;0;0;0;0;0;0;0;1;0;1;0;0;0;0;0;1;0;0;0;0;1;0;0;0;0;0;0;0;0
;;14;Bosma, J.J.;11;0;0;0;0;0;0;0;1;0;0;0;1;1;0;0;0;0;0;0;1;0;0;0;0;0;0;0;0;0;0;0;0;0;0;0;0;0;0;0;0;0;0;0;1;0;0;0;0;0;0;0;1;0;0;0;0;0;0;0;0;0;0;0;0;0;0;0;0;0;0;0;0;0;0;0;1;0;0;1;1;0;0;0;0;0;0;0;0;0;0;0;0;0;1;0;0;0;0;0;0;0;0;0;0;0;0;0;0;0;0;1;0;0;0;0;0;0;0
;;15;van Woerden, R.J.;6;0;0;0;0;0;0;0;0;0;0;0;0;0;0;0;0;0;0;0;0;0;2;0;1;0;0;0;0;0;0;0;1;0;0;0;0;0;0;0;0;0;0;0;0;0;1;0;0;0;0;0;0;0;0;0;0;0;0;0;0;0;0;0;0;0;0;0;0;0;0;0;1;0;0;0;0;0;0;0;0;0;0;0;0;0;0;0;0;0;0;0;0;0;0;0;0;0;0;0;0;0;0;0;0;0;0;0;0;0;0;0;0;0;0;0;0;0;0
;;16;Zersch, C.P.J.;9;0;0;0;0;0;0;0;0;0;0;0;0;0;0;0;0;1;0;0;0;0;0;0;0;0;0;0;0;0;2;0;0;0;0;0;0;0;0;0;0;0;0;0;0;0;0;0;0;0;0;0;0;4;0;0;0;0;0;0;1;0;0;0;0;0;0;0;0;0;0;0;0;0;0;0;0;0;0;0;0;0;0;0;0;0;0;0;0;0;0;0;0;0;0;0;0;0;0;0;0;0;0;0;0;0;0;0;0;0;0;0;0;0;0;1;0;0;0
;;17;Hasper, H.J.;12;0;0;0;0;0;0;0;0;0;0;0;2;0;0;0;0;0;0;0;0;0;1;0;0;0;0;0;0;0;0;0;0;0;0;1;0;0;0;0;0;0;0;0;0;0;0;0;1;0;0;0;0;1;0;0;0;1;0;0;0;2;0;0;0;0;0;0;0;0;0;0;0;0;0;0;0;0;0;0;0;1;0;0;0;0;0;0;0;0;0;0;0;0;0;0;0;0;0;0;0;0;0;0;0;0;0;0;1;0;0;0;0;0;0;1;0;0;0
;;18;van Berkel, J.;8;0;0;0;0;0;0;0;0;0;0;0;0;0;0;0;0;0;0;0;0;0;0;0;0;0;0;0;0;0;0;0;0;0;0;0;0;0;0;0;0;4;0;0;0;1;0;0;0;0;1;0;0;1;0;0;0;0;0;0;0;0;0;0;0;0;0;0;0;0;0;0;0;0;0;0;0;0;0;0;0;0;0;0;0;0;0;0;0;0;0;0;0;0;0;0;0;0;0;0;0;0;0;0;0;0;1;0;0;0;0;0;0;0;0;0;0;0;0
;;19;Luyer, M.;14;0;0;0;0;0;0;0;0;0;0;0;0;0;0;1;0;1;0;0;0;0;0;0;0;0;1;0;0;0;0;0;0;0;0;0;1;0;1;0;1;0;0;0;0;1;0;0;0;0;0;0;0;0;0;0;0;0;0;0;0;1;0;0;0;0;0;0;0;0;0;0;0;0;0;0;0;1;0;0;0;0;0;0;0;0;0;0;0;0;0;0;0;1;0;0;0;0;1;2;0;0;0;0;0;0;1;0;0;0;0;0;0;0;0;0;0;0;0
;;20;Faber, W.G.;27;0;0;0;0;0;1;0;1;0;0;0;0;0;0;0;0;0;0;0;0;0;0;0;0;0;1;1;0;0;1;0;0;0;0;0;0;0;0;0;0;0;0;0;0;0;0;0;0;0;0;0;0;0;0;0;0;1;0;0;0;0;1;0;0;0;3;0;3;0;0;3;0;0;2;0;1;0;0;0;0;3;0;0;0;0;0;0;2;0;1;0;0;0;0;1;0;0;0;1;0;0;0;0;0;0;0;0;0;0;0;0;0;0;0;0;0;0;0
11;AP/OPA;;;1505;24;7;11;2;21;8;5;35;27;3;2;27;10;10;23;19;9;13;2;11;12;24;5;26;35;20;16;15;21;19;24;12;5;3;6;10;9;8;13;9;16;15;17;21;27;15;23;12;2;11;11;14;14;15;5;13;15;8;0;24;10;9;1;3;13;28;6;6;9;8;8;7;14;16;12;5;9;25;5;16;26;2;1;10;7;11;10;6;5;15;10;13;1;4;14;25;10;3;26;4;10;11;5;5;16;16;1;12;16;34;33;11;22;14;11;5;18;13
;;1;de Leeuw, J.G.;585;9;1;4;0;9;5;3;11;5;1;1;20;4;4;9;9;4;5;1;6;8;4;1;9;13;8;6;7;12;6;5;5;4;2;2;3;5;6;4;3;5;6;5;11;11;4;10;1;0;3;5;4;4;8;3;5;7;5;0;9;1;3;1;0;4;10;2;2;2;3;5;2;6;11;6;2;3;9;2;5;8;1;0;6;3;5;3;0;3;5;4;6;0;2;4;10;6;1;10;0;5;3;3;1;4;7;0;5;6;10;13;2;11;6;7;3;9;4
;;2;Dekker, R.J.;134;4;1;0;2;4;0;1;1;2;0;1;0;3;1;3;1;1;2;0;0;0;1;0;0;1;3;1;2;2;1;3;2;1;1;0;2;0;0;1;4;3;0;0;2;1;0;2;2;1;0;1;3;1;0;1;0;0;1;0;1;2;0;0;1;1;3;2;0;2;0;0;2;0;1;2;0;0;3;0;0;0;1;0;2;0;1;0;0;0;1;0;0;0;0;0;1;1;0;3;0;0;1;1;3;1;2;0;2;1;4;8;1;2;3;2;1;1;1
;;3;Theunis, T.;261;5;1;6;0;1;1;0;4;5;0;0;1;1;1;1;2;0;1;0;1;1;13;4;11;7;2;3;1;2;10;6;3;0;0;1;0;3;1;3;0;4;3;6;7;2;5;4;3;1;1;0;4;1;0;0;5;1;0;0;5;1;1;0;0;3;5;0;0;1;1;1;2;5;0;2;1;1;1;1;3;9;0;0;0;1;2;3;0;0;2;1;1;0;0;5;1;1;0;4;2;4;5;0;0;4;2;0;1;1;3;6;2;5;3;1;1;4;4
;;4;Exel, H.;241;2;4;1;0;3;1;0;7;2;0;0;4;1;4;5;3;1;1;0;0;2;4;0;2;5;5;4;3;1;1;5;1;0;0;3;1;0;0;1;1;2;1;1;0;4;3;2;4;0;2;4;2;6;4;0;1;3;1;0;6;2;3;0;0;2;6;1;4;1;1;0;0;2;2;2;2;4;8;0;4;3;0;0;0;3;3;1;5;2;2;0;2;1;2;1;3;1;1;3;2;0;1;0;0;5;4;1;1;2;7;5;3;3;1;0;0;3;2
;;5;de Jonge, N.E.;41;0;0;0;0;1;0;0;1;6;0;0;0;0;0;0;1;0;0;0;0;0;0;0;1;1;0;0;0;1;0;0;0;0;0;0;1;0;0;0;0;0;0;0;0;1;0;0;0;0;0;0;0;1;0;0;0;2;0;0;0;1;0;0;0;0;0;0;0;0;0;0;0;0;2;0;0;0;1;0;0;3;0;0;0;0;0;0;0;0;3;1;0;0;0;0;1;0;0;2;0;0;0;0;0;0;0;0;1;0;6;0;1;0;0;0;0;0;2
;;6;van Amstel, R.M.;44;0;0;0;0;2;1;0;2;2;0;0;0;0;0;0;0;0;0;0;0;0;0;0;1;0;0;0;2;0;0;0;0;0;0;0;1;0;0;0;0;0;1;4;0;4;1;0;0;0;4;0;0;0;0;0;0;1;0;0;0;0;0;0;0;0;1;0;0;0;0;2;1;0;0;0;0;0;1;0;1;1;0;0;0;0;0;0;0;0;2;0;0;0;0;2;1;0;0;1;0;0;0;0;0;0;0;0;1;4;0;0;0;0;0;0;0;0;0
;;7;van Mourik, H.E.;35;0;0;0;0;0;0;0;0;0;0;0;0;0;0;0;2;0;3;0;2;0;0;0;0;0;1;0;0;2;0;0;0;0;0;0;0;0;0;0;1;0;0;0;1;0;0;0;0;0;0;0;0;0;1;0;0;0;0;0;2;0;0;0;2;0;0;0;0;0;3;0;0;0;0;0;0;0;1;2;2;0;0;0;0;0;0;0;0;0;0;3;3;0;0;0;0;0;0;0;0;1;0;1;0;0;0;0;1;0;0;0;0;0;1;0;0;0;0
;;8;Beverloo, P.;24;0;0;0;0;0;0;0;3;0;0;0;0;1;0;0;0;0;0;0;0;0;0;0;0;1;0;0;0;0;0;0;0;0;0;0;0;0;0;1;0;0;0;0;0;4;0;0;0;0;0;0;0;1;0;1;0;0;0;0;0;1;0;0;0;3;0;0;0;1;0;0;0;1;0;0;0;0;0;0;1;0;0;1;0;0;0;0;1;0;0;0;0;0;0;0;0;0;1;0;0;0;0;0;0;1;0;0;0;1;0;0;0;0;0;0;0;0;0
;;9;Aandewiel, P.C.;21;0;0;0;0;0;0;0;4;1;0;0;0;0;0;0;0;2;0;0;0;0;0;0;0;0;0;0;0;0;0;0;0;0;0;0;0;0;0;0;0;1;0;0;0;0;0;0;0;0;0;0;0;0;0;0;0;0;0;0;0;0;2;0;0;0;0;0;0;0;0;0;0;0;0;0;0;0;0;0;0;0;0;0;1;0;0;2;0;0;0;0;0;0;0;1;1;0;0;1;0;0;0;0;0;1;0;0;0;0;3;0;1;0;0;0;0;0;0
;;10;Krom, M.A.H.;10;0;0;0;0;0;0;0;0;2;0;0;0;0;0;0;1;0;0;0;0;0;0;0;0;5;0;0;0;0;0;0;0;0;0;0;0;0;0;0;0;0;0;0;0;0;0;0;0;0;0;0;0;0;0;0;0;0;0;0;0;0;0;0;0;0;0;0;0;0;0;0;0;0;0;0;0;0;0;0;0;0;0;0;0;0;0;0;0;0;0;0;0;0;0;0;0;0;0;0;0;0;0;0;0;0;0;0;0;1;0;0;0;0;0;1;0;0;0
;;11;de Visser, J.;13;1;0;0;0;0;0;0;1;1;0;0;0;0;0;1;0;0;0;0;1;0;0;0;0;0;0;1;0;0;1;0;0;0;0;0;0;0;1;0;0;0;1;0;0;0;0;1;0;0;0;1;0;0;0;0;0;0;0;0;0;0;0;0;0;0;1;0;0;0;0;0;0;0;0;0;0;0;0;0;0;0;0;0;0;0;0;0;0;0;0;0;1;0;0;0;0;0;0;0;0;0;0;0;0;0;0;0;0;0;0;0;0;0;0;0;0;0;0
;;12;van Kesteren, J.;9;0;0;0;0;0;0;0;0;0;0;0;0;0;0;0;0;0;0;0;0;0;0;0;1;0;0;1;0;0;0;0;0;0;0;0;1;0;0;0;0;0;0;0;0;0;0;1;0;0;0;0;0;0;0;0;0;0;0;0;0;0;0;0;0;0;0;0;0;0;0;0;0;0;0;0;0;0;0;0;0;0;0;0;0;0;0;0;0;0;0;0;0;0;0;0;4;0;0;0;0;0;0;0;0;0;0;0;0;0;0;0;0;1;0;0;0;0;0
;;13;Verkaik, J.;47;2;0;0;0;0;0;0;0;0;2;0;2;0;0;3;0;0;0;1;0;0;1;0;1;0;1;0;0;1;0;4;1;0;0;0;1;0;0;2;0;1;3;0;0;0;0;0;2;0;1;0;0;0;0;0;2;0;1;0;0;2;0;0;0;0;2;0;0;2;0;0;0;0;0;0;0;0;0;0;0;1;0;0;0;0;0;1;0;0;0;0;0;0;0;0;3;1;0;0;0;0;0;0;1;0;0;0;0;0;1;0;1;0;0;0;0;0;0
;;14;Abendanon, A.;40;1;0;0;0;1;0;1;1;1;0;0;0;0;0;1;0;1;1;0;1;1;1;0;0;2;0;0;0;0;0;1;0;0;0;0;0;1;0;1;0;0;0;1;0;0;2;3;0;0;0;0;1;0;2;0;0;1;0;0;1;0;0;0;0;0;0;1;0;0;0;0;0;0;0;0;0;1;1;0;0;1;0;0;1;0;0;0;0;0;0;1;0;0;0;1;0;0;0;2;0;0;1;0;0;0;1;0;0;0;0;1;0;0;0;0;0;1;0
12;Respect Almere;;;1262;12;8;1;1;16;12;9;14;18;5;3;14;5;5;25;6;18;11;6;5;14;13;4;5;33;12;14;14;14;24;15;13;3;3;18;6;5;10;16;7;6;10;16;22;16;17;13;19;4;12;9;7;14;10;10;22;15;19;0;19;12;6;2;5;12;12;5;5;7;17;11;8;20;21;24;18;24;7;3;12;14;9;2;7;7;14;3;4;4;6;22;13;2;5;12;8;14;5;11;5;9;10;8;2;3;14;6;5;14;10;12;7;13;16;10;4;13;11
;;1;Eekhuis, R.A.;558;6;2;0;0;7;6;4;7;8;1;3;6;3;3;6;3;8;5;5;2;5;10;3;3;16;6;5;10;3;13;8;9;0;1;10;4;1;2;8;4;1;3;7;12;9;8;7;11;1;4;3;4;8;2;6;5;5;5;0;6;6;4;0;2;4;7;1;4;3;4;5;1;4;5;20;6;3;4;1;6;6;4;1;4;5;4;2;1;2;3;8;9;0;3;6;5;7;3;7;4;5;4;4;0;2;5;3;4;9;5;7;2;6;5;2;0;4;4
;;2;Ruyssenaars, A.A.;58;0;0;0;0;0;1;0;0;1;0;0;1;0;0;0;0;0;0;0;0;0;0;0;0;2;0;1;0;2;1;0;0;0;1;1;0;0;0;1;0;0;2;0;2;0;2;0;5;1;1;0;0;1;0;0;0;2;2;0;0;0;0;0;1;3;0;0;0;0;5;0;0;1;1;1;0;2;0;0;0;0;0;0;0;1;0;0;0;0;0;3;0;0;0;0;0;0;0;1;0;0;1;0;0;0;0;0;1;1;0;0;1;0;2;2;0;1;0
;;3;van Kesteren, W.J.P.;24;0;0;0;0;0;0;0;0;0;0;0;0;0;0;0;0;2;0;0;0;0;0;0;0;1;0;1;0;0;0;0;0;1;0;0;0;0;0;0;0;0;0;1;0;1;0;1;1;0;1;0;0;1;0;0;0;0;0;0;0;2;0;0;1;1;1;0;0;0;0;1;0;1;0;0;0;0;0;1;0;0;1;0;0;0;0;0;0;0;0;0;1;0;0;1;0;0;0;1;0;0;0;0;0;0;0;0;0;0;0;0;0;0;0;0;1;0;0
;;4;Ivo, C.J.A.;49;1;0;1;0;0;1;0;0;0;0;0;1;1;0;2;1;0;0;0;0;0;0;0;0;0;1;2;0;1;0;1;2;0;0;0;0;1;0;0;1;0;0;0;0;0;0;1;1;0;0;0;1;0;0;0;3;0;0;0;1;0;0;1;0;0;0;0;0;2;1;0;0;0;1;0;2;4;1;0;1;0;0;0;0;0;0;0;0;0;2;2;0;0;0;0;0;1;1;0;0;0;1;0;0;0;0;0;0;0;0;1;1;0;0;1;0;1;1
;;5;Paraschou, G.;274;2;6;0;0;2;1;0;0;4;3;0;3;0;1;13;0;2;3;0;0;8;2;0;0;8;4;5;1;2;3;1;1;2;1;2;0;0;6;5;2;2;1;5;7;2;0;2;1;2;1;1;0;2;7;3;7;3;10;0;6;0;0;1;0;1;3;4;0;1;4;2;6;10;9;2;6;5;1;1;0;3;4;0;0;0;9;0;2;1;0;2;2;1;0;3;0;1;0;0;1;2;1;0;2;0;4;1;0;0;0;1;3;5;3;2;3;3;4
;;6;van der Spek, J.J.;239;3;0;0;0;5;2;2;7;5;1;0;1;1;1;4;2;5;0;1;1;0;1;1;2;5;1;0;3;4;6;5;1;0;0;5;1;3;1;2;0;2;4;3;1;0;5;2;0;0;4;3;1;2;1;1;7;5;2;0;5;3;2;0;1;3;0;0;1;1;3;2;0;1;5;1;4;9;1;0;5;4;0;1;2;1;1;0;1;1;1;4;1;1;1;2;1;4;1;2;0;1;2;4;0;1;5;2;0;3;4;3;0;1;5;2;0;3;2
;;7;Ivo-van der Kooij, H.C.;60;0;0;0;1;2;1;3;0;0;0;0;2;0;0;0;0;1;3;0;2;1;0;0;0;1;0;0;0;2;1;0;0;0;0;0;1;0;1;0;0;1;0;0;0;4;2;0;0;0;1;2;1;0;0;0;0;0;0;0;1;1;0;0;0;0;1;0;0;0;0;1;1;3;0;0;0;1;0;0;0;1;0;0;1;0;0;1;0;0;0;3;0;0;1;0;2;1;0;0;0;1;1;0;0;0;0;0;0;1;1;0;0;1;1;1;0;1;0
13;BIJ1;;;3223;133;19;21;6;10;61;33;28;34;7;3;14;13;20;21;24;13;58;11;13;23;16;11;25;48;57;22;18;46;63;49;10;21;15;43;19;30;34;38;32;52;16;64;52;44;43;23;16;8;10;36;43;46;30;47;137;26;31;15;14;87;17;6;15;18;27;13;20;9;35;25;17;22;70;51;34;31;10;15;32;31;23;10;23;28;34;13;15;19;4;32;19;10;8;7;20;37;29;8;22;17;4;16;7;12;16;12;32;13;21;64;28;25;17;27;14;15;22
;;1;Wielingen, G.A.;1314;52;8;7;3;5;24;19;16;13;1;2;10;6;10;8;4;6;25;4;9;11;6;3;10;20;19;9;10;24;23;19;7;6;2;22;7;12;16;15;10;22;3;27;18;12;25;9;7;4;3;11;21;19;9;22;68;10;8;3;4;32;8;3;8;6;12;4;16;5;12;9;10;9;25;23;14;14;7;5;16;13;14;6;9;7;17;7;3;4;1;14;7;6;1;2;5;13;8;3;9;6;3;1;2;4;9;3;12;7;11;16;13;13;10;7;8;4;10
;;2;Panhuijsen, G.C.;330;16;1;2;0;1;7;2;2;5;0;1;0;0;0;2;0;3;10;1;1;6;2;1;2;4;6;4;2;2;4;5;1;1;3;2;2;4;2;2;7;8;0;2;9;7;2;0;4;0;1;5;3;10;1;5;15;2;4;1;2;9;3;1;2;0;0;1;1;1;5;3;0;5;13;1;1;3;1;0;3;7;1;0;2;7;2;3;4;7;1;2;5;3;1;0;6;4;1;0;1;1;0;3;0;0;0;0;1;0;2;8;0;1;1;4;0;1;1
;;3;Held, D.M.;242;4;0;5;1;0;7;0;3;2;0;0;0;0;0;0;3;0;2;1;1;1;6;1;3;3;3;3;2;7;6;1;0;2;3;1;0;6;1;1;3;4;2;7;6;2;4;0;1;2;1;1;0;2;8;7;6;0;2;3;0;7;0;0;1;2;2;1;1;0;2;2;0;1;10;4;11;3;0;4;2;0;2;1;5;5;1;1;0;0;0;2;1;1;0;2;1;3;1;0;1;0;0;2;0;3;0;1;0;0;0;8;2;0;2;3;0;1;0
;;4;Luijcx, H.;31;0;0;0;0;0;0;0;0;1;0;0;0;0;0;0;1;0;2;0;0;0;0;0;0;0;1;1;0;1;0;0;0;3;0;2;0;0;0;3;0;0;0;1;0;0;1;0;0;0;0;1;0;1;0;0;0;0;0;0;0;0;1;0;3;0;0;0;0;0;1;0;1;0;0;0;1;0;0;0;0;1;0;0;0;0;0;0;0;0;0;0;0;0;0;0;0;0;0;1;0;0;0;0;0;0;1;0;0;0;0;1;0;0;0;1;0;0;0
;;5;Bleecke, S.J.A.;424;21;4;2;1;1;9;8;0;6;1;0;2;4;4;4;6;2;5;2;1;0;0;3;4;0;10;0;2;0;8;9;1;2;1;4;4;6;4;9;2;9;5;5;9;10;6;5;2;0;0;10;11;5;4;4;16;4;6;5;3;17;1;1;1;3;5;3;1;1;5;2;1;3;5;10;3;0;1;2;2;4;0;2;3;2;3;0;2;1;0;7;2;0;0;1;4;3;3;0;3;1;0;0;1;2;2;2;2;4;3;12;4;4;0;4;0;3;2
;;6;Hofstetter, A.N.;236;15;2;1;1;0;2;0;2;1;1;0;1;0;0;2;4;0;3;2;0;2;0;0;4;1;3;3;1;3;5;5;1;3;2;4;2;1;4;3;2;2;3;9;5;4;1;5;1;1;2;4;0;2;1;2;7;4;1;1;1;3;1;1;0;0;5;1;0;2;2;5;0;1;3;5;0;3;0;1;0;0;1;0;1;1;2;2;1;2;0;2;1;0;1;0;1;3;8;3;2;1;0;1;0;1;0;3;10;1;2;4;1;0;0;1;3;1;1
;;7;van der Velden, B.;86;5;0;1;0;0;0;0;0;0;0;0;0;0;2;0;1;1;0;0;0;1;2;0;0;6;1;0;0;2;2;2;0;0;0;2;0;0;0;1;0;1;0;1;0;0;0;1;1;0;0;1;1;1;1;0;5;0;0;1;2;2;0;0;0;1;0;0;0;0;0;1;0;0;0;0;2;2;0;1;1;2;1;0;1;1;0;0;0;0;0;0;0;0;1;1;1;2;1;0;0;0;0;1;4;0;3;1;0;0;0;3;2;0;1;3;0;0;2
;;8;van der Graaf, H.H.;26;0;0;0;0;0;0;1;0;0;0;0;0;0;0;0;1;0;0;0;0;0;0;0;0;2;1;0;0;0;2;0;0;0;0;0;0;0;0;0;0;0;0;0;1;1;2;0;0;0;0;0;0;0;0;0;2;0;0;0;0;2;0;0;0;0;1;0;0;0;0;0;0;0;0;0;0;0;0;0;1;3;0;0;0;0;0;0;1;0;0;0;0;0;0;0;0;0;0;0;0;0;0;0;0;2;0;1;0;0;1;1;0;0;0;0;0;0;0
;;9;Ryssel-Omusuo, B.S.;122;3;2;1;0;2;0;1;0;0;0;0;0;0;3;0;0;0;0;1;0;1;0;0;1;2;3;0;1;0;4;0;0;1;2;3;2;0;2;1;0;1;0;0;1;0;0;1;0;0;1;0;2;2;1;4;2;1;2;0;0;4;2;0;0;1;0;2;0;0;1;0;3;2;4;3;0;0;0;1;2;0;2;0;1;2;4;0;0;0;0;4;1;0;0;0;1;4;3;0;2;2;0;0;0;0;0;1;2;0;0;4;2;1;2;2;0;1;2
;;10;Syams, A.A.F.;41;1;0;1;0;0;3;1;0;0;0;0;0;1;0;0;0;0;1;0;0;0;0;0;0;0;2;0;0;0;0;0;0;0;0;3;0;0;1;1;1;0;0;0;0;0;1;0;0;0;0;0;0;1;0;0;1;0;0;0;0;2;0;0;0;0;1;0;1;0;3;0;0;0;2;2;0;3;0;0;0;0;0;0;0;0;2;0;0;0;0;0;0;0;0;0;0;0;0;0;2;2;0;0;0;0;0;0;0;1;0;1;0;0;0;0;0;0;0
;;11;Rambharse, A.;128;4;0;0;0;0;5;0;0;2;0;0;0;2;0;0;0;0;3;0;1;1;0;3;0;9;3;2;0;5;2;2;0;0;1;0;1;1;1;1;4;3;1;0;2;0;0;0;0;0;1;0;1;0;5;3;9;1;4;0;0;4;0;0;0;0;0;0;0;0;2;1;0;0;3;1;2;0;0;1;1;0;0;1;1;1;0;0;0;3;1;1;2;0;3;1;0;1;3;0;0;0;0;3;0;0;0;0;2;0;0;1;1;3;1;0;0;0;1
;;12;Hosselet, H.R.;39;2;1;0;0;0;0;1;2;2;1;0;0;0;0;0;0;0;1;0;0;0;0;0;0;0;0;0;0;0;0;1;0;0;0;0;0;0;0;0;2;0;0;2;0;0;1;0;0;0;0;0;1;2;0;0;0;2;0;1;0;0;1;0;0;3;0;0;0;0;0;0;0;0;1;0;0;1;0;0;0;0;0;0;0;2;0;0;0;1;1;0;0;0;0;0;1;0;0;1;0;0;0;1;0;0;0;0;1;0;0;0;0;0;0;0;3;0;0
;;13;Dalger, A.E.;204;10;1;1;0;1;4;0;3;2;3;0;1;0;1;5;4;1;6;0;0;0;0;0;1;1;5;0;0;2;7;5;0;3;1;0;1;0;3;1;1;2;2;10;1;8;0;2;0;1;1;3;3;1;0;0;6;2;4;0;2;5;0;0;0;2;1;1;0;0;2;2;2;1;4;2;0;2;1;0;4;1;2;0;0;0;3;0;4;1;0;0;0;0;1;0;0;4;1;0;2;4;1;4;0;0;1;0;2;0;2;5;3;3;0;2;0;4;3
14;50PLUS;;;3071;33;25;10;5;28;25;31;55;54;6;2;18;29;42;34;21;44;35;18;16;19;52;17;31;62;48;38;19;39;60;44;26;21;17;25;25;18;20;27;25;29;31;34;29;32;23;45;35;8;33;26;23;26;18;7;36;26;14;3;35;17;12;4;9;20;48;14;13;18;23;30;17;20;48;39;27;41;23;9;41;48;19;4;25;22;23;8;11;20;23;32;30;5;28;9;47;37;16;41;8;23;18;29;12;31;27;26;24;35;64;29;9;22;21;31;13;30;21
;;1;van Rooij, M.G.J.H.;1896;16;15;8;4;14;16;20;41;30;5;1;9;16;27;23;10;22;24;12;11;11;40;10;26;37;35;21;15;30;34;28;11;16;11;12;7;11;10;16;14;17;24;27;23;20;12;26;15;6;21;20;13;21;9;4;23;11;10;2;25;12;8;2;4;10;27;8;8;11;19;18;10;12;35;24;15;22;13;4;25;24;11;1;13;10;14;6;9;15;13;15;18;1;19;5;31;28;13;22;4;15;13;17;7;20;19;18;13;21;34;21;7;14;15;16;9;19;11
;;2;Bouwma, J.J.;144;1;0;0;0;1;1;0;1;3;0;0;0;1;2;1;0;0;3;0;1;1;1;0;0;4;2;0;0;3;2;0;0;0;1;2;1;0;0;5;3;2;1;0;0;2;1;2;2;0;3;1;0;0;2;0;4;2;0;1;2;0;0;0;1;4;1;1;1;2;0;2;1;1;1;3;1;0;1;0;1;5;1;1;4;2;0;0;0;0;1;3;3;0;1;0;4;1;0;4;0;1;0;3;0;2;1;1;2;2;6;2;2;0;0;1;1;1;3
;;3;de Kruif, F.N.J.;189;6;5;2;0;3;0;0;3;6;0;0;2;1;2;1;5;2;0;0;1;2;3;1;1;3;4;1;1;0;0;5;5;0;1;2;4;1;2;0;4;1;1;0;0;0;1;0;9;1;2;1;0;0;0;2;1;4;0;0;0;0;2;2;0;4;9;1;1;1;0;1;0;1;1;0;4;4;2;0;1;2;1;2;1;2;0;1;0;3;3;2;0;1;2;0;5;1;0;2;1;1;2;0;2;3;0;4;1;0;6;0;0;3;0;1;0;0;1
;;4;Knaap-Schaafsma, I.;734;10;4;0;1;10;7;11;8;13;1;1;7;9;10;9;4;11;7;6;3;4;8;6;3;17;6;12;3;4;20;11;7;3;4;6;10;6;8;5;3;9;3;6;5;9;8;13;9;1;6;3;10;5;5;1;8;9;2;0;7;5;1;0;3;2;10;4;3;4;4;9;6;6;9;9;7;12;6;4;14;17;6;0;5;7;9;1;2;1;5;9;9;1;4;4;7;7;2;13;3;5;3;8;3;5;5;3;7;12;13;6;0;4;6;12;2;8;5
;;5;Lasschuit, J.J.M.;43;0;1;0;0;0;0;0;0;1;0;0;0;0;1;0;0;5;0;0;0;0;0;0;1;0;1;3;0;2;0;0;0;0;0;1;2;0;0;1;0;0;2;1;0;1;0;1;0;0;0;0;0;0;0;0;0;0;0;0;1;0;0;0;0;0;1;0;0;0;0;0;0;0;0;0;0;3;0;0;0;0;0;0;0;1;0;0;0;1;0;2;0;0;1;0;0;0;1;0;0;0;0;1;0;1;1;0;0;0;3;0;0;0;0;0;1;1;0
;;6;Giezen, H.J.J.M;65;0;0;0;0;0;1;0;2;1;0;0;0;2;0;0;2;4;1;0;0;1;0;0;0;1;0;1;0;0;4;0;3;2;0;2;1;0;0;0;1;0;0;0;1;0;1;3;0;0;1;1;0;0;2;0;0;0;2;0;0;0;1;0;1;0;0;0;0;0;0;0;0;0;2;3;0;0;1;1;0;0;0;0;2;0;0;0;0;0;1;1;0;2;1;0;0;0;0;0;0;1;0;0;0;0;1;0;1;0;2;0;0;1;0;1;0;1;1
15;Forum voor Democratie;;;2611;75;21;14;3;32;25;45;59;43;5;1;9;23;26;34;28;30;28;9;10;25;28;6;29;17;28;32;16;46;49;28;48;16;5;51;23;13;20;35;10;22;24;57;31;34;40;32;36;8;23;29;23;35;22;20;64;35;3;6;27;35;12;9;7;25;48;22;6;6;16;32;25;38;41;48;40;37;17;15;34;25;10;2;26;17;16;4;17;13;8;31;11;9;6;4;17;11;12;9;9;12;5;4;7;6;14;10;12;10;22;25;17;22;16;13;2;10;18
;;1;Hadderingh, B.S.T.;1583;46;11;9;2;22;11;28;28;28;2;1;4;12;17;20;24;17;21;4;7;14;15;6;20;12;19;18;11;27;30;13;31;9;1;26;13;12;12;24;4;15;21;33;18;19;29;15;23;6;18;17;8;20;14;11;43;27;2;3;13;20;5;3;6;12;20;15;4;4;13;25;14;18;30;32;32;18;7;11;18;18;3;2;13;8;13;2;12;12;0;18;5;5;4;4;13;6;7;5;4;8;4;2;4;3;9;4;9;3;14;17;8;17;9;9;1;4;11
;;2;de Potter, K.;365;9;4;1;1;5;5;3;15;5;2;0;4;2;6;4;3;6;1;2;3;3;4;0;1;0;3;4;0;4;6;5;7;5;2;11;1;0;4;3;3;3;1;9;4;5;3;7;2;0;2;4;2;7;6;3;7;2;0;1;9;5;3;4;0;4;11;5;2;0;0;1;3;10;6;7;3;9;2;3;7;3;2;0;0;5;1;0;2;0;4;4;1;0;0;0;1;1;2;1;2;0;0;0;0;0;2;2;1;3;5;0;2;3;2;3;1;1;2
;;3;Postuma, J.V.;284;9;6;1;0;1;3;5;13;8;1;0;0;2;3;5;1;2;4;1;0;3;5;0;4;1;2;6;1;6;5;3;6;2;2;1;3;1;0;3;1;3;0;5;1;4;5;7;3;0;1;4;5;3;1;4;3;3;0;1;3;3;2;1;0;5;11;2;0;2;2;5;4;6;3;3;2;4;4;0;2;2;0;0;5;1;0;1;0;0;0;3;4;2;0;0;0;2;1;1;1;2;1;1;1;2;0;4;0;1;2;1;1;1;0;0;0;5;2
;;4;Müller, R.J.;59;0;0;0;0;0;0;0;1;0;0;0;0;4;0;1;0;0;0;0;0;0;0;0;1;2;1;0;0;1;2;0;1;0;0;6;0;0;1;2;0;0;2;0;0;1;0;0;1;0;0;1;2;1;0;0;1;0;0;0;1;0;0;0;0;0;4;0;0;0;0;0;0;1;0;2;0;1;0;0;0;0;1;0;2;1;0;0;0;0;1;0;1;0;0;0;2;1;1;1;2;2;0;1;0;1;1;0;0;0;0;0;0;0;0;0;0;0;0
;;5;van Leeuwen, W.G.;53;1;0;1;0;1;2;2;0;0;0;0;0;1;0;1;0;0;0;2;0;0;2;0;1;1;0;1;0;0;2;1;0;0;0;2;1;0;0;0;0;0;0;0;0;2;0;1;4;1;1;0;0;0;0;0;1;0;0;0;0;0;1;0;0;1;0;0;0;0;0;0;0;1;0;1;0;1;0;0;2;1;0;0;0;1;0;0;0;0;0;0;0;1;1;0;0;0;1;0;0;0;0;0;1;0;0;0;0;1;1;3;0;1;2;0;0;0;0
;;6;Woensdregt, R.;47;1;0;0;0;0;0;0;0;0;0;0;0;0;0;2;0;2;0;0;0;2;0;0;0;0;0;0;0;0;0;0;2;0;0;0;1;0;0;0;0;0;0;4;0;2;2;0;0;1;1;0;1;1;1;0;2;0;0;0;1;2;0;1;1;0;0;0;0;0;0;0;1;1;0;0;1;0;0;0;2;0;0;0;1;0;1;0;3;1;2;0;0;0;0;0;1;0;0;0;0;0;0;0;1;0;0;0;0;0;0;0;0;0;1;0;0;0;1
;;7;Uljee, M.;69;5;0;0;0;2;0;3;1;0;0;0;1;1;0;0;0;1;0;0;0;0;0;0;0;1;3;1;0;2;3;2;0;0;0;2;0;0;0;2;1;0;0;1;1;0;0;1;1;0;0;1;4;2;0;2;0;1;0;0;0;0;1;0;0;1;1;0;0;0;1;1;3;0;0;0;0;0;0;0;0;1;1;0;2;0;0;0;0;0;1;1;0;0;0;0;0;0;0;0;0;0;0;0;0;0;0;0;2;0;0;4;2;0;1;0;0;0;1
;;8;Mussa, S.;42;2;0;2;0;0;1;1;0;0;0;0;0;0;0;0;0;0;0;0;0;0;1;0;0;0;0;0;1;2;1;0;0;0;0;2;3;0;0;0;0;0;0;4;6;0;0;0;0;0;0;0;0;0;0;0;1;0;0;0;0;2;0;0;0;0;0;0;0;0;0;0;0;1;0;0;1;1;0;0;0;0;1;0;1;0;0;0;0;0;0;3;0;0;1;0;0;0;0;1;0;0;0;0;0;0;0;0;0;0;0;0;2;0;0;1;0;0;0
;;9;Skepko, A.V.;15;1;0;0;0;0;0;0;0;0;0;0;0;1;0;0;0;0;0;0;0;0;0;0;0;0;0;0;0;0;0;1;0;0;0;0;0;0;0;0;0;0;0;0;0;1;0;0;0;0;0;0;1;0;0;0;1;0;1;0;0;2;0;0;0;0;0;0;0;0;0;0;0;0;1;1;0;2;0;0;0;0;0;0;0;1;0;0;0;0;0;0;0;0;0;0;0;0;0;0;0;0;0;0;0;0;0;0;0;0;0;0;1;0;0;0;0;0;0
;;10;van Veen, R.C.J.;25;0;0;0;0;0;0;3;0;0;0;0;0;0;0;0;0;0;1;0;0;0;1;0;0;0;0;0;0;2;0;0;0;0;0;0;0;0;2;0;1;0;0;0;0;0;0;1;0;0;0;0;0;1;0;0;2;1;0;0;0;1;0;0;0;0;0;0;0;0;0;0;0;0;1;1;0;0;2;0;3;0;0;0;0;0;0;0;0;0;0;0;0;0;0;0;0;1;0;0;0;0;0;0;0;0;0;0;0;0;0;0;1;0;0;0;0;0;0
;;11;Grondsma, J.P.;15;0;0;0;0;0;1;0;1;0;0;0;0;0;0;1;0;0;1;0;0;0;0;0;0;0;0;0;0;1;0;0;0;0;0;1;0;0;0;1;0;0;0;0;0;0;0;0;0;0;0;1;0;0;0;0;1;0;0;0;0;0;0;0;0;0;0;0;0;0;0;0;0;0;0;1;0;0;1;0;0;0;0;0;0;0;0;0;0;0;0;2;0;0;0;0;0;0;0;0;0;0;0;0;0;0;0;0;0;1;0;0;0;0;1;0;0;0;0
;;12;van der Velden, M.A.J.;54;1;0;0;0;1;2;0;0;2;0;0;0;0;0;0;0;2;0;0;0;3;0;0;2;0;0;2;3;1;0;3;1;0;0;0;1;0;1;0;0;1;0;1;1;0;1;0;2;0;0;1;0;0;0;0;2;1;0;1;0;0;0;0;0;2;1;0;0;0;0;0;0;0;0;0;1;1;1;1;0;0;2;0;2;0;1;1;0;0;0;0;0;1;0;0;0;0;0;0;0;0;0;0;0;0;2;0;0;1;0;0;0;0;0;0;0;0;1
16;DENK;;;2033;66;11;18;3;2;32;9;7;4;3;0;13;7;20;15;25;16;35;36;7;10;17;14;8;10;45;5;5;22;41;24;4;10;11;8;17;36;15;33;27;28;22;51;46;24;11;3;12;7;3;11;21;13;50;11;77;13;27;3;15;33;0;0;11;26;30;45;66;8;24;7;2;26;49;35;18;45;18;13;15;15;17;5;13;8;11;5;12;5;5;20;5;1;10;8;13;14;18;13;9;4;7;8;7;2;10;10;24;23;4;39;10;17;11;11;6;15;8
;;1;Buyatui, H.;673;27;5;1;2;0;14;1;3;2;0;0;4;3;4;1;16;3;15;12;4;0;6;5;1;3;17;0;1;7;12;9;0;1;5;2;4;11;3;12;4;7;5;19;10;6;1;0;5;1;1;6;11;8;12;4;38;7;9;0;10;15;0;0;6;12;12;18;17;1;8;1;1;1;14;12;3;13;7;7;7;6;6;1;5;1;4;0;7;2;1;5;0;1;3;5;6;4;0;3;3;0;1;3;3;1;3;6;5;2;1;15;2;11;5;7;2;4;4
;;2;Gün, E.;338;12;1;7;0;1;8;1;1;1;0;0;2;0;1;1;3;1;1;4;2;0;3;2;3;0;9;1;1;4;8;8;1;1;0;1;3;9;4;3;15;4;2;4;14;3;1;0;0;0;0;2;3;4;13;5;9;2;7;0;1;4;0;0;1;1;3;2;10;1;2;5;1;4;11;5;4;6;4;4;0;3;4;2;2;0;0;2;2;1;0;8;0;0;0;0;0;0;11;3;0;1;2;2;0;0;1;2;4;6;0;8;2;1;0;1;1;2;2
;;3;Khedoe, M.A.;70;1;0;3;0;0;0;0;3;1;0;0;3;1;0;0;0;0;1;0;0;3;0;0;0;0;1;0;0;4;1;0;0;0;1;1;0;0;0;1;1;0;1;2;5;0;0;2;0;0;1;0;0;1;0;0;7;0;2;0;0;2;0;0;1;0;0;0;0;0;2;0;0;0;1;2;3;0;1;0;0;0;0;0;0;3;0;0;0;0;1;0;0;0;0;0;1;0;2;0;1;0;0;1;0;0;0;0;0;0;0;2;0;0;0;0;0;0;0
;;4;Rijssel, N.E.;124;2;1;0;0;0;1;0;0;0;0;0;1;0;0;1;0;0;4;1;0;0;0;2;1;1;1;1;0;1;1;1;0;1;0;3;0;1;1;1;2;0;4;1;2;2;2;1;0;0;0;0;3;0;2;2;7;1;1;0;0;1;0;0;1;1;0;4;6;0;3;1;0;1;4;5;0;4;0;2;0;0;0;1;3;1;2;0;3;0;0;1;1;0;0;2;1;3;1;6;0;0;0;0;0;0;1;1;0;0;0;3;1;1;0;0;0;1;1
;;5;El Boussaïdi, O.;91;4;0;0;0;0;4;0;0;0;1;0;0;0;3;1;2;1;2;4;0;1;2;0;0;1;1;0;1;1;3;2;0;2;3;0;0;1;3;1;0;0;1;1;0;0;0;0;0;1;1;0;0;0;2;0;2;1;0;1;0;4;0;0;0;0;2;5;3;0;0;0;0;1;3;1;0;6;0;0;2;1;0;0;0;0;0;0;0;1;0;1;0;0;0;0;0;2;0;0;1;1;0;0;0;0;0;0;0;0;1;1;0;0;0;0;1;0;0
;;6;Akkouh, F.;77;5;0;1;0;0;0;0;0;0;0;0;1;0;1;0;2;0;0;2;0;0;0;0;0;0;3;2;0;2;1;0;0;1;0;1;0;0;0;0;1;3;1;3;4;2;6;0;0;0;0;0;0;0;2;0;3;0;0;0;2;1;0;0;1;3;2;1;1;0;0;0;0;1;2;1;1;4;0;0;0;0;1;0;1;0;0;2;0;1;0;0;0;0;0;0;1;0;0;0;0;0;0;0;0;0;1;0;0;2;0;0;1;0;0;0;0;0;0
;;7;El Ghaddari, A.;98;2;1;0;0;0;0;2;0;0;0;0;0;0;5;4;1;1;5;2;0;0;0;1;0;1;1;0;0;0;0;0;0;2;0;0;0;0;0;4;0;2;1;0;1;2;0;0;5;4;0;0;0;0;1;0;2;0;0;1;0;0;0;0;0;1;0;3;16;0;0;0;0;2;1;1;0;6;1;0;0;0;0;1;2;0;4;0;0;0;1;1;0;0;0;0;0;0;0;0;0;0;0;1;0;0;0;0;0;2;0;4;0;0;0;0;0;0;0
;;8;Bholai, F.M.;63;4;0;1;0;0;0;0;0;0;0;0;0;0;0;0;1;0;0;0;0;0;0;0;0;0;1;0;0;1;0;4;0;0;0;0;0;0;1;0;0;2;1;6;5;0;0;0;0;0;0;0;0;0;5;0;0;0;0;1;0;2;0;0;1;0;0;0;0;2;3;0;0;0;4;3;2;0;0;0;0;0;1;0;0;0;0;1;0;0;0;0;2;0;1;0;0;1;0;0;0;0;0;0;0;0;0;1;1;2;0;0;0;0;0;0;0;3;0
;;9;Peetoom, I.N.C.;21;0;0;0;0;0;0;0;0;0;0;0;0;0;0;0;0;0;0;0;0;1;1;0;0;0;1;0;0;0;0;0;0;0;0;0;0;0;0;1;0;0;0;3;0;0;0;0;0;0;0;0;0;0;0;0;3;0;0;0;0;0;0;0;0;0;2;0;3;0;1;0;0;0;0;0;0;0;0;0;0;0;0;0;0;0;0;0;0;0;0;0;0;0;0;0;0;2;0;1;0;0;0;0;0;0;0;0;0;0;0;1;0;0;0;0;0;0;1
;;10;Karim, S.M.R.;88;0;0;1;1;1;2;1;0;0;2;0;0;0;2;0;0;0;0;1;0;0;0;0;0;0;2;0;0;2;4;0;0;0;0;0;6;2;1;1;2;0;0;1;0;7;0;0;0;1;0;1;0;0;0;0;0;0;3;0;0;1;0;0;0;3;0;6;4;1;2;0;0;0;2;0;1;3;1;0;0;0;0;0;0;1;0;0;0;0;1;0;0;0;1;0;2;0;3;0;0;0;0;0;4;1;0;0;0;2;0;2;2;0;1;0;0;0;0
;;11;Draouy, M.;126;5;3;3;0;0;1;2;0;0;0;0;1;1;0;2;0;4;4;8;0;3;3;3;0;1;0;0;2;0;2;0;3;1;0;0;0;2;2;0;1;2;2;2;0;0;1;0;2;0;0;0;2;0;10;0;0;2;0;0;0;2;0;0;0;0;0;1;6;1;0;0;0;10;0;3;0;0;0;0;0;2;4;0;0;0;0;0;0;0;1;0;0;0;0;0;1;1;0;0;1;0;0;0;0;0;3;0;0;3;0;3;0;1;1;1;1;0;0
;;12;Al-Taqatqa, W.;15;0;0;0;0;0;0;0;0;0;0;0;0;0;0;0;0;0;0;0;0;0;0;0;0;1;0;0;0;0;3;0;0;0;0;0;2;0;0;1;0;0;0;0;0;2;0;0;0;0;0;0;0;0;0;0;0;0;0;0;0;0;0;0;0;0;1;0;0;0;0;0;0;2;0;0;1;0;0;0;0;0;0;0;0;0;0;0;0;0;0;0;0;0;0;0;0;0;1;0;0;0;0;0;0;0;0;0;0;0;0;0;0;0;1;0;0;0;0
;;13;Taskin, E.;249;4;0;1;0;0;2;2;0;0;0;0;1;2;4;5;0;6;3;2;1;2;2;1;3;2;8;1;0;0;6;0;0;1;2;0;2;10;0;8;1;8;4;9;5;0;0;0;0;0;0;2;2;0;3;0;6;0;5;0;2;1;0;0;0;5;8;5;0;2;3;0;0;4;7;2;3;3;4;0;6;3;1;0;0;2;1;0;0;0;0;4;2;0;5;1;1;1;0;0;3;2;4;1;0;0;1;0;14;4;2;0;2;3;3;2;1;5;0
