Verkiezing;;Gemeenteraad Venlo 2022;;;;;;;;;;;;;;;;;;;;;;;;;;;;;;;;;;;;;;;;;;;;;;;;;;;;;;;;;;;;;;;;;;;;;;;;;;
Datum;;2022-03-16;;;;;;;;;;;;;;;;;;;;;;;;;;;;;;;;;;;;;;;;;;;;;;;;;;;;;;;;;;;;;;;;;;;;;;;;;;
Gebied;;Gemeente Venlo;;;;;;;;;;;;;;;;;;;;;;;;;;;;;;;;;;;;;;;;;;;;;;;;;;;;;;;;;;;;;;;;;;;;;;;;;;
Nummer;;0983;;;;;;;;;;;;;;;;;;;;;;;;;;;;;;;;;;;;;;;;;;;;;;;;;;;;;;;;;;;;;;;;;;;;;;;;;;
;;;;;;;;;;;;;;;;;;;;;;;;;;;;;;;;;;;;;;;;;;;;;;;;;;;;;;;;;;;;;;;;;;;;;;;;;;;;
Lijstnummer;Aanduiding;Volgnummer;Naam kandidaat;Totaal;Stadhuis Venlo;Kunstencentrum;Gemeentearchief Venlo;Lokaal Veestraat;Basisschool de Meule;Stichting de Witte Kerk;Gilde Opleidingen;De Bantuin;wijkgebouw d'n Dörpel;Sporthal Rijnbeek;School aan de Vijver;Gemeenschapshuis Maagdenberg;Huis van de Wijk op den Berg;Scheidsrechtersvereniging Venlo eo;Café Feestzaal Ut Tref;Huis van de Wijk Venlo-Zuid;Basisschool de Zuidstroom;Sporthal Gilde Opleidingen;'t Raodhoes;Wijkgebouw de Vijfsprong;Zorggroep Ruysdonck;Basisschool Mikado;Kentalis;Stichting Het Muspelheim;Wijkgebouw Het Zonneveld;Zaal de Egelantier;MFC Op Expeditie;Stichting de Ark;Zalzershaof;Cafe Feestzaal de Boostenhof;Wijkgebouw Tevhit Moskee;Stadskantoor;Woonzorgcomplex De Bongerd;Sportzaal Hoogstraat;Basisschool PassePartout;Café Schillings;Bijbelgemeente;Stichting Marokkaanse Moskee Elfath;Cultureel Centrum De Haandert;Ontmoetingscentrum De Glazenap;de Toermalijn p.a. de Glazenap;'t Zaelke;'t Prônk-Eppelke Belfeld;Basisschool  KOM Mijn;Gemeenschapscentrum De Hamar;MFA De Schans Arcen;Pastoorshof Lomm;Woonzorgcomplex Rozenhof;BMV de Vilgaard;Bijzonder Stembureau Station;Mobiel Bijzonder stembureau 1;Mobiel Bijzonder stembureau 2;Stadskantoor (maandag);Zaal de Egelantier;Zalzershaof;Cultureel Centrum De Haandert;Gemeenschapscentrum De Hamar;Pastoorshof Lomm;BMV de Vilgaard;MFA De Schans Arcen;'t Raodhoes;wijkgebouw d'n Dörpel;Stadskantoor;Zaal de Egelantier;Zalzershaof;Cultureel Centrum De Haandert;Gemeenschapscentrum De Hamar;Pastoorshof Lomm;BMV de Vilgaard;MFA De Schans Arcen;'t Raodhoes;wijkgebouw d'n Dörpel
Gebiednummer;;;;;1;2;3;4;5;6;7;8;9;10;11;12;13;14;16;17;18;19;20;21;22;23;24;25;26;27;29;31;32;33;34;35;101;102;103;104;105;106;107;108;109;110;201;202;203;301;302;303;304;305;310;311;400;401;402;403;404;405;406;407;408;409;500;501;502;503;504;505;506;507;508;509
Postcode;;;;;5911 HD;5911 AS;5914 PV;5914 RN;5914 XS;5914 PE;5913 ES;5916 SW;5913 CZ;5913 GB;5913 TV;5915 CP;5915 ES;5915 CM;5912 BW;5912 XN;5912 BT;5913 SB;5921 GV;5922 VV;5921 VJ;5922 BL;5921 AZ;5922 AT;5923 CZ;5925 AV;5924 AC;5923 AJ;5926 PL;5927 NP;5912 PN;5912 AT;5931 NB;5931 GC;5931 KS;5931 BW;5935 AX;5931 PC;5932 CN;5932 VK;5932 VK;5931 HM;5951 CW;5951 BR;5951 DV;5944 BN;5943 AE;5941 EX;5941 CP;5913 AA;;;5912 AT;5925 AV;5926 PL;5932 CN;5951 DV;5943 AE;5941 CP;5944 BN;5921 GV;5913 CZ;5912 AT;5925 AV;5926 PL;5932 CN;5951 DV;5943 AE;5941 CP;5944 BN;5921 GV;5913 CZ
;opgeroepenen;;;83972;2400;1882;1814;1513;1612;1536;1481;1824;1939;1665;1932;1442;1288;2106;1619;1663;1567;1451;1762;2088;1766;1366;1465;2041;1543;3043;3004;1441;2165;782;1832;1361;1273;1629;1500;1922;1884;1677;1435;1427;1552;1254;1743;1494;1202;2372;856;1762;2597;0;0;0;0;0;0;0;0;0;0;0;0;0;0;0;0;0;0;0;0;0;0;0
;geldige stempas;;;32708;840;646;725;402;601;406;629;790;841;561;856;665;334;643;497;586;491;457;691;515;364;338;274;451;446;512;866;406;831;346;574;427;386;568;541;741;878;394;418;398;379;420;339;506;575;653;265;546;972;137;25;53;279;138;209;244;167;57;213;173;263;358;410;214;305;418;274;143;420;277;403;538
;geldig volmachtbewijs;;;4951;92;76;89;63;71;92;73;138;107;76;96;92;48;97;81;123;62;48;101;83;47;67;42;87;58;88;197;52;139;43;171;64;37;63;82;155;119;101;66;72;61;69;33;87;97;92;40;73;142;19;1;2;40;28;30;24;20;3;28;15;67;70;50;40;46;61;35;15;35;28;63;79
;geldige kiezerspas;;;0;0;0;0;0;0;0;0;0;0;0;0;0;0;0;0;0;0;0;0;0;0;0;0;0;0;0;0;0;0;0;0;0;0;0;0;0;0;0;0;0;0;0;0;0;0;0;0;0;0;0;0;0;0;0;0;0;0;0;0;0;0;0;0;0;0;0;0;0;0;0;0;0
;toegelaten kiezers;;;37659;932;722;814;465;672;498;702;928;948;637;952;757;382;740;578;709;553;505;792;598;411;405;316;538;504;600;1063;458;970;389;745;491;423;631;623;896;997;495;484;470;440;489;372;593;672;745;305;619;1114;156;26;55;319;166;239;268;187;60;241;188;330;428;460;254;351;479;309;158;455;305;466;617
;geldige stembiljetten;;;37439;923;711;810;461;670;496;699;923;942;634;948;753;382;735;575;703;548;503;783;596;406;401;314;536;501;594;1061;456;967;386;740;491;417;631;619;891;990;492;481;469;436;487;371;587;667;739;302;616;1111;156;26;55;318;165;238;267;187;59;240;187;329;428;459;251;349;475;308;157;452;302;462;615
;blanco stembiljetten;;;135;8;10;1;2;1;0;2;3;3;3;3;4;0;3;1;2;3;1;7;2;1;1;1;1;3;7;2;1;0;2;5;0;1;0;2;1;4;1;3;0;1;1;1;5;4;4;3;2;3;0;0;0;0;0;1;1;0;0;0;1;1;0;0;2;0;1;1;1;0;4;2;1
;ongeldige stembiljetten;;;88;1;1;3;2;1;2;1;2;3;0;1;0;0;2;2;4;2;1;2;0;5;3;1;1;0;0;0;1;3;1;0;0;5;0;2;4;3;2;0;1;3;1;0;1;1;2;0;1;0;0;0;0;1;1;0;0;0;1;1;0;0;0;1;1;2;3;0;0;3;0;2;1
;aangetroffen stembiljetten;;;37662;932;722;814;465;672;498;702;928;948;637;952;757;382;740;578;709;553;505;792;598;412;405;316;538;504;601;1063;458;970;389;745;491;423;631;623;896;997;495;484;470;440;489;372;593;672;745;305;619;1114;156;26;55;319;166;239;268;187;60;241;188;330;428;460;254;351;479;309;158;455;306;466;617
;meer stembiljetten dan toegelaten kiezers;;;3;0;0;0;0;0;0;0;0;0;0;0;0;0;0;0;0;0;0;0;0;1;0;0;0;0;1;0;0;0;0;0;0;0;0;0;0;0;0;0;0;0;0;0;0;0;0;0;0;0;0;0;0;0;0;0;0;0;0;0;0;0;0;0;0;0;0;0;0;0;1;0;0
;minder stembiljetten dan toegelaten kiezers;;;0;0;0;0;0;0;0;0;0;0;0;0;0;0;0;0;0;0;0;0;0;0;0;0;0;0;0;0;0;0;0;0;0;0;0;0;0;0;0;0;0;0;0;0;0;0;0;0;0;0;0;0;0;0;0;0;0;0;0;0;0;0;0;0;0;0;0;0;0;0;0;0;0
;kiezers met stembiljet hebben niet gestemd;;;0;0;0;0;0;0;0;0;0;0;0;0;0;0;0;0;0;0;0;0;0;0;0;0;0;0;0;0;0;0;0;0;0;0;0;0;0;0;0;0;0;0;0;0;0;0;0;0;0;0;0;0;0;0;0;0;0;0;0;0;0;0;0;0;0;0;0;0;0;0;0;0;0
;er zijn te weinig stembiljetten uitgereikt;;;0;0;0;0;0;0;0;0;0;0;0;0;0;0;0;0;0;0;0;0;0;0;0;0;0;0;0;0;0;0;0;0;0;0;0;0;0;0;0;0;0;0;0;0;0;0;0;0;0;0;0;0;0;0;0;0;0;0;0;0;0;0;0;0;0;0;0;0;0;0;0;0;0
;er zijn te veel stembiljetten uitgereikt;;;0;0;0;0;0;0;0;0;0;0;0;0;0;0;0;0;0;0;0;0;0;0;0;0;0;0;0;0;0;0;0;0;0;0;0;0;0;0;0;0;0;0;0;0;0;0;0;0;0;0;0;0;0;0;0;0;0;0;0;0;0;0;0;0;0;0;0;0;0;0;0;0;0
;geen verklaring;;;0;0;0;0;0;0;0;0;0;0;0;0;0;0;0;0;0;0;0;0;0;0;0;0;0;0;0;0;0;0;0;0;0;0;0;0;0;0;0;0;0;0;0;0;0;0;0;0;0;0;0;0;0;0;0;0;0;0;0;0;0;0;0;0;0;0;0;0;0;0;0;0;0
;andere verklaring;;;0;0;0;0;0;0;0;0;0;0;0;0;0;0;0;0;0;0;0;0;0;0;0;0;0;0;0;0;0;0;0;0;0;0;0;0;0;0;0;0;0;0;0;0;0;0;0;0;0;0;0;0;0;0;0;0;0;0;0;0;0;0;0;0;0;0;0;0;0;0;0;0;0
1;EENLokaal;;;7292;99;76;100;63;116;64;100;98;110;91;105;90;35;98;82;110;83;76;132;123;80;61;51;106;99;92;278;96;126;91;108;73;103;164;182;243;309;124;134;136;126;150;194;363;375;67;22;48;76;16;4;9;52;25;49;72;130;6;21;22;84;46;72;48;51;176;194;8;34;33;112;100
;;1;Schatorjé, F.P.M.;2387;36;20;38;21;41;9;51;41;54;50;41;31;17;42;21;24;25;27;32;39;28;9;10;36;23;12;75;24;47;20;31;30;63;75;85;140;148;67;54;53;61;66;16;22;22;11;2;13;40;7;1;6;19;7;11;35;13;2;12;3;27;26;36;12;14;93;11;4;18;6;27;54
;;2;van den Beucken, L.M.C.;1272;5;2;5;4;5;2;3;3;5;3;1;3;3;8;4;5;2;8;4;2;4;0;0;4;5;4;7;4;3;15;3;4;8;12;14;16;22;6;25;15;16;7;139;264;270;0;1;4;5;2;2;1;4;0;1;7;103;0;0;2;4;1;7;6;2;15;152;0;1;2;3;3
;;3;Yildiz, D.;267;1;7;3;0;3;8;1;0;0;1;2;2;1;4;3;24;8;0;5;9;0;16;7;6;4;5;35;3;1;0;22;1;2;0;4;4;3;2;5;7;1;0;0;1;2;2;5;0;1;0;0;0;3;0;0;4;0;0;0;0;6;0;1;5;0;6;0;2;2;2;13;2
;;4;Pieko, A.F.E.;110;3;2;2;0;3;0;1;5;3;2;0;0;1;2;0;2;0;2;0;0;0;1;0;1;1;0;2;0;0;1;3;1;3;4;4;4;9;1;8;2;4;0;3;4;7;1;0;3;0;0;0;0;2;0;0;0;0;0;0;0;0;0;4;0;0;3;3;0;1;0;1;1
;;5;Özkaya, T.;346;8;9;4;10;4;14;5;4;5;2;7;11;3;3;7;20;9;4;5;2;6;8;5;7;1;10;24;4;1;6;29;8;3;2;2;2;6;4;0;3;0;2;0;5;5;1;0;0;1;0;0;0;9;1;1;4;0;0;0;0;9;2;10;5;1;3;0;0;1;0;17;2
;;6;Beurskens, B.J.P.W.N.;242;2;0;3;3;0;1;2;0;5;1;3;1;0;1;1;5;1;2;18;12;8;5;8;7;9;17;20;7;8;14;2;0;0;1;0;2;0;5;1;0;2;1;0;1;0;0;0;3;2;0;0;0;0;9;9;0;1;0;0;0;7;0;1;6;5;0;0;0;3;0;16;1
;;7;Janssen, L.M.J.;463;14;14;19;13;23;11;10;16;8;11;18;21;4;17;10;5;10;13;5;7;3;3;0;2;9;5;17;6;12;9;7;4;1;14;4;7;14;4;6;3;4;6;3;2;4;3;0;10;4;1;0;1;2;0;2;1;1;1;0;0;3;7;0;1;3;5;1;0;0;1;7;11
;;8;Smeets, J.J.R.E.;241;3;1;1;1;0;0;1;1;3;0;5;0;0;0;1;1;4;0;26;14;12;5;6;4;13;12;25;19;16;5;1;1;0;2;0;0;0;0;0;0;0;0;0;0;0;0;0;0;1;0;0;0;3;1;14;0;0;0;0;0;6;0;0;5;11;0;0;0;0;0;15;2
;;9;Ramaekers-Ubben, A.J.J.;88;0;0;4;0;0;0;4;3;2;1;1;1;2;0;2;3;1;0;1;3;0;1;0;1;0;0;3;1;0;1;3;3;1;1;1;5;3;3;3;2;2;2;1;1;0;1;0;0;3;0;0;0;3;0;1;1;1;1;0;0;0;0;1;0;1;4;2;0;0;0;1;2
;;10;Cangir, E.;134;4;2;0;2;2;3;4;0;0;0;3;0;2;0;0;2;3;1;4;15;1;4;1;18;8;5;16;3;0;0;0;0;0;0;1;0;0;0;0;5;0;3;0;0;0;0;0;1;0;0;0;0;0;0;2;0;0;0;0;0;9;2;1;2;0;0;0;0;0;0;4;1
;;11;Schuman, M.W.J.;101;0;1;1;2;7;4;2;3;0;3;0;4;0;0;0;0;1;1;4;5;2;2;3;5;4;4;6;1;5;1;0;0;0;4;0;1;1;0;0;1;0;0;0;1;3;0;0;0;1;3;0;0;0;3;0;0;0;0;3;0;3;1;1;1;0;1;0;0;0;0;1;1
;;12;Titulaer, C.C.C.;102;6;1;4;3;9;0;8;8;10;1;5;2;1;2;0;3;3;3;1;3;1;0;0;0;2;2;4;0;4;0;0;1;0;1;1;1;0;0;0;0;0;1;0;0;0;0;0;0;0;0;0;0;1;0;1;0;0;0;0;0;0;4;1;0;0;0;0;0;0;1;0;3
;;13;Dings, P.M.J.M.;41;0;2;1;1;1;0;0;0;0;0;0;0;0;0;0;0;0;0;0;0;0;0;0;0;0;0;1;0;1;0;2;0;0;0;0;1;1;0;0;0;0;0;3;6;4;1;0;0;0;0;0;0;0;0;2;0;3;0;0;0;0;0;0;0;1;0;9;0;1;0;0;0
;;14;Roest, I.J.G.W.;156;1;0;4;1;4;0;2;2;0;0;2;0;0;1;0;0;0;3;1;0;1;1;1;2;0;2;3;0;4;0;0;1;0;1;1;0;0;0;0;2;1;0;1;2;0;45;2;4;6;1;0;0;0;0;1;0;1;0;1;17;0;0;0;0;2;1;0;1;5;21;0;4
;;15;Konings, R.;201;2;5;2;0;3;6;0;0;3;1;2;0;0;0;2;0;5;0;0;1;1;0;1;0;2;0;4;0;1;0;0;3;5;18;25;9;7;11;12;9;4;24;2;5;2;1;0;3;1;0;0;0;0;0;0;6;0;0;0;0;0;0;2;0;3;8;0;0;0;0;0;0
;;16;Cornelissen, G.C.M.;57;1;2;2;0;0;0;1;0;0;2;0;2;0;3;16;8;4;0;0;0;0;0;0;2;0;0;0;0;0;0;0;8;0;1;0;0;2;0;0;0;0;1;0;0;0;0;0;0;0;0;0;0;1;0;0;0;0;0;0;0;0;0;1;0;0;0;0;0;0;0;0;0
;;17;van Tegelen, W.P.G.;34;0;0;0;0;0;0;0;0;0;2;1;0;0;0;0;2;1;0;0;0;0;0;0;0;1;2;0;0;0;0;0;0;2;0;1;1;0;0;1;0;0;1;6;6;1;0;0;0;0;0;0;0;0;0;0;0;3;0;0;0;0;0;0;0;0;2;1;0;0;0;0;0
;;18;Marsman, L.M.J.;36;4;1;1;0;2;2;0;0;2;2;3;1;0;5;0;0;0;1;1;1;0;0;0;0;1;1;0;0;1;0;0;0;0;0;0;0;0;1;0;0;1;0;0;0;1;0;0;0;0;1;0;0;0;0;0;0;0;0;0;0;0;1;0;0;0;0;0;0;0;0;0;2
;;19;van Aarssen, M.C.J.;60;0;1;1;0;0;0;0;0;0;0;0;0;0;0;0;0;0;1;0;0;0;0;0;0;0;0;0;0;1;0;0;1;0;0;1;1;2;0;3;0;0;4;4;20;16;0;0;0;0;0;0;0;0;0;0;0;2;0;0;0;0;0;0;0;0;2;0;0;0;0;0;0
;;20;Hanraets, W.M.T.P.;74;0;0;0;0;0;0;2;0;1;0;0;0;0;2;0;0;0;0;0;0;0;0;1;0;0;0;4;0;0;0;0;0;0;0;7;5;39;1;0;2;2;4;0;0;0;0;0;0;0;1;0;0;0;0;0;0;0;0;0;0;1;0;1;0;0;1;0;0;0;0;0;0
;;21;Ambroz, J.;89;0;0;0;1;0;0;0;2;0;0;0;2;0;0;1;0;0;2;11;1;7;3;3;1;7;1;3;9;3;1;1;1;0;0;0;4;0;3;0;1;0;1;0;0;3;0;0;0;0;0;0;0;0;1;1;0;0;0;3;0;1;0;0;2;1;0;0;0;1;0;6;1
;;22;Winter, L.J.W.M.;9;0;0;2;0;0;1;0;0;0;0;1;0;0;0;0;0;0;0;0;0;0;0;0;0;0;0;3;0;0;0;0;0;0;0;0;1;0;0;0;0;0;0;0;0;0;0;0;0;0;0;0;0;0;0;0;0;0;0;0;0;0;0;1;0;0;0;0;0;0;0;0;0
;;23;Melskens, A.M.;17;0;0;0;0;0;0;0;0;0;0;0;0;0;0;0;0;0;0;0;0;0;0;0;0;0;0;0;0;0;0;0;0;0;0;0;0;0;0;0;0;0;0;0;0;0;0;12;0;0;0;0;0;1;0;0;0;0;2;1;0;0;0;0;0;0;0;0;1;0;0;0;0
;;24;Donders, F.J.;26;0;1;0;0;0;0;0;2;0;1;0;0;1;0;0;0;0;0;2;2;2;0;0;0;0;1;2;1;1;0;0;2;0;0;0;0;0;0;0;2;0;0;0;0;0;0;0;1;0;0;0;0;0;0;0;0;0;0;0;0;1;0;2;0;2;0;0;0;0;0;0;0
;;25;Meeuwsen-Beliën, J.G.M.M.;28;1;0;0;0;1;1;0;0;0;0;0;1;0;0;0;0;0;0;1;0;0;0;0;3;5;0;6;3;0;0;1;0;0;0;1;0;0;0;0;0;0;0;0;0;0;0;0;0;0;0;0;0;0;1;0;0;0;0;0;0;3;0;0;0;0;0;0;0;0;0;0;0
;;26;Jacobs, L.M.A.;18;0;0;0;0;0;0;0;0;0;0;0;0;0;0;0;0;0;0;0;0;0;0;0;0;0;0;0;2;0;0;0;0;0;0;1;1;8;0;0;0;2;1;1;0;0;0;0;0;0;0;0;0;0;0;0;0;0;0;0;0;0;0;0;0;0;2;0;0;0;0;0;0
;;27;Hecker, M.G.A.G.M.;14;0;1;0;1;2;0;0;0;0;0;0;0;0;1;4;2;0;0;0;0;1;0;0;0;0;0;2;0;0;0;0;0;0;0;0;0;0;0;0;0;0;0;0;0;0;0;0;0;0;0;0;0;0;0;0;0;0;0;0;0;0;0;0;0;0;0;0;0;0;0;0;0
;;28;Donders-Heijnen, C.J.H.;7;0;0;0;0;0;0;0;0;0;0;0;0;0;0;0;0;0;0;1;1;0;0;0;0;0;0;0;0;0;0;0;0;0;0;1;0;0;0;0;0;0;0;0;0;0;0;0;0;1;0;0;0;0;0;0;0;0;0;0;0;2;1;0;0;0;0;0;0;0;0;0;0
;;29;Cremers, M.T.S.;21;1;0;0;0;0;0;0;0;0;0;0;1;0;0;0;0;0;0;0;0;0;0;0;0;0;0;0;0;0;0;0;0;0;2;3;1;9;2;0;0;0;0;0;0;0;0;0;0;0;0;0;0;0;0;0;0;0;0;0;0;0;0;0;0;0;2;0;0;0;0;0;0
;;30;Goosen - Bosch, H.J.W.;35;3;1;0;0;1;1;3;0;4;4;1;1;0;3;0;0;0;1;0;0;0;1;0;0;0;1;0;0;0;0;0;0;0;0;0;1;0;0;0;0;0;0;0;0;0;0;0;0;0;0;0;0;1;0;0;0;0;0;0;0;0;0;0;0;0;2;0;0;0;0;0;6
;;31;Cremers, M.H.A.;79;0;0;0;0;0;0;0;0;0;0;0;0;0;0;0;0;0;0;1;0;0;0;0;0;0;0;0;0;0;0;0;2;6;12;8;8;8;2;5;5;7;7;0;0;1;0;0;0;1;0;0;0;0;0;0;3;0;0;0;0;0;0;1;0;0;2;0;0;0;0;0;0
;;32;Wetzels, K.E.A.;35;2;0;0;0;0;0;0;0;0;1;0;0;0;2;1;0;0;0;3;0;0;0;1;1;0;0;2;0;0;0;0;0;0;1;2;1;1;0;2;2;0;0;3;2;4;0;0;0;0;0;0;0;0;0;0;0;1;0;0;0;0;0;0;0;1;2;0;0;0;0;0;0
;;33;Janssen, H.J.H.;35;0;0;0;0;1;0;0;3;2;0;0;0;0;1;2;0;1;0;2;5;1;2;0;0;1;1;3;0;2;0;2;0;0;0;2;2;0;0;0;0;0;0;0;0;0;0;0;0;0;0;0;0;0;0;0;0;0;0;0;0;0;0;0;1;0;0;0;0;0;0;1;0
;;34;Hoeben, G.H.M.;55;0;0;0;0;0;0;0;0;0;0;0;0;0;0;0;0;3;3;0;0;0;0;0;3;0;0;2;0;0;0;0;0;4;5;1;1;6;5;0;9;6;0;1;1;1;0;0;0;0;0;0;0;0;0;0;2;0;0;0;0;0;0;0;0;1;0;0;0;1;0;0;0
;;35;Driessen, D.M.J.;22;1;0;0;0;0;1;0;0;1;0;0;2;0;0;0;0;2;1;1;0;0;0;1;0;0;0;1;0;0;0;0;0;1;0;1;0;0;1;0;1;0;2;0;0;0;0;0;0;0;0;0;0;0;0;0;0;0;0;0;0;0;1;0;0;0;0;2;0;0;0;0;2
;;36;Klerken, J.F.M.;31;0;0;0;0;2;0;0;1;0;1;6;0;0;0;1;0;0;1;0;0;0;0;0;0;0;0;0;0;0;0;0;0;0;0;3;5;1;0;2;0;0;3;0;1;0;0;0;0;0;0;0;0;0;0;1;1;0;0;0;0;0;0;0;0;0;2;0;0;0;0;0;0
;;37;Kuijpers, L.C.P.;45;0;2;0;0;0;0;0;1;0;1;0;0;0;0;2;0;0;0;1;0;0;0;0;0;1;5;3;8;9;1;0;0;0;0;0;0;0;0;0;1;0;2;0;0;0;0;0;0;2;0;0;0;0;0;0;0;0;0;0;0;2;0;0;0;3;0;0;0;0;0;0;1
;;38;Hendrickx, P.G.M.;40;0;0;0;0;0;0;0;0;0;0;1;0;0;0;0;0;0;0;0;0;0;0;1;2;0;0;0;0;0;1;0;0;1;1;2;2;14;0;1;0;1;0;0;1;0;0;0;2;3;0;0;0;0;0;0;2;0;0;0;0;0;0;0;0;0;5;0;0;0;0;0;0
;;39;Huberts, G.E.M.;29;0;0;0;0;0;0;0;0;0;0;0;2;0;0;2;0;0;0;0;0;0;0;0;0;0;0;2;0;0;16;0;0;0;0;0;0;0;0;0;0;0;0;0;0;0;0;0;0;0;0;0;0;1;2;2;0;0;0;0;0;0;0;0;2;0;0;0;0;0;0;0;0
;;40;Brauer, H.H.M.;70;1;1;1;0;2;0;0;1;1;0;1;1;0;1;0;0;0;0;0;0;1;0;0;1;1;0;0;0;2;0;1;0;0;4;0;3;1;2;0;2;0;2;3;7;13;1;0;0;3;0;0;0;1;0;0;1;0;0;1;0;0;0;0;0;0;4;5;0;0;0;0;1
;;41;Overbeeke, D.A.;1;0;0;0;0;0;0;0;0;0;0;0;0;0;0;0;0;0;0;0;0;0;0;0;0;0;0;0;0;0;0;0;0;0;0;0;0;0;0;0;0;0;0;0;0;1;0;0;0;0;0;0;0;0;0;0;0;0;0;0;0;0;0;0;0;0;0;0;0;0;0;0;0
;;42;Verhezen, J.M.;2;0;0;0;0;0;0;0;0;0;0;0;0;0;0;0;0;0;0;0;0;0;0;0;0;0;0;0;0;0;0;0;0;0;0;0;1;0;0;0;0;1;0;0;0;0;0;0;0;0;0;0;0;0;0;0;0;0;0;0;0;0;0;0;0;0;0;0;0;0;0;0;0
;;43;Krämer-van de Kerkhof, W.G.T.;12;0;0;0;0;0;0;0;0;1;0;0;0;0;0;0;0;0;0;0;0;0;0;0;0;0;0;0;0;0;0;0;0;1;1;1;0;0;1;1;1;4;0;0;0;0;0;0;0;0;0;0;0;0;0;0;1;0;0;0;0;0;0;0;0;0;0;0;0;0;0;0;0
;;44;Schouwenberg, W.J.P.;7;0;0;0;0;0;0;0;0;0;0;0;0;0;0;0;0;0;0;0;0;0;0;0;0;0;0;0;0;0;0;0;0;0;0;0;1;1;0;1;2;0;0;0;0;0;0;0;0;0;0;0;0;0;0;0;2;0;0;0;0;0;0;0;0;0;0;0;0;0;0;0;0
;;45;Wetzels, J.W.;29;0;0;0;0;0;0;0;0;0;0;0;0;0;0;0;0;0;0;1;0;0;0;1;0;1;0;0;0;2;0;0;0;0;1;0;4;1;0;0;0;0;1;1;0;6;0;0;1;0;0;0;1;0;0;0;0;0;0;0;0;0;0;0;0;0;6;2;0;0;0;0;0
;;46;Spruytenburg, R.W.L.M.;15;0;0;0;0;0;0;0;1;0;0;0;0;0;0;0;2;0;0;0;0;0;0;0;0;0;0;1;0;0;0;0;0;0;0;1;0;0;2;3;1;0;2;0;0;1;0;0;1;0;0;0;0;0;0;0;0;0;0;0;0;0;0;0;0;0;0;0;0;0;0;0;0
;;47;Simons- van Deurssen, H.J.G.M.;18;0;0;0;0;0;0;0;0;0;0;0;0;0;0;0;0;0;0;0;0;0;0;0;0;0;0;0;0;0;0;0;0;0;0;1;1;0;0;0;1;1;0;0;7;3;0;0;1;0;0;0;0;0;0;0;0;1;0;0;0;0;0;0;0;0;0;2;0;0;0;0;0
;;48;Cox, H.A.M.;26;0;0;1;0;0;0;0;0;0;0;0;0;0;0;0;0;0;0;0;0;0;0;0;0;0;0;1;0;0;0;0;0;0;1;1;1;0;0;1;0;0;1;7;4;4;0;0;0;0;0;0;0;0;0;0;0;0;0;0;0;0;0;0;0;0;0;4;0;0;0;0;0
;;49;Ambroz-Coenen, A.M.G.;13;0;0;0;0;0;0;0;0;0;1;0;0;0;0;2;0;0;1;1;0;1;0;1;0;0;2;0;0;1;0;0;0;0;0;0;0;0;0;0;0;0;0;0;0;0;0;0;0;1;0;1;0;0;0;0;1;0;0;0;0;0;0;0;0;0;0;0;0;0;0;0;0
;;50;Adams, J.M.;52;0;0;1;0;0;0;0;1;0;0;1;1;0;0;0;2;0;1;0;1;0;0;0;0;0;0;1;1;1;0;0;2;2;0;2;6;2;1;0;4;6;6;0;0;1;0;0;1;0;0;0;0;1;0;0;1;0;0;0;0;0;0;1;0;0;5;0;0;0;0;0;0
2;CDA;;;6403;101;91;113;56;70;40;90;159;122;102;125;75;28;119;55;90;60;58;124;105;52;25;26;56;49;49;101;44;117;62;70;61;74;83;91;205;165;43;76;66;60;62;58;87;115;208;195;357;614;28;8;22;35;14;36;45;18;40;132;37;34;23;57;20;55;69;62;114;276;74;66;84
;;1;Verhaegh, T.W.G.;2433;38;35;46;25;43;23;52;81;58;58;61;33;18;51;15;25;40;25;35;34;8;6;11;19;13;26;45;11;45;23;28;32;21;19;13;31;38;6;21;11;6;18;3;10;10;16;11;240;387;9;3;15;11;5;12;11;4;0;88;6;9;11;26;4;23;24;3;3;171;10;16;45
;;2;van de Put, R.A.E.;444;18;28;31;8;6;5;23;36;24;20;26;12;1;22;12;5;2;7;9;5;1;2;0;0;3;2;5;4;9;6;8;8;4;7;5;3;6;1;3;0;1;2;0;2;1;4;0;3;9;5;0;0;1;0;0;2;0;0;0;1;3;8;5;0;1;5;0;1;1;0;2;10
;;3;van den Hombergh, J.W.J.;469;2;2;1;3;2;0;2;10;4;2;2;0;0;0;0;4;0;1;3;2;0;0;2;0;1;0;2;0;0;0;3;1;2;0;1;3;2;0;2;0;0;0;0;0;0;19;176;14;24;0;1;0;1;0;0;1;0;40;3;1;0;0;2;1;0;0;0;109;14;3;0;1
;;4;Duckers, M.A.H.J.;612;12;5;10;6;5;1;4;7;10;4;4;7;1;10;4;6;4;2;53;53;29;11;4;27;24;13;22;21;40;20;2;3;3;6;5;6;5;3;3;1;5;2;0;2;0;1;0;3;6;0;1;1;1;7;20;1;0;0;2;0;20;1;5;9;21;5;0;0;2;0;32;9
;;5;Hoezen, J.G.U.G.;314;0;1;1;0;1;1;1;0;4;2;2;0;0;0;0;0;0;4;0;1;0;0;0;1;0;0;3;0;0;0;1;1;5;3;1;6;6;2;3;4;3;4;44;55;83;0;0;0;0;0;0;0;1;0;0;1;13;0;1;0;1;1;1;0;0;2;48;0;0;2;0;0
;;6;Geurts-de Pree, H.;100;3;6;2;6;1;0;2;2;5;3;4;1;1;1;3;0;5;6;2;1;0;1;0;0;0;0;3;0;1;0;1;1;2;2;0;3;1;0;0;0;0;2;1;6;7;0;0;1;3;1;0;0;2;0;0;0;1;0;0;0;0;0;1;2;0;0;0;0;1;0;0;3
;;7;Drissen, A.J.M.;258;1;0;2;0;1;0;0;1;2;0;0;0;0;3;0;0;1;0;0;0;1;0;0;0;0;0;0;0;0;0;0;0;0;0;0;0;0;0;0;1;0;0;0;0;0;163;0;2;0;0;2;0;0;0;0;0;0;0;1;27;1;0;0;0;0;0;0;0;1;48;0;0
;;8;Peulen, T.J.M.;493;4;2;4;0;0;0;1;0;1;1;2;2;3;2;6;0;0;3;6;0;0;0;1;0;0;0;2;0;8;1;2;1;33;38;46;61;55;23;32;37;31;24;1;1;2;0;0;0;2;1;0;4;3;0;0;22;0;0;0;0;0;0;1;0;3;15;2;0;0;0;1;3
;;9;Koetsenruijter, T.;173;2;4;2;0;0;0;0;0;0;2;4;2;0;2;0;1;0;3;0;0;0;0;0;0;0;2;0;0;0;0;0;3;0;0;1;2;0;0;0;0;0;1;0;0;1;0;2;25;59;0;0;0;2;0;0;0;0;0;15;0;0;0;1;0;0;0;0;1;34;1;0;1
;;10;Meidanwal, A.W.;45;1;0;0;1;0;0;1;0;0;0;0;1;0;6;1;2;2;0;2;0;0;0;0;0;4;0;4;1;0;0;2;0;0;0;0;0;0;0;0;0;0;0;0;0;0;0;0;1;2;3;0;0;3;0;0;1;0;0;1;0;0;0;2;0;0;0;0;0;0;0;3;1
;;11;Hafmans, H.M.M.;303;3;0;1;2;5;1;0;4;1;0;3;2;0;2;1;3;0;0;0;1;1;1;0;0;0;0;0;0;2;2;1;0;0;0;0;1;2;1;1;1;1;0;0;0;1;0;5;61;114;1;0;0;1;0;1;2;0;0;21;0;0;1;0;0;0;0;1;0;47;0;4;0
;;12;Meziani, A.;114;3;2;1;2;0;6;0;0;1;0;0;6;0;2;7;17;1;0;2;1;6;2;5;4;0;1;1;2;0;0;4;3;0;0;0;0;3;4;6;3;1;1;1;0;0;0;0;0;0;1;0;0;1;0;0;0;0;0;0;0;0;0;7;2;0;3;0;0;0;0;2;0
;;13;Peeters, J.C.M.;47;0;2;0;0;0;0;0;2;0;0;0;0;0;0;0;0;0;0;0;0;0;0;0;0;0;0;0;0;3;2;1;0;1;0;2;0;2;0;0;0;1;0;6;10;8;0;0;0;1;0;0;0;0;0;0;0;0;0;0;0;0;0;0;0;0;1;5;0;0;0;0;0
;;14;Bosch, J.F.J.P.;62;2;0;2;2;2;2;1;3;2;5;5;5;2;8;3;0;1;0;0;0;0;0;0;0;0;0;0;1;0;0;0;1;0;1;0;0;0;1;1;2;0;0;0;1;0;0;0;0;2;3;0;2;0;0;0;1;0;0;0;0;0;0;0;0;0;0;0;0;0;0;0;1
;;15;Alkan, D.;55;1;0;0;0;1;0;0;1;1;0;0;1;0;0;0;25;2;0;2;2;0;0;0;0;0;0;4;0;0;0;9;0;0;0;0;0;0;0;0;0;0;0;0;0;0;0;0;0;0;0;0;0;1;1;0;0;0;0;0;0;0;0;1;2;0;0;0;0;0;0;1;0
;;16;Buil, R.;37;1;0;0;0;0;1;2;0;0;0;0;0;0;2;1;0;0;0;0;1;0;0;0;0;0;0;0;0;0;0;0;0;0;3;6;5;3;1;0;2;2;2;0;0;0;0;0;0;1;0;0;0;0;0;0;2;0;0;0;0;0;0;0;0;0;1;0;0;0;0;0;1
;;17;Setz, R.B.W.;3;1;0;0;0;0;0;0;0;0;0;0;0;0;1;0;0;0;0;0;0;0;0;0;0;0;0;0;0;0;0;0;0;0;0;0;0;0;0;0;0;0;0;0;0;0;0;0;0;0;0;0;0;0;0;0;0;0;0;0;0;0;0;0;0;1;0;0;0;0;0;0;0
;;18;Janssen, G.G.W.;12;0;0;0;0;0;0;0;1;0;0;0;0;0;0;0;0;0;0;1;0;0;1;1;1;1;0;2;0;1;0;0;0;0;0;0;0;0;0;0;0;0;0;0;0;0;1;0;0;0;0;0;0;0;0;0;0;0;0;0;0;0;0;0;0;2;0;0;0;0;0;0;0
;;19;Cuppen, J.P.H.M.;18;0;0;0;0;1;0;0;0;1;0;1;0;0;0;0;0;0;0;1;0;1;0;0;0;0;0;2;0;3;0;0;2;0;2;0;0;0;0;0;0;0;0;0;0;0;0;0;0;0;0;0;0;0;1;3;0;0;0;0;0;0;0;0;0;0;0;0;0;0;0;0;0
;;20;Op de Laak, H.M.E.;21;0;0;0;1;0;0;0;0;0;0;2;0;1;0;1;0;0;0;1;2;2;0;0;0;0;1;2;1;0;3;3;0;0;0;0;0;0;0;0;0;0;0;0;0;0;0;0;0;0;0;0;0;0;0;0;0;0;0;0;0;0;0;0;0;0;0;0;0;0;0;0;1
;;21;Verberk, W.M.A.;18;0;0;1;0;0;0;0;1;0;0;0;0;0;0;0;0;1;0;0;0;0;0;0;0;0;0;0;0;0;0;0;0;0;0;0;0;0;0;0;0;0;0;0;0;0;3;0;0;1;0;1;0;0;0;0;0;0;0;0;2;0;0;0;0;0;1;0;0;0;7;0;0
;;22;Franssen, G.D.G.M.;14;0;1;0;0;0;0;0;1;0;0;3;1;0;1;0;0;0;0;0;0;0;0;0;0;0;0;0;0;0;0;0;0;0;0;0;0;0;0;0;0;0;0;0;0;0;0;0;0;0;0;0;0;3;0;0;0;0;0;0;0;0;0;1;0;0;0;0;0;2;0;0;1
;;23;Doornenbal, J.J.;4;0;0;0;0;0;0;0;0;0;0;0;0;0;0;0;0;0;0;0;0;0;0;0;0;0;0;0;0;0;0;0;0;0;0;0;0;0;0;0;0;1;0;0;0;0;0;0;1;0;0;0;0;0;0;0;0;0;0;0;0;0;0;0;0;0;0;0;0;2;0;0;0
;;24;Kuijer, Th.J.M.;24;0;1;0;0;0;0;0;3;2;1;0;0;0;1;0;0;0;4;0;0;0;0;0;0;1;2;0;0;2;0;0;1;0;0;0;0;0;0;0;0;0;0;0;0;0;0;0;0;0;0;0;0;1;0;0;0;0;0;0;0;0;1;0;0;1;0;0;0;1;0;1;1
;;25;van de Loo, H.P.W.;4;0;0;0;0;0;0;0;0;0;0;0;0;0;0;0;0;0;0;0;0;0;0;0;0;0;0;0;0;0;0;0;1;0;0;0;0;0;0;0;0;0;0;0;0;0;1;0;0;0;0;0;0;0;0;0;0;0;0;0;0;0;0;0;0;0;0;0;0;0;2;0;0
;;26;Hermans, R.J.;14;0;0;0;0;0;0;0;0;0;0;0;0;0;0;0;1;0;1;4;1;0;0;1;0;0;1;0;1;0;0;0;0;0;0;0;0;0;0;0;0;0;0;0;0;0;0;0;0;0;2;0;0;0;0;0;0;0;0;0;0;0;0;0;0;0;0;0;0;0;0;2;0
;;27;Hanegraaff, M.C.;4;0;0;0;0;0;0;0;0;0;0;0;0;0;0;0;0;0;0;0;0;0;0;0;0;0;0;0;0;0;0;0;0;0;0;0;0;0;0;0;0;0;0;0;0;0;0;0;3;1;0;0;0;0;0;0;0;0;0;0;0;0;0;0;0;0;0;0;0;0;0;0;0
;;28;van Zwamen, C.J.M.;17;0;0;0;0;0;0;0;0;0;0;0;0;0;0;0;0;0;0;0;0;2;0;0;4;2;0;1;1;1;1;0;0;0;0;0;0;0;0;0;1;1;0;0;0;0;0;0;0;0;0;0;0;0;0;0;0;0;0;0;0;0;0;0;0;1;0;0;0;0;0;2;0
;;29;van Fessem, H.P.F.C.;1;0;0;0;0;0;0;0;0;0;0;0;0;0;0;0;1;0;0;0;0;0;0;0;0;0;0;0;0;0;0;0;0;0;0;0;0;0;0;0;0;0;0;0;0;0;0;0;0;0;0;0;0;0;0;0;0;0;0;0;0;0;0;0;0;0;0;0;0;0;0;0;0
;;30;Wienhoven, J.F.W.;15;3;0;0;0;0;0;0;5;0;1;3;0;0;0;0;0;0;0;0;0;0;0;0;0;0;0;0;0;0;0;0;0;0;0;2;0;0;0;0;0;0;0;0;0;0;0;0;0;0;0;0;0;0;0;0;0;0;0;0;0;0;0;0;0;0;0;0;0;0;0;0;1
;;31;van Berkum, H.;9;3;0;0;0;0;0;1;0;0;0;1;0;0;1;0;0;0;0;0;0;0;0;0;0;0;0;2;0;0;0;0;0;0;0;0;0;0;0;0;0;0;0;0;0;0;0;0;0;0;0;0;0;0;0;0;0;0;0;0;0;0;0;1;0;0;0;0;0;0;0;0;0
;;32;Schreurs, L.P.H.;9;0;0;3;0;0;0;0;0;0;0;0;0;0;2;0;0;0;0;0;0;0;0;0;0;0;0;0;0;0;0;0;0;0;0;1;0;1;0;0;0;0;0;0;0;0;0;0;0;2;0;0;0;0;0;0;0;0;0;0;0;0;0;0;0;0;0;0;0;0;0;0;0
;;33;Waterborg, H.J.;9;1;1;0;0;1;0;0;0;3;0;0;0;0;0;0;0;1;1;0;0;0;0;0;0;0;0;0;0;0;0;0;0;0;0;0;0;0;0;0;0;0;0;0;0;1;0;0;0;0;0;0;0;0;0;0;0;0;0;0;0;0;0;0;0;0;0;0;0;0;0;0;0
;;34;Teeuwen, J.H.G.M.;24;2;0;4;0;0;0;0;0;0;2;0;0;0;0;1;0;0;0;0;0;0;0;0;0;0;0;1;0;0;0;0;0;0;0;2;0;0;0;0;0;0;3;0;0;0;0;0;3;0;0;0;0;0;0;0;0;0;0;0;0;0;0;1;0;0;2;0;0;0;0;0;3
;;35;Lamers, J.C.W.A.;224;0;1;2;0;1;0;0;1;3;1;2;2;1;2;0;0;0;1;3;1;1;1;1;0;0;1;0;1;2;4;5;3;3;2;6;84;41;1;4;3;7;3;2;0;1;0;1;0;0;2;0;0;3;0;0;1;0;0;0;0;0;0;2;0;2;10;3;0;0;1;0;2
3;VVD;;;3844;131;105;91;16;46;20;134;189;152;111;126;54;25;136;37;24;42;41;82;48;31;23;18;29;44;38;66;38;383;64;37;58;34;87;52;73;77;38;25;17;21;21;18;39;35;90;12;36;85;17;3;4;23;6;58;33;9;2;19;16;12;52;40;13;129;25;11;8;23;22;44;76
;;1;Bastiaans, L.H.;1204;41;31;32;8;17;4;50;74;62;31;42;23;7;61;14;11;20;22;21;9;8;8;6;16;13;10;21;11;29;15;18;25;13;27;29;29;30;14;12;9;9;8;1;10;6;27;4;8;39;6;1;4;12;3;2;11;0;1;4;1;3;21;17;7;15;3;3;2;10;6;6;31
;;2;Simons, I.A.W.;400;15;5;10;0;8;5;8;22;15;18;12;4;7;21;4;2;3;4;4;8;1;3;0;2;7;3;3;4;7;1;1;5;4;20;3;7;13;3;1;0;1;5;12;24;21;6;0;0;4;3;0;0;4;1;2;3;9;0;3;1;0;8;3;2;1;4;5;0;1;2;4;8
;;3;Bastiaens, P.T.J.;110;7;6;2;1;4;3;9;9;5;4;4;2;0;5;0;2;1;1;1;1;0;1;0;0;0;1;3;4;6;4;1;5;2;2;0;0;0;0;0;0;0;0;0;0;0;2;0;0;0;1;0;0;2;0;2;0;0;0;0;0;0;1;1;0;1;0;0;0;1;0;0;3
;;4;Rutten, J.M.R.;599;2;0;3;0;2;0;7;2;3;3;10;0;0;0;2;1;2;1;18;6;10;7;6;4;9;12;25;6;259;13;3;4;0;4;2;1;3;0;0;0;0;1;0;0;2;1;1;2;2;1;2;0;0;2;43;0;0;0;2;0;2;3;4;1;88;2;1;0;1;1;7;0
;;5;den Biesen, M.H.A.M.;107;6;8;1;0;0;0;13;6;8;10;10;0;1;6;0;0;1;0;1;0;0;0;0;1;1;0;0;0;3;0;0;0;0;3;0;0;1;0;0;0;0;0;2;0;1;1;0;0;0;1;0;0;2;0;0;2;0;1;1;1;0;1;1;0;1;1;0;4;0;0;2;5
;;6;Walda, M.B.J.;235;26;25;4;1;1;1;16;10;5;5;4;8;2;11;2;1;2;0;18;8;3;0;2;4;0;4;4;4;10;0;1;1;3;1;0;0;3;3;0;0;0;2;0;2;2;0;0;1;1;1;0;0;0;0;0;0;0;0;1;0;2;4;5;1;4;0;1;0;2;0;11;2
;;7;Groot, N;38;1;0;0;0;1;0;1;3;4;0;0;0;0;0;0;0;0;0;1;2;0;0;0;0;0;0;0;0;0;0;2;0;0;1;2;1;0;0;0;0;0;0;0;1;1;1;0;0;0;0;0;0;0;0;8;0;0;0;0;0;0;1;0;0;2;1;0;0;0;0;4;0
;;8;Keunen, F.L.J.M.;144;2;2;4;0;2;0;2;3;1;1;3;0;0;2;0;0;0;1;2;2;2;0;1;0;1;1;2;0;51;26;0;0;0;0;2;0;1;0;0;0;0;0;0;0;0;2;5;2;3;0;0;0;0;0;0;0;0;0;0;0;0;0;2;0;13;0;0;0;2;0;0;1
;;9;Bongarts, O.J.C.D.;106;5;3;0;0;2;0;5;1;0;0;0;1;0;0;0;0;0;0;1;0;0;0;2;0;4;0;1;0;0;0;0;1;0;1;0;0;0;0;0;1;1;0;0;0;0;40;1;0;0;0;0;0;2;0;0;0;0;0;1;13;0;1;0;0;0;0;0;2;1;13;0;3
;;10;Thenu, C.E.H.;120;9;8;2;1;2;0;7;1;15;9;13;4;0;4;3;1;3;1;1;0;0;0;0;0;0;0;0;1;0;0;2;6;0;1;0;0;1;1;0;0;0;0;0;0;2;1;0;0;3;2;0;0;0;0;0;0;0;0;0;0;0;2;4;2;0;1;0;0;0;0;0;7
;;11;Stroeken, G.J.M.;86;0;4;1;2;0;0;0;8;7;6;16;1;1;6;0;3;1;2;1;0;2;0;0;0;0;1;1;0;2;0;3;0;0;0;0;1;1;0;0;0;0;0;0;0;0;3;0;1;3;0;0;0;0;0;1;0;0;0;0;0;0;4;0;0;0;0;0;0;0;0;0;4
;;12;Munten, C.W.;30;1;0;1;1;0;0;1;2;0;2;2;0;2;0;3;1;3;1;1;0;0;0;0;0;0;0;1;0;0;0;0;1;0;0;0;0;0;0;0;0;0;0;2;0;0;2;0;0;0;0;0;0;0;0;0;0;0;0;2;0;0;0;0;0;0;1;0;0;0;0;0;0
;;13;van Heukelom, M.M.E.J.;54;0;0;6;0;0;3;1;7;1;3;0;5;1;2;2;0;0;2;0;0;0;0;0;0;0;1;2;0;6;0;4;2;0;1;0;0;0;0;0;0;0;0;0;0;0;0;0;0;1;0;0;0;0;0;0;0;0;0;0;0;0;0;0;0;0;2;0;0;0;0;0;2
;;14;Leenen, T.J.P.;96;1;2;1;2;0;0;6;1;1;2;1;2;0;1;1;0;1;0;0;2;0;1;0;0;4;0;0;0;0;2;0;0;7;6;6;4;8;10;3;3;2;1;0;0;0;1;0;0;0;1;0;0;0;0;0;9;0;0;0;0;0;2;0;0;0;2;0;0;0;0;0;0
;;15;Wijnands, R.M.J.;11;0;0;0;0;0;0;0;0;1;0;0;0;0;0;0;0;0;0;0;0;0;0;0;0;0;0;0;0;0;0;0;0;0;0;0;0;0;0;0;0;0;0;0;0;0;0;0;4;4;0;0;0;0;0;0;0;0;0;2;0;0;0;0;0;0;0;0;0;0;0;0;0
;;16;Ewalds, A.J.G.;36;1;0;0;0;0;0;0;0;0;0;0;0;0;0;0;0;0;0;2;2;0;0;0;0;2;0;0;0;2;0;0;0;0;1;0;11;6;2;0;0;0;0;0;0;0;0;0;0;1;0;0;0;0;0;0;3;0;0;0;0;1;0;0;0;0;2;0;0;0;0;0;0
;;17;Clabbers, S.F.J.;67;0;1;0;0;0;0;0;1;0;0;4;0;0;0;0;1;0;0;0;0;0;0;1;0;0;0;0;0;1;0;0;1;3;10;7;10;6;4;4;2;1;2;1;0;0;0;0;0;0;0;0;0;0;0;0;4;0;0;0;0;0;0;1;0;0;2;0;0;0;0;0;0
;;18;Caris, N.P.W.;79;2;0;4;0;0;0;3;4;0;4;0;0;2;4;2;0;0;0;0;0;0;0;0;0;0;1;0;1;0;0;0;0;0;2;0;1;0;0;0;1;3;0;0;2;0;1;1;16;15;0;0;0;0;0;0;0;0;0;3;0;0;0;0;0;0;0;0;0;5;0;2;0
;;19;Joosten, P.F.A;46;4;1;2;0;0;2;1;2;4;1;2;2;0;2;0;0;1;1;0;1;1;1;0;0;3;2;1;1;0;1;1;0;1;0;0;1;0;0;1;0;1;0;0;0;0;0;0;0;1;0;0;0;0;0;0;0;0;0;0;0;0;1;0;0;1;1;0;0;0;0;0;1
;;20;Fokkens, G.P.L.;21;0;0;0;0;2;0;1;0;1;0;1;0;0;0;0;0;0;0;0;0;0;0;0;0;0;0;0;0;0;0;0;0;0;4;0;6;0;1;0;1;0;0;0;0;0;0;0;0;0;0;0;0;1;0;0;1;0;0;0;0;0;0;0;0;0;2;0;0;0;0;0;0
;;21;Decker, G.A.H.M.;51;3;1;3;0;0;0;0;7;1;5;0;0;0;2;0;0;0;0;5;2;1;0;0;0;0;0;1;3;1;0;0;2;0;0;0;0;0;0;0;0;0;0;0;0;0;0;0;0;1;0;0;0;0;0;0;0;0;0;0;0;4;0;0;0;1;0;1;0;0;0;7;0
;;22;Houben, J.H.T.;19;0;0;0;0;0;1;0;2;3;3;0;1;0;0;0;0;0;0;0;1;0;0;0;0;0;0;0;0;0;0;0;0;1;1;0;0;0;0;0;0;0;1;0;0;0;0;0;0;4;0;0;0;0;0;0;0;0;0;0;0;0;0;0;0;0;0;0;0;0;0;1;0
;;23;Aerts, J.W.J.;50;0;3;0;0;1;0;0;18;5;2;0;0;0;3;2;0;2;1;0;1;0;0;0;0;0;0;0;0;0;0;1;3;0;0;0;0;0;0;1;0;0;0;0;0;0;0;0;0;2;0;0;0;0;0;0;0;0;0;0;0;0;2;1;0;1;0;0;0;0;0;0;1
;;24;van Vught, H.;16;0;0;0;0;0;0;0;0;0;0;0;0;0;0;0;0;0;2;3;1;2;2;0;0;0;1;1;1;1;2;0;0;0;0;0;0;0;0;0;0;0;0;0;0;0;0;0;0;0;0;0;0;0;0;0;0;0;0;0;0;0;0;0;0;0;0;0;0;0;0;0;0
;;25;de Kievit, H.W.J.M;22;1;2;0;0;0;0;1;1;5;0;1;0;2;0;0;0;1;0;0;0;0;0;0;1;0;0;0;0;0;0;0;1;0;1;0;0;1;0;0;0;0;1;0;0;0;0;0;0;0;0;0;0;0;0;0;0;0;0;0;0;0;0;0;0;0;0;0;0;0;0;0;3
;;26;Versleijen, R.J.M.;97;4;3;15;0;4;1;2;5;5;2;1;1;0;6;2;1;1;2;2;2;1;0;0;1;0;1;0;2;5;0;0;1;0;1;1;1;3;0;3;0;3;0;0;0;0;2;0;2;1;1;0;0;0;0;0;0;0;0;0;0;0;1;1;0;1;1;0;0;0;0;0;5
4;Partij van de Arbeid (P.v.d.A.);;;4770;199;113;111;70;112;69;96;119;152;80;171;133;81;63;113;122;87;76;135;83;60;62;39;75;64;101;129;48;87;45;106;94;23;68;56;79;108;51;63;55;56;44;13;26;33;91;8;37;63;18;2;3;67;12;23;28;5;4;13;41;38;87;98;36;28;55;13;4;20;62;58;86
;;1;Boom, E.;2211;117;56;52;32;49;26;59;67;78;50;96;72;28;30;58;49;40;32;82;30;26;17;10;29;31;45;46;30;47;18;58;42;8;34;31;37;34;22;19;20;18;16;2;9;17;16;4;14;31;10;1;1;36;6;8;12;2;3;7;6;19;50;49;8;13;26;6;2;9;10;35;58
;;2;Özalp, A.;656;28;22;21;14;23;11;13;13;20;15;22;17;15;10;16;25;5;16;8;7;8;8;3;4;7;7;28;3;11;2;12;15;3;11;7;21;14;6;14;9;9;11;4;4;8;5;1;5;11;3;0;0;11;0;5;5;1;0;1;4;0;12;10;3;5;12;1;1;2;4;1;3
;;3;Janssen, H.A.M.H.;376;7;2;4;3;1;3;3;2;3;1;12;2;2;0;1;2;4;2;27;24;14;17;5;15;10;29;13;5;14;19;0;7;1;2;1;5;27;4;2;3;4;1;0;0;1;0;0;2;1;0;0;1;2;3;6;1;0;0;0;0;7;1;8;12;6;3;1;0;1;1;9;7
;;4;Vercoulen, H.M.H.;88;2;2;0;2;11;1;0;3;10;2;5;0;0;1;1;0;2;2;3;1;2;1;3;2;2;0;1;0;3;1;2;0;1;0;1;0;0;0;0;0;3;2;0;2;0;0;0;1;2;0;0;0;2;0;0;0;0;0;0;0;2;2;4;0;0;0;0;0;0;0;0;1
;;5;Spijksma, J.C.G.;103;6;6;6;1;2;2;6;3;3;2;7;4;3;2;2;0;6;1;0;1;0;0;0;0;2;2;5;0;0;0;1;12;0;0;2;0;0;0;2;1;1;0;0;0;0;0;0;0;0;0;0;0;0;0;0;1;0;0;0;0;0;7;2;0;0;0;0;0;0;0;0;2
;;6;Addarrazi, M.;339;8;6;1;6;2;16;0;1;1;0;7;9;10;7;9;34;7;3;5;4;1;10;11;18;5;0;16;0;0;1;15;5;5;1;4;4;11;13;10;6;11;3;5;3;0;0;0;0;4;3;0;0;9;0;0;1;0;0;1;0;5;3;7;7;0;2;0;0;0;0;3;0
;;7;Pingen, D.P.;172;6;4;2;3;2;3;2;5;8;2;3;10;0;0;19;6;13;5;2;4;1;1;1;1;0;3;3;1;2;0;5;4;0;3;2;1;8;2;0;5;2;1;0;1;0;0;1;3;1;1;0;0;6;0;0;0;0;0;0;0;1;1;3;0;1;4;1;1;1;0;0;1
;;8;Clabbers, R.J.A.;105;4;3;5;3;3;1;0;1;3;3;6;2;0;3;2;0;1;0;4;1;0;3;2;1;0;3;1;0;1;1;4;3;0;4;0;1;4;1;3;3;0;3;0;2;0;0;0;0;0;0;0;1;0;1;0;0;1;0;0;0;1;2;5;1;2;1;1;0;2;1;1;0
;;9;Haanen, I.H.M.;65;4;1;3;0;1;0;1;0;2;0;2;1;0;1;1;0;0;0;1;3;1;0;0;0;1;0;4;3;0;0;2;0;2;5;3;0;1;0;6;6;1;1;0;0;1;0;0;0;0;0;0;0;0;1;0;1;1;0;0;0;0;0;0;0;0;0;0;0;0;1;0;3
;;10;Ammari, L.;95;9;2;5;0;1;0;0;8;6;0;5;4;0;1;1;0;5;4;0;0;2;2;1;1;1;2;0;0;3;0;1;1;1;0;1;0;1;2;1;0;2;2;0;0;1;1;0;2;4;1;1;0;0;0;0;0;0;0;0;0;0;1;2;0;0;2;0;0;1;1;1;2
;;11;van Marcke, F.A.F.M.;184;0;3;3;2;7;0;1;1;0;0;0;0;0;1;0;1;0;1;2;0;1;0;0;0;0;1;2;0;0;0;0;0;0;0;0;2;0;0;0;1;0;1;0;0;0;69;1;3;2;0;0;0;0;0;0;0;0;0;1;30;0;1;2;0;0;0;0;0;1;43;0;1
;;12;Geeraets, K.;17;0;0;0;0;0;0;1;0;1;0;0;0;0;0;0;0;0;0;0;0;3;0;3;0;0;2;4;1;0;0;1;0;0;0;0;0;0;0;0;0;0;0;0;0;0;0;0;0;0;0;0;0;0;0;0;0;0;0;0;0;0;0;0;0;0;0;0;0;0;0;1;0
;;13;Leunissen, J.R.;76;0;0;4;0;2;1;5;0;5;0;1;5;21;2;0;1;0;5;0;0;0;0;0;0;1;4;0;1;2;2;1;0;0;0;0;0;1;0;0;0;0;0;0;0;0;0;0;0;0;0;0;0;0;0;0;0;0;0;0;0;0;6;0;2;0;0;0;0;0;0;0;4
;;14;Testroote, A.P.J.;16;0;0;0;0;1;0;0;1;0;0;0;0;0;0;0;1;0;0;0;0;0;0;0;0;0;0;0;1;0;0;0;0;0;0;0;0;0;0;0;0;0;0;2;5;0;0;0;0;1;0;0;0;0;0;0;0;0;0;0;0;0;0;0;1;0;0;3;0;0;0;0;0
;;15;Kempen, J.P.A.;2;0;0;0;0;0;0;0;0;1;0;0;0;0;0;0;0;0;0;0;0;0;0;0;0;0;0;0;0;0;0;0;0;0;0;0;0;0;0;0;0;1;0;0;0;0;0;0;0;0;0;0;0;0;0;0;0;0;0;0;0;0;0;0;0;0;0;0;0;0;0;0;0
;;16;Kavermann, B.;22;2;0;0;0;0;0;0;0;0;0;0;0;0;0;0;0;1;0;0;0;0;0;0;0;0;0;0;0;0;0;0;0;1;2;1;5;0;0;2;1;1;0;0;0;0;0;0;0;0;0;0;0;0;0;0;4;0;0;0;0;0;0;0;0;0;2;0;0;0;0;0;0
;;17;Testroote, M.C.T.;4;0;0;0;1;0;0;0;0;0;0;0;0;0;0;0;0;0;1;0;0;0;0;0;0;1;0;0;0;0;0;0;0;0;0;0;0;0;0;0;0;0;0;0;0;1;0;0;0;0;0;0;0;0;0;0;0;0;0;0;0;0;0;0;0;0;0;0;0;0;0;0;0
;;18;Hovens, A.J.L.;18;0;0;1;0;0;0;0;0;0;1;0;0;0;0;0;1;0;1;0;0;0;0;0;0;1;0;0;0;1;0;0;0;0;1;1;0;2;0;1;0;0;1;0;0;1;0;0;0;1;0;0;0;1;1;0;1;0;0;0;0;0;0;0;0;0;1;0;0;0;0;0;0
;;19;Teeuwen, A.J.L.T.;15;0;0;1;1;0;0;0;0;0;1;0;1;0;0;0;1;0;0;0;0;0;0;0;0;0;0;0;0;0;0;0;1;0;2;1;1;1;1;2;0;0;0;0;0;0;0;0;0;0;0;0;0;0;0;0;0;0;0;0;0;0;0;1;0;0;0;0;0;0;0;0;0
;;20;Theeuwen - Verkoeijen, R.A.N.H.;38;2;3;0;0;1;0;0;0;4;3;2;1;1;2;0;0;1;1;1;4;1;1;0;0;0;1;1;1;0;0;2;0;0;0;0;0;0;0;1;0;0;0;0;0;0;0;0;0;0;0;0;0;0;0;2;0;0;0;0;0;0;0;1;0;0;0;0;0;0;0;0;1
;;21;de Haan, C.W.;9;0;0;0;1;0;0;0;3;0;0;0;0;0;0;0;0;2;0;0;0;0;0;0;2;0;0;0;0;0;0;0;1;0;0;0;0;0;0;0;0;0;0;0;0;0;0;0;0;0;0;0;0;0;0;0;0;0;0;0;0;0;0;0;0;0;0;0;0;0;0;0;0
;;22;Liebregts, J.H.J.M.;11;1;0;0;0;1;0;0;0;0;0;0;1;0;0;1;0;0;1;0;0;0;0;0;0;1;0;0;0;0;1;0;0;0;0;0;0;0;0;0;0;0;0;0;0;0;0;0;0;0;0;0;0;0;0;2;0;0;0;0;0;0;0;0;1;0;0;0;0;0;0;0;1
;;23;Strelitski, D.;5;0;0;0;0;0;0;0;0;0;0;0;0;0;0;0;0;0;0;0;0;0;0;0;0;0;0;0;0;0;0;0;0;0;0;0;0;0;0;0;0;0;0;0;0;0;0;0;0;3;0;0;0;0;0;0;0;0;1;0;0;0;0;0;0;0;0;0;0;1;0;0;0
;;24;Tax, V.E.R.;143;3;3;3;1;5;5;5;11;7;0;3;4;1;3;2;1;0;1;0;4;0;2;0;2;1;2;5;2;3;0;2;3;1;3;1;2;4;0;0;0;3;2;0;0;3;0;1;7;2;0;0;0;0;0;0;2;0;0;3;1;3;1;4;1;1;2;0;0;2;1;7;2
5;PVV (Partij voor de Vrijheid);;;2401;55;30;53;47;45;68;24;70;43;26;28;62;18;42;46;66;46;37;61;44;42;38;38;37;48;62;94;38;43;24;18;22;44;47;40;70;55;34;38;56;38;59;26;19;30;37;9;27;41;5;0;3;12;16;13;10;9;1;10;11;24;28;27;18;16;19;12;4;12;20;23;23
;;1;Fijnje, D.A.;1225;18;12;31;21;26;26;14;26;21;15;17;28;7;20;20;31;22;17;34;21;18;12;23;16;31;22;32;16;21;20;7;8;24;28;28;44;34;20;26;30;21;40;24;17;14;13;3;10;22;2;0;2;7;9;8;7;6;1;5;6;11;16;15;7;11;9;9;4;6;8;10;15
;;2;Donders, D.W.;354;10;2;10;8;4;13;2;18;4;5;6;9;7;8;6;12;7;7;9;9;8;14;3;17;8;13;20;10;6;4;4;2;0;4;1;7;4;2;1;3;1;1;0;0;2;2;1;5;5;1;0;0;4;2;1;0;2;0;2;1;3;6;2;7;3;4;2;0;2;2;5;1
;;3;Valize, J.J.T.M.;188;4;3;3;12;3;10;1;3;7;1;0;14;0;2;8;8;7;0;6;4;7;2;0;1;2;6;17;2;2;0;4;7;2;1;0;1;0;0;3;2;1;3;0;0;0;1;0;6;1;0;0;1;0;1;0;0;1;0;1;0;4;1;7;1;0;0;1;0;1;0;1;1
;;4;Hoks, F.J.R.;30;1;0;1;0;0;0;0;4;0;1;1;0;0;0;1;1;0;1;1;2;1;2;2;0;0;0;0;0;0;0;0;1;1;0;0;2;1;0;0;2;0;0;0;0;0;0;0;0;0;0;0;0;0;1;0;0;0;0;0;0;0;0;0;0;0;0;0;0;0;0;3;0
;;5;Westheim, H.J.C.;156;3;0;2;0;2;5;0;0;0;0;0;0;1;2;0;0;1;2;0;0;1;0;1;1;1;0;3;1;0;0;0;1;13;8;11;13;11;12;7;13;10;13;1;2;4;0;3;0;0;0;0;0;0;0;0;2;0;0;1;0;1;0;0;0;0;2;0;0;0;0;2;0
;;6;van Strien, G.A.;55;3;0;1;2;0;0;1;0;1;0;0;1;1;0;0;1;0;1;0;0;0;0;0;0;0;1;0;0;1;0;0;0;0;0;0;1;0;0;0;2;0;0;0;0;0;18;0;0;5;0;0;0;0;0;0;0;0;0;0;4;0;0;0;0;0;2;0;0;1;8;0;0
;;7;Helder, L.M.J.S.;393;16;13;5;4;10;14;6;19;10;4;4;10;2;10;11;13;9;9;11;8;7;8;9;2;6;20;22;9;13;0;3;3;4;6;0;2;5;0;1;4;5;2;1;0;10;3;2;6;8;2;0;0;1;3;4;1;0;0;1;0;5;5;3;3;2;2;0;0;2;2;2;6
6;GROENLINKS;;;3872;165;130;148;67;81;64;72;101;116;95;129;119;37;111;67;65;75;65;71;55;38;36;42;43;46;51;78;41;60;34;78;63;22;49;63;35;99;34;45;34;27;55;17;12;19;158;14;36;90;23;2;2;44;22;10;22;3;0;10;37;40;47;57;20;20;42;3;4;24;52;62;74
;;1;Janssen, W.R.L.;864;29;16;27;18;12;13;16;20;16;10;15;25;10;18;8;10;8;10;11;10;10;3;3;6;11;8;17;12;16;11;18;9;9;9;6;9;20;10;15;10;9;6;2;3;6;120;6;12;30;2;0;0;8;2;0;2;1;0;6;25;7;8;9;2;8;9;0;0;8;37;12;10
;;2;Pollux-Linssen, M.P.A.G.;1352;71;53;58;25;35;15;41;35;57;43;84;47;11;48;18;16;37;37;33;23;13;7;8;10;12;11;20;16;23;9;24;21;4;18;22;12;32;6;7;10;4;11;8;5;4;13;6;9;26;10;1;1;13;8;7;6;2;0;3;5;4;17;25;7;9;10;1;1;6;4;22;32
;;3;Buskes, W.P.M.;256;13;10;9;7;4;5;4;19;8;21;4;6;1;13;1;7;4;4;5;5;1;2;3;0;4;2;1;0;2;0;2;6;0;1;4;1;7;2;4;0;1;2;1;0;0;3;0;2;10;1;0;0;2;0;1;1;0;0;1;0;1;6;3;1;0;4;1;0;2;0;8;13
;;4;Çakmak, A.H.;281;1;5;4;1;6;15;0;0;3;1;2;7;6;2;1;7;5;0;7;3;5;20;16;15;3;9;16;3;3;7;5;3;2;3;4;1;1;0;3;1;1;18;3;0;1;0;1;0;2;2;0;0;1;6;0;6;0;0;0;2;19;5;2;8;0;3;0;0;1;1;2;1
;;5;Frings, L.C.M.;48;0;2;1;1;1;0;0;4;0;0;0;2;0;1;0;0;0;0;0;1;0;0;0;0;2;1;0;0;0;0;1;0;0;0;0;0;0;0;0;0;0;0;0;0;1;16;0;2;2;0;1;0;0;0;0;0;0;0;0;3;0;0;1;0;0;0;0;0;0;5;0;0
;;6;Joosten, J.L.C;413;23;25;18;7;4;5;4;9;7;6;7;14;3;10;20;16;7;7;6;2;3;1;2;7;5;7;11;3;5;2;22;12;0;9;6;3;16;3;4;4;3;5;2;1;3;2;1;7;6;5;0;0;11;2;0;2;0;0;0;0;4;2;5;0;2;5;0;0;2;5;7;6
;;7;Neumann, M.J.;19;1;0;1;0;0;0;0;1;0;0;0;1;0;2;0;0;0;0;0;1;0;0;0;1;0;1;0;0;2;0;0;0;1;0;0;0;1;0;0;0;0;2;0;0;0;0;0;0;0;0;0;0;2;0;0;1;0;0;0;0;0;0;0;0;0;0;0;0;0;0;1;0
;;8;van der Leeuw, W.A.M.;116;7;0;1;2;2;3;0;0;5;2;3;1;1;5;4;3;2;0;5;1;2;0;1;3;1;5;5;3;2;0;1;2;0;0;0;3;0;0;1;2;0;1;0;1;1;2;0;0;3;0;0;0;0;2;1;0;0;0;0;1;3;3;4;1;0;2;0;0;1;0;7;5
;;9;van Eijck, H.J.M.;36;3;1;1;2;0;1;1;3;1;3;0;1;0;0;0;0;0;0;1;0;0;1;0;0;0;0;0;0;1;0;1;1;0;0;0;0;0;0;0;1;2;0;0;0;0;0;0;1;3;1;0;0;0;0;0;0;0;0;0;0;0;0;2;0;0;0;0;0;1;0;2;1
;;10;Ewals, G.M.H.T.;112;5;4;2;1;1;0;2;1;2;1;0;2;1;1;3;0;2;1;2;0;0;0;0;0;1;0;2;0;0;0;0;2;4;4;9;1;16;7;4;4;4;4;0;1;2;0;0;0;1;1;0;1;0;0;0;2;0;0;0;1;0;3;1;0;0;5;1;0;0;0;0;0
;;11;Janssen, A.A.J.M.;125;4;6;6;0;5;3;0;9;9;4;5;5;2;5;5;0;4;5;0;2;0;0;1;0;0;5;2;2;2;2;1;2;0;1;4;1;3;3;2;1;0;0;0;0;0;0;0;2;3;1;0;0;4;0;0;0;0;0;0;0;1;1;1;0;0;0;0;1;0;0;0;0
;;12;Geelen, H.W.M.;17;0;0;4;0;0;0;1;0;1;0;1;3;0;0;1;1;0;0;0;0;0;0;0;0;0;0;0;0;0;0;0;1;0;1;0;0;0;0;0;0;0;0;0;0;0;0;0;0;0;0;0;0;0;1;0;0;0;0;0;0;0;0;1;0;0;0;0;0;0;0;0;1
;;13;Schepens, D.M.A.;6;0;0;0;0;1;0;0;0;0;0;0;0;0;0;0;0;0;0;0;0;0;0;0;0;2;0;0;0;0;0;0;0;0;0;1;0;0;0;0;0;1;1;0;0;0;0;0;0;0;0;0;0;0;0;0;0;0;0;0;0;0;0;0;0;0;0;0;0;0;0;0;0
;;14;Elt-Holla, H.F.P.;50;2;2;3;1;1;0;0;0;0;0;4;1;0;5;0;0;0;0;1;1;2;1;0;0;3;0;0;1;1;0;0;0;1;0;4;4;1;3;1;0;1;2;0;0;0;0;0;0;0;0;0;0;0;0;0;1;0;0;0;0;0;1;1;0;0;0;0;0;0;0;1;0
;;15;van Remortel, A.B.P.M.;20;1;4;3;1;0;2;0;0;0;1;1;0;0;0;1;0;0;0;0;0;0;1;1;0;0;1;0;0;0;0;0;0;0;0;1;0;0;0;0;0;0;0;0;0;0;0;0;0;0;0;0;0;0;0;0;0;0;0;0;0;0;0;0;1;0;0;0;0;0;0;0;1
;;16;van Tulder, M.A.T.M.;16;1;0;0;0;4;0;0;0;1;0;0;0;0;0;0;2;0;1;0;0;0;0;0;0;0;0;0;0;0;2;0;0;0;0;0;0;0;0;0;0;0;0;0;0;0;0;0;0;0;0;0;0;1;0;0;0;0;0;0;0;0;0;0;0;1;1;0;0;1;0;0;1
;;17;Spitz, R.A.F.;7;0;0;0;0;0;1;0;0;0;0;0;0;0;0;0;1;1;0;0;0;0;0;0;0;0;0;0;0;0;0;3;0;0;1;0;0;0;0;0;0;0;0;0;0;0;0;0;0;0;0;0;0;0;0;0;0;0;0;0;0;0;0;0;0;0;0;0;0;0;0;0;0
;;18;Böhlke, A.M.;26;2;0;3;0;1;1;1;0;0;0;1;0;0;0;1;1;2;0;0;0;1;0;5;0;0;0;0;0;0;0;0;0;0;0;1;0;0;0;0;0;1;0;0;0;0;0;0;1;0;0;0;0;1;1;0;0;0;0;0;0;1;0;1;0;0;0;0;0;0;0;0;0
;;19;Lafleur, H.L.M.T.;5;0;0;0;0;1;0;1;0;0;0;0;0;0;0;0;0;0;0;0;0;0;0;0;0;0;0;0;0;0;0;0;1;0;0;0;0;0;0;0;0;0;0;1;0;0;0;0;0;0;0;0;0;0;0;0;0;0;0;0;0;0;0;0;0;0;0;0;0;0;0;0;1
;;20;Bettinger, B.J.M.;14;0;1;2;0;0;0;0;0;0;0;0;0;0;0;2;0;0;0;0;5;0;0;1;0;0;0;0;0;0;0;0;0;0;0;0;0;0;0;0;0;0;0;0;0;0;0;0;0;0;0;0;0;0;0;1;0;0;0;0;0;0;0;0;0;0;1;0;0;1;0;0;0
;;21;Peters, N.;15;0;1;0;0;0;0;0;0;3;1;1;0;2;1;0;0;1;0;0;0;1;0;0;0;0;0;0;0;0;0;0;1;1;0;1;0;0;0;0;0;0;0;0;0;0;0;0;0;0;0;0;0;0;0;0;0;0;0;0;0;0;1;0;0;0;0;0;0;0;0;0;0
;;22;Janzing, H.M.J.;14;0;0;0;0;0;0;0;0;1;0;0;0;0;0;2;0;0;0;0;0;0;0;0;0;0;1;0;0;2;0;0;0;0;1;0;0;1;0;2;0;0;2;0;1;1;0;0;0;0;0;0;0;0;0;0;0;0;0;0;0;0;0;0;0;0;0;0;0;0;0;0;0
;;23;Faassen, R.M.W.;8;0;0;0;0;0;0;0;0;0;0;0;0;0;0;0;0;1;0;0;0;0;0;0;0;0;0;0;0;0;0;0;1;0;0;0;0;0;0;2;0;0;0;0;0;0;0;0;0;0;0;0;0;0;0;0;1;0;0;0;0;0;0;0;0;0;2;0;0;1;0;0;0
;;24;Freij, P.C.M.;18;0;0;2;1;2;0;0;0;2;0;0;1;0;0;0;1;1;0;0;0;0;0;0;0;0;0;0;1;1;1;0;0;0;0;0;0;1;0;0;0;0;0;0;0;0;1;0;0;1;0;0;0;1;0;0;0;0;0;0;0;0;0;1;0;0;0;0;0;0;0;0;0
;;25;Hendrickx, C.W.M.;34;2;0;3;0;1;0;1;0;0;2;1;3;0;0;0;0;0;0;0;1;0;0;1;1;2;0;4;0;0;0;0;1;0;1;0;0;0;0;0;1;0;1;0;0;0;1;0;0;3;0;0;0;0;0;0;0;0;0;0;0;0;0;0;0;0;0;0;2;0;0;0;2
7;50PLUS;;;679;7;8;9;14;13;13;14;6;10;5;15;15;2;11;8;15;15;8;14;13;5;12;11;10;17;10;31;19;10;5;9;11;20;15;15;28;18;11;7;12;16;6;3;2;3;9;3;10;16;1;1;3;3;5;2;8;3;1;2;3;7;6;17;7;0;15;0;1;8;8;5;14
;;1;Kroonstuiver, N.L.D.;502;5;5;9;12;10;11;13;6;10;5;11;7;2;9;5;15;9;8;11;8;4;9;9;8;8;6;18;13;7;5;9;11;7;9;10;16;9;7;4;12;14;4;3;2;3;9;2;10;14;1;1;3;2;3;2;6;2;1;2;3;3;4;15;6;0;12;0;0;6;5;2;10
;;2;Berzsenyi, D.J.F.;57;0;0;0;0;0;0;0;0;0;0;0;1;0;0;0;0;2;0;0;2;0;0;1;0;0;1;0;1;0;0;0;0;10;5;2;8;7;3;3;0;1;1;0;0;0;0;1;0;0;0;0;0;0;0;0;1;1;0;0;0;2;1;1;0;0;2;0;0;0;0;0;0
;;3;Wissingh, H.A.;40;0;0;0;1;0;0;0;0;0;0;0;0;0;2;0;0;0;0;1;2;0;3;0;0;1;3;8;3;1;0;0;0;0;1;0;3;1;1;0;0;1;0;0;0;0;0;0;0;1;0;0;0;0;1;0;0;0;0;0;0;0;0;0;0;0;0;0;1;0;0;2;3
;;4;Alberts-Trienes, M.L.M.;62;2;3;0;1;3;2;0;0;0;0;4;7;0;0;2;0;2;0;1;1;1;0;1;2;4;0;3;2;1;0;0;0;3;0;2;1;1;0;0;0;0;1;0;0;0;0;0;0;0;0;0;0;1;1;0;1;0;0;0;0;0;1;1;1;0;1;0;0;1;2;1;1
;;5;Alberts, W.J.;18;0;0;0;0;0;0;1;0;0;0;0;0;0;0;1;0;2;0;1;0;0;0;0;0;4;0;2;0;1;0;0;0;0;0;1;0;0;0;0;0;0;0;0;0;0;0;0;0;1;0;0;0;0;0;0;0;0;0;0;0;2;0;0;0;0;0;0;0;1;1;0;0
8;D66;;;2648;71;80;65;37;67;24;75;86;118;59;122;62;17;58;87;37;44;50;61;36;15;25;11;28;25;32;44;25;74;25;75;57;27;54;45;51;71;25;23;16;13;32;19;11;24;34;5;11;61;31;1;4;38;4;15;19;5;0;13;6;23;45;34;12;24;19;6;1;30;15;25;64
;;1;Maessen, R.J.M.;992;21;35;17;14;29;13;33;27;57;22;62;18;5;27;20;5;13;25;26;12;5;4;3;5;3;12;14;12;27;11;19;26;5;14;12;28;27;7;4;3;4;7;9;2;7;14;5;10;27;11;1;3;21;0;9;4;3;0;3;6;8;17;12;8;9;8;4;0;16;6;7;29
;;2;Billekens-Dorssers, M.G.W.M.;645;22;17;21;13;18;3;26;42;32;15;31;22;0;14;9;6;13;13;14;7;2;6;2;1;2;7;12;7;17;4;11;19;4;18;13;9;17;3;5;2;3;6;2;3;7;13;0;1;19;6;0;1;4;2;3;5;0;0;1;0;5;14;9;0;3;2;0;1;5;5;6;20
;;3;Vervuurt, M.;111;5;5;7;1;1;1;1;2;4;2;2;2;0;1;8;3;3;1;4;0;0;0;0;1;2;2;2;0;2;0;4;2;0;1;1;0;8;3;2;0;1;1;1;0;1;2;0;0;2;3;0;0;2;1;0;1;0;0;2;0;0;3;4;0;1;0;0;0;1;1;0;1
;;4;Stocks, M.H.D.;76;3;0;1;3;2;0;0;0;3;0;1;4;4;1;0;0;0;2;0;0;0;0;0;2;0;0;0;0;0;1;0;1;10;4;3;6;1;0;4;2;1;4;0;0;1;1;0;0;0;1;0;0;1;0;0;2;0;0;2;0;0;0;1;0;0;3;0;0;0;0;0;1
;;5;van der Velden, S.H.J.;148;4;3;1;2;6;2;1;0;3;2;3;0;0;0;1;2;2;0;11;5;2;5;2;5;7;8;4;5;12;3;1;1;1;3;1;0;0;1;1;0;0;0;2;0;1;0;0;0;3;2;0;0;0;1;3;0;0;0;1;0;3;0;2;1;9;0;0;0;4;0;4;2
;;6;Beukema, M.;118;4;4;5;1;3;1;1;4;5;9;7;3;2;5;5;1;0;2;2;0;2;0;0;1;0;0;1;0;3;3;0;0;0;6;4;1;1;2;1;1;1;3;1;1;0;3;0;0;4;0;0;0;2;0;0;1;0;0;1;0;2;3;0;0;0;0;0;0;2;2;0;2
;;7;Acar, E.;134;5;3;3;0;0;2;1;2;1;0;2;3;1;1;11;13;4;0;0;3;1;3;2;6;2;0;2;0;0;0;36;1;0;1;2;3;2;2;1;2;0;5;0;1;0;0;0;0;0;1;0;0;1;0;0;1;0;0;0;0;0;1;1;0;0;0;0;0;0;1;1;0
;;8;Janssen, S.D.R.;70;1;1;3;1;3;1;5;2;1;1;4;3;0;2;1;0;1;4;2;4;0;4;0;0;0;0;0;0;0;0;0;0;0;0;3;2;0;2;1;1;0;3;3;0;0;0;0;0;1;2;0;0;0;0;0;0;2;0;0;0;0;2;1;0;1;0;1;0;0;0;0;1
;;9;Sanders, T.W.C.;28;2;1;0;0;1;1;1;0;0;3;3;0;2;1;0;0;0;0;0;0;0;0;0;1;1;0;0;0;2;0;0;1;0;0;0;0;2;0;0;1;0;0;0;0;0;1;0;0;1;0;0;0;0;0;0;0;0;0;1;0;0;0;1;0;0;0;0;0;0;0;1;0
;;10;Aerdts, F.J.H.M.;105;0;7;1;1;1;0;3;3;4;2;3;2;0;3;22;5;6;0;0;4;2;0;2;2;1;0;1;1;3;0;0;2;2;1;2;0;2;0;3;0;0;0;1;0;0;0;0;0;0;2;0;0;1;0;0;1;0;0;0;0;1;1;0;0;0;1;0;0;0;0;5;1
;;11;Berden, F.T.A.;41;1;0;1;0;1;0;0;0;1;0;0;0;1;1;1;1;1;1;1;0;0;3;0;3;7;1;4;0;2;2;1;1;0;0;0;0;0;0;0;0;0;0;0;0;1;0;0;0;1;0;0;0;1;0;0;0;0;0;0;0;2;0;0;1;0;0;0;0;0;0;0;0
;;12;van Leipsig, J.;16;0;1;1;0;1;0;0;0;1;1;0;0;0;0;0;0;0;0;1;0;1;0;0;0;0;0;0;0;0;0;0;0;1;0;0;0;0;0;0;0;0;0;0;1;0;0;0;0;0;1;0;0;1;0;0;0;0;0;0;0;0;2;1;1;0;0;0;0;0;0;1;0
;;13;Kusters, J.G.;30;0;0;0;0;0;0;0;0;0;0;0;0;0;0;0;0;0;1;0;0;0;0;0;0;0;1;1;0;0;1;0;1;2;5;2;1;0;5;1;3;1;0;0;0;0;0;0;0;1;0;0;0;0;0;0;2;0;0;0;0;0;0;0;1;0;0;0;0;0;0;0;1
;;14;van de Sandt, V.M.L.;10;0;1;0;0;0;0;2;0;0;0;0;3;0;1;0;0;1;0;0;0;0;0;0;0;0;0;0;0;0;0;0;1;0;0;0;0;0;0;0;0;0;0;0;0;1;0;0;0;0;0;0;0;0;0;0;0;0;0;0;0;0;0;0;0;0;0;0;0;0;0;0;0
;;15;Haanen, P.L.P.;7;0;0;1;0;1;0;0;0;1;0;0;0;0;0;0;0;0;0;0;0;0;0;0;0;0;0;0;0;1;0;0;0;0;0;0;0;0;0;0;0;0;0;0;1;0;0;0;0;0;0;0;0;0;0;0;0;0;0;0;0;0;2;0;0;0;0;0;0;0;0;0;0
;;16;Stoffels, J.A.G.;22;1;0;0;0;0;0;0;0;0;0;0;0;0;0;0;0;0;0;0;0;0;0;0;0;0;0;0;0;0;0;0;0;1;1;1;0;7;0;0;0;0;1;0;0;2;0;0;0;0;0;0;0;2;0;0;2;0;0;0;0;0;0;0;0;0;3;0;0;0;0;0;1
;;17;Klerken-van der Broek, I.C.;28;1;0;1;1;0;0;0;2;0;2;2;1;2;0;0;1;0;0;0;0;0;0;0;1;0;0;0;0;4;0;0;0;0;0;1;1;0;0;0;0;0;1;0;0;2;0;0;0;0;2;0;0;0;0;0;0;0;0;0;0;0;0;0;0;0;1;1;0;0;0;0;1
;;18;Kallen, M.H.W.;19;0;1;1;0;0;0;0;0;0;0;0;0;0;0;0;0;0;0;0;0;0;0;0;0;0;1;0;0;0;0;2;1;1;0;0;0;2;0;0;1;1;0;0;1;0;0;0;0;0;0;0;0;2;0;0;0;0;0;0;0;1;0;2;0;1;0;0;0;0;0;0;1
;;19;Aerts, F.H.T.M.;48;1;1;1;0;0;0;1;2;5;0;2;1;0;1;9;0;0;1;0;1;0;0;0;0;0;0;3;0;1;0;1;0;0;0;0;0;2;0;0;0;1;1;0;1;1;0;0;0;2;0;0;0;0;0;0;0;0;0;2;0;1;0;0;0;0;1;0;0;2;0;0;3
9;VSP (Venlose Senioren Partij);;;3554;72;49;83;48;94;69;75;72;97;49;104;92;94;62;54;103;73;84;76;62;42;57;44;70;53;90;125;78;44;30;94;34;50;38;42;72;37;47;40;42;43;38;7;11;12;18;11;34;32;4;4;5;33;53;32;22;5;5;19;12;52;89;47;62;26;47;4;11;20;13;61;81
;;1;Peeters, G.P.L.;1833;41;34;45;29;65;19;49;39;57;36;62;65;61;44;29;48;46;53;35;36;23;15;14;22;27;46;56;33;28;24;24;23;14;15;24;27;13;11;15;23;20;14;6;3;6;15;4;22;22;3;1;5;24;10;13;10;4;1;12;10;19;53;32;13;14;14;3;2;9;10;39;50
;;2;Weijmans, W.;143;0;1;3;1;0;2;1;4;0;0;3;4;1;1;4;2;3;2;5;5;3;0;7;3;4;9;8;8;2;0;2;0;1;0;0;0;6;0;3;0;0;0;0;0;1;0;0;2;1;1;3;0;2;6;3;0;1;0;2;0;5;0;0;6;2;2;0;0;2;0;4;2
;;3;Kuijs-Coopmans, V.M.C.;242;4;2;6;4;6;0;3;6;4;5;5;8;2;4;3;10;8;6;9;8;5;6;7;4;6;10;13;5;7;1;1;0;0;0;0;8;5;5;1;1;2;0;1;1;1;0;0;4;2;0;0;0;3;3;3;3;0;0;1;2;5;2;6;2;2;0;0;2;1;1;5;2
;;4;Vervoort, G.A.J.;251;0;1;1;0;0;3;2;0;2;0;4;0;1;0;2;1;2;1;2;0;1;0;1;0;0;0;1;0;2;3;0;1;29;19;11;30;11;26;17;14;14;15;0;3;0;0;0;1;1;0;0;0;0;0;0;7;0;0;1;0;3;0;0;0;0;16;0;0;0;0;1;1
;;5;de Jong, M.;174;9;4;13;6;8;16;2;7;4;1;5;3;10;3;3;19;5;11;0;1;0;0;0;1;5;5;2;0;2;0;1;5;0;0;4;2;0;1;0;2;2;1;0;0;0;0;0;0;0;0;0;0;0;0;1;0;0;0;0;0;0;2;2;2;0;0;0;0;0;1;0;3
;;6;Hoogers, H.M.;62;1;2;0;0;2;1;1;1;2;1;2;0;1;0;0;0;0;1;3;0;0;1;0;0;1;0;5;17;0;0;0;0;1;0;0;3;0;0;1;0;1;2;0;0;0;0;0;0;1;0;0;0;0;0;2;0;0;0;0;0;2;0;1;0;1;2;1;0;2;0;0;0
;;7;Driessen, C.J.J.M.;93;11;3;0;0;1;3;2;2;4;0;2;1;1;0;1;1;3;0;8;7;3;0;6;3;3;3;2;2;1;0;0;0;2;1;0;0;0;0;0;0;0;1;0;0;1;0;0;0;1;0;0;0;0;0;0;0;0;0;1;0;0;1;1;1;1;2;0;0;0;0;6;1
;;8;Hermans, W.E.G.M.;66;0;0;2;1;3;0;1;3;12;2;6;2;0;1;1;3;0;5;1;0;2;0;0;2;0;0;0;0;0;0;0;2;1;0;0;0;0;0;0;0;0;1;0;0;0;0;0;0;1;0;0;0;0;2;0;0;0;0;0;0;0;2;1;0;0;0;0;0;1;0;2;6
;;9;van Boekhold, J.C.P.;53;0;0;0;0;0;2;3;2;6;0;3;1;0;1;1;2;1;0;2;1;0;0;0;1;0;2;1;3;0;0;0;0;2;2;2;0;0;0;1;1;1;0;0;2;2;0;0;0;0;0;0;0;1;0;2;0;0;0;0;0;0;0;1;0;2;0;0;0;1;0;0;1
;;10;Linssen, J.L.P.;64;0;0;0;0;1;0;5;0;1;0;0;2;0;2;0;2;0;4;0;0;0;0;3;2;1;0;0;0;2;0;0;0;0;0;0;0;0;0;0;0;0;0;0;0;0;1;7;5;2;0;0;0;3;1;0;0;0;4;2;0;0;0;0;2;1;0;0;7;1;0;0;3
;;11;Boermans, L.M.M.;51;2;0;2;0;2;0;3;4;4;2;6;0;3;3;4;2;1;0;2;0;0;0;0;0;0;0;1;0;0;0;0;0;0;0;0;0;0;0;0;0;0;1;0;0;0;0;0;0;0;0;0;0;0;0;0;0;0;0;0;0;0;2;3;0;0;1;0;0;0;1;0;2
;;12;Ooms, C.;75;4;1;3;2;3;3;0;3;1;2;6;3;0;0;1;1;1;0;4;0;3;0;0;0;1;0;4;3;0;2;2;0;0;0;1;0;0;0;0;0;0;0;0;0;1;2;0;0;1;0;0;0;0;0;1;0;0;0;0;0;3;3;0;2;0;0;0;0;2;0;3;3
;;13;Oruç, A.;447;0;1;8;5;3;20;3;1;0;0;0;3;14;3;5;12;3;1;5;4;2;35;6;32;5;15;32;7;0;0;64;3;0;1;0;2;2;4;2;1;3;3;0;2;0;0;0;0;0;0;0;0;0;31;7;2;0;0;0;0;15;24;0;34;3;10;0;0;1;0;1;7
10;Forum voor Democratie;;;1029;17;21;22;18;24;29;12;19;20;11;20;36;18;29;18;21;13;5;25;27;21;23;15;21;19;43;40;25;23;6;9;12;6;13;16;30;31;10;21;19;20;8;12;10;13;26;23;20;26;8;0;0;3;2;0;2;0;0;1;2;4;4;7;0;0;8;1;2;4;2;6;7
;;1;Heuvelmans, L.C.;746;9;18;18;11;13;17;11;16;17;10;17;31;11;22;14;18;9;4;14;15;16;17;14;14;12;33;29;15;19;5;8;3;2;10;9;18;23;5;16;12;12;4;9;8;10;20;18;18;24;6;0;0;3;0;0;2;0;0;1;0;4;4;5;0;0;6;0;2;2;1;6;6
;;2;Laureys, R.;79;0;0;0;0;0;1;0;3;0;0;0;3;3;2;0;1;1;1;7;6;5;1;1;4;5;6;7;7;1;0;0;2;1;0;0;3;0;0;0;0;0;0;2;0;0;0;1;1;0;1;0;0;0;1;0;0;0;0;0;1;0;0;0;0;0;0;1;0;0;0;0;0
;;3;Pennings, L.J.G.;82;1;1;2;2;1;0;0;0;0;0;0;0;1;4;0;0;0;0;3;3;0;3;0;0;0;0;2;2;1;0;0;3;3;3;7;9;6;3;3;6;2;3;0;2;2;0;1;1;0;0;0;0;0;0;0;0;0;0;0;0;0;0;1;0;0;1;0;0;0;0;0;0
;;4;Smeets, N.M.J.M.;33;2;0;1;0;2;2;0;0;3;1;1;1;1;1;1;1;1;0;0;0;0;0;0;1;0;1;1;0;1;0;0;0;0;0;0;0;1;1;0;0;0;0;1;0;1;1;1;0;1;0;0;0;0;1;0;0;0;0;0;0;0;0;0;0;0;0;0;0;2;1;0;0
;;5;van Horick, L.;35;2;0;0;4;3;5;1;0;0;0;1;1;1;0;0;1;0;0;1;0;0;2;0;1;2;0;1;1;0;0;0;2;0;0;0;0;1;0;1;0;0;1;0;0;0;1;1;0;0;0;0;0;0;0;0;0;0;0;0;0;0;0;0;0;0;1;0;0;0;0;0;0
;;6;Lotfy, A.R.A.R.;6;1;0;0;0;0;0;0;0;0;0;1;0;1;0;0;0;0;0;0;1;0;0;0;0;0;0;0;0;0;0;0;0;0;0;0;0;0;1;0;0;0;0;0;0;0;0;0;0;0;0;0;0;0;0;0;0;0;0;0;1;0;0;0;0;0;0;0;0;0;0;0;0
;;7;Vergoossen, J.G.P.;3;0;0;0;0;0;0;0;0;0;0;0;0;0;0;2;0;0;0;0;0;0;0;0;0;0;0;0;0;0;0;0;0;0;0;0;0;0;0;0;0;0;0;0;0;0;1;0;0;0;0;0;0;0;0;0;0;0;0;0;0;0;0;0;0;0;0;0;0;0;0;0;0
;;8;Konietzka, R.E.G.R.M.;1;0;0;0;0;0;0;0;0;0;0;0;0;0;0;0;0;0;0;0;0;0;0;0;0;0;1;0;0;0;0;0;0;0;0;0;0;0;0;0;0;0;0;0;0;0;0;0;0;0;0;0;0;0;0;0;0;0;0;0;0;0;0;0;0;0;0;0;0;0;0;0;0
;;9;Beekwilder, B.;0;0;0;0;0;0;0;0;0;0;0;0;0;0;0;0;0;0;0;0;0;0;0;0;0;0;0;0;0;0;0;0;0;0;0;0;0;0;0;0;0;0;0;0;0;0;0;0;0;0;0;0;0;0;0;0;0;0;0;0;0;0;0;0;0;0;0;0;0;0;0;0;0
;;10;Kerseboom, S.;44;2;2;1;1;5;4;0;0;0;0;0;0;0;0;1;0;2;0;0;2;0;0;0;1;0;2;0;0;1;1;1;2;0;0;0;0;0;0;1;1;6;0;0;0;0;3;1;0;1;1;0;0;0;0;0;0;0;0;0;0;0;0;1;0;0;0;0;0;0;0;0;1
11;DENK;;;947;6;8;15;25;2;36;7;4;2;5;3;15;27;6;8;50;10;3;2;0;20;39;19;61;37;26;75;4;0;0;136;6;14;13;17;5;20;75;9;16;16;12;4;7;8;1;0;0;7;5;1;0;8;6;0;6;0;0;0;0;11;1;3;15;0;0;2;0;1;1;0;6
;;1;Özçelik, S.;507;2;6;11;13;1;13;6;0;1;3;0;9;6;0;6;28;8;0;1;0;7;29;4;36;28;10;43;1;0;0;103;4;13;6;10;5;6;11;4;8;13;9;2;2;4;1;0;0;3;1;1;0;7;1;0;4;0;0;0;0;2;1;2;10;0;0;0;0;0;0;0;2
;;2;Humet, E.;82;0;0;0;1;0;3;0;3;0;0;0;0;0;0;2;3;0;1;0;0;0;3;8;8;3;5;8;0;0;0;23;0;0;0;0;0;2;2;0;0;1;0;0;0;0;0;0;0;0;0;0;0;0;2;0;2;0;0;0;0;2;0;0;0;0;0;0;0;0;0;0;0
;;3;Fannach, S.;196;0;0;3;4;0;9;0;0;0;2;2;0;4;0;0;11;1;0;0;0;9;5;2;4;3;9;11;0;0;0;7;2;1;4;6;0;9;57;3;5;2;3;2;5;2;0;0;0;0;1;0;0;0;3;0;0;0;0;0;0;0;0;1;1;0;0;0;0;0;1;0;2
;;4;Yilmaz-Ilica, H.;112;4;1;1;3;1;10;0;1;0;0;1;6;14;6;0;2;1;2;1;0;4;1;5;7;3;1;10;2;0;0;1;0;0;3;1;0;0;1;0;3;0;0;0;0;2;0;0;0;3;2;0;0;1;0;0;0;0;0;0;0;3;0;0;4;0;0;0;0;1;0;0;0
;;5;Göktaş, İ.;17;0;0;0;0;0;1;0;0;0;0;0;0;0;0;0;0;0;0;0;0;0;0;0;2;0;1;1;1;0;0;1;0;0;0;0;0;2;2;2;0;0;0;0;0;0;0;0;0;0;0;0;0;0;0;0;0;0;0;0;0;2;0;0;0;0;0;0;0;0;0;0;2
;;6;Dal, Y.;33;0;1;0;4;0;0;1;0;1;0;0;0;3;0;0;6;0;0;0;0;0;1;0;4;0;0;2;0;0;0;1;0;0;0;0;0;1;2;0;0;0;0;0;0;0;0;0;0;1;1;0;0;0;0;0;0;0;0;0;0;2;0;0;0;0;0;2;0;0;0;0;0
